EnrollmentID,StudentID,CourseID,EnrollmentDate,CompletionPercentage,Completed,Progress
E00001,S0001,C012,6/23/2023,18,No,Completed
E00002,S0001,C039,7/3/2024,27,No,In Progress
E00003,S0002,C016,12/2/2023,96,Yes,Completed
E00004,S0002,C002,1/12/2024,89,Yes,Completed
E00005,S0002,C024,10/5/2024,61,No,Not Started
E00006,S0002,C003,11/1/2024,14,No,In Progress
E00007,S0002,C026,6/22/2023,3,No,Not Started
E00008,S0003,C020,5/13/2025,55,No,In Progress
E00009,S0003,C001,7/14/2023,64,No,Not Started
E00010,S0003,C026,7/14/2023,32,No,Not Started
E00011,S0003,C024,1/10/2023,62,No,In Progress
E00012,S0004,C016,12/22/2024,37,No,Completed
E00013,S0004,C022,6/11/2025,41,No,Completed
E00014,S0004,C034,8/31/2023,19,No,Not Started
E00015,S0004,C017,7/8/2023,58,No,Not Started
E00016,S0005,C002,8/18/2024,30,No,In Progress
E00017,S0005,C032,5/14/2024,96,Yes,Completed
E00018,S0005,C013,5/14/2023,34,No,Not Started
E00019,S0005,C024,11/19/2023,34,No,Not Started
E00020,S0006,C013,9/11/2023,83,Yes,Completed
E00021,S0006,C007,8/11/2024,18,No,In Progress
E00022,S0006,C011,10/4/2024,9,No,Completed
E00023,S0007,C037,2/22/2023,32,No,Not Started
E00024,S0007,C032,9/9/2024,27,No,In Progress
E00025,S0007,C023,5/29/2024,44,No,Not Started
E00026,S0007,C022,4/28/2024,79,No,Not Started
E00027,S0007,C020,6/5/2024,46,No,In Progress
E00028,S0008,C015,2/1/2025,22,No,In Progress
E00029,S0008,C031,4/4/2023,73,No,Not Started
E00030,S0008,C032,2/1/2023,5,No,Not Started
E00031,S0008,C009,6/27/2023,56,No,Completed
E00032,S0009,C035,7/26/2023,24,No,In Progress
E00033,S0009,C016,10/21/2024,69,No,In Progress
E00034,S0009,C017,4/26/2024,75,No,Completed
E00035,S0009,C012,8/14/2024,9,No,Completed
E00036,S0009,C009,6/17/2024,90,Yes,Completed
E00037,S0010,C019,4/15/2023,4,No,Completed
E00038,S0010,C022,12/15/2023,81,Yes,Completed
E00039,S0010,C005,4/16/2023,11,No,Not Started
E00040,S0010,C009,6/5/2023,91,Yes,Completed
E00041,S0010,C039,10/9/2024,59,No,In Progress
E00042,S0011,C034,7/8/2023,77,No,Completed
E00043,S0011,C007,4/25/2025,90,Yes,Completed
E00044,S0011,C029,2/2/2025,77,No,In Progress
E00045,S0011,C026,9/17/2023,54,No,In Progress
E00046,S0011,C040,1/13/2023,79,No,Not Started
E00047,S0012,C019,11/21/2023,66,No,In Progress
E00048,S0012,C036,11/21/2024,55,No,Not Started
E00049,S0013,C026,7/18/2024,75,No,Completed
E00050,S0013,C029,5/30/2023,65,No,Not Started
E00051,S0013,C040,3/12/2025,17,No,In Progress
E00052,S0013,C007,9/22/2024,17,No,Not Started
E00053,S0014,C004,2/11/2023,89,Yes,Completed
E00054,S0014,C007,1/26/2024,55,No,Not Started
E00055,S0014,C027,9/22/2024,1,No,In Progress
E00056,S0015,C039,1/17/2023,85,Yes,Completed
E00057,S0015,C033,1/5/2024,17,No,Completed
E00058,S0015,C028,6/15/2025,56,No,Completed
E00059,S0016,C040,11/14/2024,93,Yes,Completed
E00060,S0016,C039,4/20/2025,84,Yes,Completed
E00061,S0016,C017,4/13/2024,40,No,Not Started
E00062,S0016,C004,3/18/2025,89,Yes,Completed
E00063,S0017,C027,1/29/2024,89,Yes,Completed
E00064,S0017,C025,2/10/2024,95,Yes,Completed
E00065,S0017,C008,1/23/2024,84,Yes,Completed
E00066,S0017,C032,2/6/2024,8,No,Not Started
E00067,S0018,C038,4/21/2025,0,No,In Progress
E00068,S0018,C032,3/2/2024,87,Yes,Completed
E00069,S0019,C003,10/1/2023,79,No,Not Started
E00070,S0019,C026,9/26/2024,24,No,Completed
E00071,S0020,C001,3/31/2025,58,No,In Progress
E00072,S0020,C040,6/30/2023,14,No,In Progress
E00073,S0020,C015,12/31/2024,63,No,Not Started
E00074,S0021,C040,6/26/2024,10,No,Completed
E00075,S0021,C005,3/27/2024,68,No,Completed
E00076,S0021,C001,9/25/2024,66,No,Completed
E00077,S0021,C030,1/7/2023,91,Yes,Completed
E00078,S0021,C029,12/5/2024,37,No,In Progress
E00079,S0022,C034,6/14/2025,5,No,In Progress
E00080,S0022,C019,5/21/2023,86,Yes,Completed
E00081,S0022,C037,2/27/2024,61,No,In Progress
E00082,S0022,C008,2/11/2024,48,No,Completed
E00083,S0023,C011,5/4/2024,68,No,In Progress
E00084,S0023,C030,3/10/2023,33,No,In Progress
E00085,S0024,C009,4/13/2025,54,No,In Progress
E00086,S0024,C008,7/8/2023,66,No,Completed
E00087,S0024,C033,5/15/2024,21,No,In Progress
E00088,S0024,C038,2/19/2025,3,No,Not Started
E00089,S0024,C034,3/21/2025,26,No,Not Started
E00090,S0025,C026,2/22/2024,51,No,In Progress
E00091,S0025,C034,9/1/2024,39,No,In Progress
E00092,S0025,C038,11/13/2024,67,No,In Progress
E00093,S0026,C023,10/3/2023,78,No,In Progress
E00094,S0026,C020,9/14/2023,5,No,In Progress
E00095,S0026,C012,6/2/2023,14,No,Completed
E00096,S0027,C019,8/20/2023,5,No,Completed
E00097,S0027,C023,12/25/2024,46,No,Completed
E00098,S0028,C021,4/19/2024,79,No,Completed
E00099,S0028,C007,6/14/2023,49,No,In Progress
E00100,S0028,C013,10/14/2024,41,No,In Progress
E00101,S0028,C022,11/2/2023,97,Yes,Completed
E00102,S0029,C005,10/15/2023,39,No,Completed
E00103,S0029,C003,6/4/2023,81,Yes,Completed
E00104,S0030,C013,1/17/2025,49,No,Completed
E00105,S0030,C002,9/1/2024,50,No,Not Started
E00106,S0031,C012,2/4/2025,18,No,Completed
E00107,S0031,C029,12/12/2024,66,No,Not Started
E00108,S0031,C009,9/17/2024,68,No,Not Started
E00109,S0031,C037,11/14/2023,60,No,Completed
E00110,S0031,C001,10/26/2023,22,No,Not Started
E00111,S0032,C003,9/9/2023,36,No,Not Started
E00112,S0032,C002,5/18/2023,7,No,In Progress
E00113,S0032,C018,8/19/2023,45,No,Completed
E00114,S0033,C027,11/1/2023,11,No,Not Started
E00115,S0033,C020,9/3/2023,31,No,In Progress
E00116,S0034,C022,11/17/2024,16,No,In Progress
E00117,S0034,C013,4/26/2023,37,No,In Progress
E00118,S0034,C030,3/21/2024,86,Yes,Completed
E00119,S0035,C021,11/18/2023,92,Yes,Completed
E00120,S0035,C039,2/26/2023,17,No,In Progress
E00121,S0035,C001,12/29/2024,51,No,In Progress
E00122,S0035,C009,3/18/2023,83,Yes,Completed
E00123,S0035,C032,1/19/2024,66,No,In Progress
E00124,S0036,C015,3/11/2025,94,Yes,Completed
E00125,S0036,C007,2/10/2024,100,Yes,Completed
E00126,S0036,C006,4/26/2025,82,Yes,Completed
E00127,S0036,C033,4/18/2025,25,No,Not Started
E00128,S0036,C004,2/22/2025,64,No,In Progress
E00129,S0037,C030,3/1/2024,87,Yes,Completed
E00130,S0037,C002,12/10/2023,29,No,Completed
E00131,S0037,C037,12/1/2024,30,No,Completed
E00132,S0038,C040,3/27/2023,58,No,Not Started
E00133,S0038,C002,3/4/2024,27,No,Completed
E00134,S0039,C010,5/14/2025,88,Yes,Completed
E00135,S0039,C004,3/28/2023,66,No,In Progress
E00136,S0039,C014,6/27/2024,39,No,Completed
E00137,S0040,C002,9/3/2023,31,No,Not Started
E00138,S0040,C003,2/19/2025,62,No,Not Started
E00139,S0040,C036,1/12/2023,48,No,In Progress
E00140,S0041,C037,12/6/2024,72,No,Not Started
E00141,S0041,C032,12/31/2023,59,No,In Progress
E00142,S0041,C024,3/8/2023,73,No,In Progress
E00143,S0041,C018,6/11/2025,65,No,Not Started
E00144,S0042,C038,6/9/2025,16,No,Not Started
E00145,S0042,C040,2/23/2025,25,No,Not Started
E00146,S0042,C013,9/20/2023,20,No,Completed
E00147,S0043,C015,7/12/2023,97,Yes,Completed
E00148,S0043,C025,8/4/2024,81,Yes,Completed
E00149,S0043,C006,4/4/2025,13,No,Completed
E00150,S0044,C013,3/25/2025,98,Yes,Completed
E00151,S0044,C030,10/22/2024,25,No,In Progress
E00152,S0044,C024,1/31/2025,52,No,Not Started
E00153,S0044,C032,8/3/2023,16,No,In Progress
E00154,S0044,C019,12/28/2024,55,No,Completed
E00155,S0045,C001,3/20/2025,83,Yes,Completed
E00156,S0045,C034,2/13/2023,84,Yes,Completed
E00157,S0045,C027,12/8/2023,2,No,Completed
E00158,S0045,C014,1/23/2025,82,Yes,Completed
E00159,S0045,C025,10/20/2024,97,Yes,Completed
E00160,S0046,C025,2/10/2024,48,No,Not Started
E00161,S0046,C019,6/22/2023,53,No,Not Started
E00162,S0046,C040,5/10/2024,100,Yes,Completed
E00163,S0046,C001,4/29/2024,57,No,Completed
E00164,S0046,C007,8/31/2023,4,No,Completed
E00165,S0047,C030,9/12/2023,94,Yes,Completed
E00166,S0047,C004,1/24/2023,34,No,Completed
E00167,S0048,C017,7/17/2024,53,No,Not Started
E00168,S0048,C010,9/29/2024,21,No,In Progress
E00169,S0048,C031,5/1/2023,35,No,Completed
E00170,S0048,C025,12/1/2024,65,No,Completed
E00171,S0049,C005,9/27/2024,91,Yes,Completed
E00172,S0049,C007,12/15/2024,51,No,In Progress
E00173,S0050,C023,5/10/2025,96,Yes,Completed
E00174,S0050,C033,4/10/2025,77,No,Not Started
E00175,S0050,C039,1/30/2024,15,No,Completed
E00176,S0050,C040,7/4/2024,86,Yes,Completed
E00177,S0051,C022,11/5/2023,71,No,In Progress
E00178,S0051,C013,6/18/2024,32,No,Completed
E00179,S0051,C016,3/8/2024,52,No,Not Started
E00180,S0051,C024,8/9/2023,40,No,In Progress
E00181,S0052,C032,8/29/2024,71,No,Not Started
E00182,S0052,C015,1/7/2025,1,No,In Progress
E00183,S0052,C016,3/24/2024,81,Yes,Completed
E00184,S0052,C011,1/19/2023,63,No,Not Started
E00185,S0052,C014,6/12/2023,46,No,In Progress
E00186,S0053,C028,5/1/2023,98,Yes,Completed
E00187,S0053,C010,1/7/2023,0,No,Completed
E00188,S0054,C017,10/11/2023,10,No,Not Started
E00189,S0054,C013,5/14/2024,50,No,In Progress
E00190,S0055,C005,1/14/2025,46,No,Not Started
E00191,S0055,C011,12/6/2023,37,No,Completed
E00192,S0055,C021,5/2/2024,32,No,Completed
E00193,S0056,C010,8/30/2023,76,No,In Progress
E00194,S0056,C017,4/3/2025,98,Yes,Completed
E00195,S0056,C003,11/18/2024,87,Yes,Completed
E00196,S0057,C021,1/10/2024,3,No,In Progress
E00197,S0057,C039,2/10/2024,59,No,In Progress
E00198,S0057,C020,7/29/2023,57,No,In Progress
E00199,S0057,C016,10/7/2023,27,No,Not Started
E00200,S0057,C025,2/2/2025,2,No,Completed
E00201,S0058,C005,5/22/2023,83,Yes,Completed
E00202,S0058,C002,9/7/2023,98,Yes,Completed
E00203,S0058,C035,12/15/2024,72,No,In Progress
E00204,S0059,C022,1/29/2025,55,No,In Progress
E00205,S0059,C008,7/21/2023,75,No,Completed
E00206,S0059,C026,7/25/2024,76,No,In Progress
E00207,S0060,C001,7/10/2024,14,No,In Progress
E00208,S0060,C019,2/1/2024,0,No,Completed
E00209,S0060,C016,6/29/2023,62,No,In Progress
E00210,S0060,C033,2/8/2024,89,Yes,Completed
E00211,S0061,C017,1/24/2024,55,No,Completed
E00212,S0061,C036,5/17/2023,79,No,Not Started
E00213,S0061,C019,6/26/2024,18,No,Completed
E00214,S0062,C039,3/19/2024,20,No,In Progress
E00215,S0062,C022,7/6/2023,39,No,In Progress
E00216,S0062,C009,4/16/2023,100,Yes,Completed
E00217,S0062,C019,1/1/2024,68,No,In Progress
E00218,S0062,C031,2/9/2024,90,Yes,Completed
E00219,S0063,C024,10/29/2024,7,No,Completed
E00220,S0063,C027,2/15/2024,41,No,Completed
E00221,S0063,C023,5/8/2025,6,No,In Progress
E00222,S0063,C020,3/24/2025,41,No,In Progress
E00223,S0063,C010,5/12/2024,89,Yes,Completed
E00224,S0064,C008,5/30/2024,69,No,Completed
E00225,S0064,C035,4/7/2024,95,Yes,Completed
E00226,S0065,C022,5/6/2023,20,No,Completed
E00227,S0065,C010,2/15/2024,55,No,Not Started
E00228,S0065,C026,4/17/2024,73,No,In Progress
E00229,S0066,C007,3/12/2025,20,No,Not Started
E00230,S0066,C015,11/5/2024,1,No,In Progress
E00231,S0066,C020,5/10/2023,99,Yes,Completed
E00232,S0067,C012,3/9/2023,78,No,Not Started
E00233,S0067,C029,2/20/2024,82,Yes,Completed
E00234,S0067,C025,5/5/2025,52,No,In Progress
E00235,S0067,C023,1/31/2025,73,No,Not Started
E00236,S0068,C037,11/16/2023,73,No,Not Started
E00237,S0068,C034,1/20/2023,98,Yes,Completed
E00238,S0068,C031,5/30/2023,45,No,In Progress
E00239,S0068,C019,6/1/2024,11,No,Not Started
E00240,S0068,C003,1/14/2024,71,No,Not Started
E00241,S0069,C023,2/1/2023,99,Yes,Completed
E00242,S0069,C037,7/14/2024,29,No,In Progress
E00243,S0070,C018,8/2/2023,28,No,Completed
E00244,S0070,C002,8/30/2024,22,No,Completed
E00245,S0070,C031,7/20/2023,18,No,In Progress
E00246,S0070,C029,12/22/2023,88,Yes,Completed
E00247,S0070,C005,11/9/2024,58,No,Completed
E00248,S0071,C030,4/25/2023,63,No,Not Started
E00249,S0071,C024,7/8/2023,84,Yes,Completed
E00250,S0071,C006,9/16/2023,31,No,Completed
E00251,S0072,C008,11/13/2024,42,No,In Progress
E00252,S0072,C029,10/27/2024,52,No,In Progress
E00253,S0072,C032,3/18/2025,13,No,Completed
E00254,S0072,C040,6/19/2023,96,Yes,Completed
E00255,S0073,C028,12/4/2023,18,No,Completed
E00256,S0073,C018,6/5/2023,60,No,Not Started
E00257,S0073,C010,1/6/2025,31,No,Completed
E00258,S0073,C004,4/6/2025,58,No,In Progress
E00259,S0074,C016,1/11/2024,88,Yes,Completed
E00260,S0074,C012,4/24/2023,38,No,Not Started
E00261,S0074,C033,9/11/2023,47,No,In Progress
E00262,S0075,C004,2/1/2025,27,No,In Progress
E00263,S0075,C008,9/26/2023,52,No,Not Started
E00264,S0075,C003,7/13/2023,89,Yes,Completed
E00265,S0075,C032,7/29/2024,32,No,Completed
E00266,S0075,C011,5/14/2023,14,No,Completed
E00267,S0076,C007,5/26/2025,16,No,Completed
E00268,S0076,C003,3/16/2025,13,No,Completed
E00269,S0076,C032,10/4/2024,1,No,Completed
E00270,S0076,C006,4/1/2023,57,No,Completed
E00271,S0077,C037,11/7/2023,50,No,In Progress
E00272,S0077,C003,3/31/2023,38,No,In Progress
E00273,S0077,C011,3/23/2024,49,No,In Progress
E00274,S0078,C040,7/29/2024,7,No,In Progress
E00275,S0078,C004,2/27/2024,36,No,Completed
E00276,S0078,C038,5/13/2024,58,No,In Progress
E00277,S0078,C001,8/21/2024,83,Yes,Completed
E00278,S0078,C011,2/28/2023,55,No,In Progress
E00279,S0079,C015,12/30/2023,93,Yes,Completed
E00280,S0079,C003,5/23/2024,91,Yes,Completed
E00281,S0079,C013,7/29/2024,6,No,In Progress
E00282,S0079,C033,5/4/2025,96,Yes,Completed
E00283,S0080,C008,6/28/2023,16,No,In Progress
E00284,S0080,C023,7/21/2024,65,No,Not Started
E00285,S0081,C011,3/2/2024,92,Yes,Completed
E00286,S0081,C040,9/26/2024,72,No,In Progress
E00287,S0081,C031,8/28/2024,25,No,Completed
E00288,S0081,C036,8/12/2023,33,No,In Progress
E00289,S0081,C016,2/9/2025,28,No,In Progress
E00290,S0082,C035,8/19/2023,18,No,In Progress
E00291,S0082,C017,8/15/2024,41,No,In Progress
E00292,S0083,C029,10/26/2023,95,Yes,Completed
E00293,S0083,C021,4/27/2023,76,No,Not Started
E00294,S0083,C032,3/19/2025,80,Yes,Completed
E00295,S0084,C001,3/10/2025,76,No,Completed
E00296,S0084,C017,3/12/2024,51,No,In Progress
E00297,S0084,C016,2/26/2023,36,No,In Progress
E00298,S0084,C026,4/21/2024,11,No,In Progress
E00299,S0085,C032,6/5/2025,26,No,Completed
E00300,S0085,C036,1/28/2024,50,No,Not Started
E00301,S0086,C010,10/15/2024,90,Yes,Completed
E00302,S0086,C002,11/10/2023,16,No,In Progress
E00303,S0087,C037,3/11/2025,9,No,Completed
E00304,S0087,C033,11/7/2024,23,No,Completed
E00305,S0087,C032,5/5/2024,13,No,Completed
E00306,S0087,C036,12/7/2024,14,No,Not Started
E00307,S0087,C015,10/16/2024,9,No,Completed
E00308,S0088,C030,3/17/2023,85,Yes,Completed
E00309,S0088,C011,3/2/2024,67,No,In Progress
E00310,S0088,C015,10/15/2023,83,Yes,Completed
E00311,S0088,C004,1/22/2025,22,No,Not Started
E00312,S0088,C010,11/23/2024,71,No,Completed
E00313,S0089,C004,11/15/2024,62,No,Completed
E00314,S0089,C002,3/10/2024,75,No,Completed
E00315,S0089,C021,8/24/2024,28,No,In Progress
E00316,S0089,C014,10/17/2024,25,No,In Progress
E00317,S0090,C024,8/8/2024,82,Yes,Completed
E00318,S0090,C015,11/23/2024,26,No,In Progress
E00319,S0090,C009,5/3/2023,3,No,Completed
E00320,S0090,C026,11/28/2023,33,No,Completed
E00321,S0090,C040,8/22/2024,17,No,Completed
E00322,S0091,C029,4/12/2023,92,Yes,Completed
E00323,S0091,C040,4/10/2025,62,No,In Progress
E00324,S0092,C030,11/11/2023,7,No,Not Started
E00325,S0092,C027,8/10/2023,2,No,In Progress
E00326,S0092,C038,5/6/2025,68,No,In Progress
E00327,S0092,C012,6/25/2024,87,Yes,Completed
E00328,S0092,C033,4/2/2023,60,No,Completed
E00329,S0093,C030,7/14/2023,88,Yes,Completed
E00330,S0093,C027,3/8/2024,70,No,In Progress
E00331,S0094,C025,6/2/2023,78,No,Completed
E00332,S0094,C015,7/4/2024,70,No,In Progress
E00333,S0094,C032,3/8/2024,61,No,In Progress
E00334,S0094,C034,3/7/2024,78,No,In Progress
E00335,S0094,C028,9/14/2024,76,No,Not Started
E00336,S0095,C023,5/8/2023,86,Yes,Completed
E00337,S0095,C011,5/3/2024,57,No,Completed
E00338,S0095,C025,3/27/2025,99,Yes,Completed
E00339,S0095,C007,12/2/2023,32,No,Not Started
E00340,S0095,C002,11/15/2023,42,No,In Progress
E00341,S0096,C013,4/10/2025,45,No,Completed
E00342,S0096,C009,7/13/2023,53,No,In Progress
E00343,S0096,C038,4/3/2024,98,Yes,Completed
E00344,S0096,C020,6/9/2025,63,No,Completed
E00345,S0096,C029,7/24/2023,84,Yes,Completed
E00346,S0097,C003,8/20/2024,16,No,In Progress
E00347,S0097,C016,10/13/2023,86,Yes,Completed
E00348,S0097,C015,6/14/2023,50,No,In Progress
E00349,S0097,C008,5/16/2024,32,No,Completed
E00350,S0097,C023,8/29/2023,58,No,In Progress
E00351,S0098,C011,7/20/2023,89,Yes,Completed
E00352,S0098,C003,1/23/2023,30,No,Not Started
E00353,S0098,C020,11/23/2024,65,No,In Progress
E00354,S0098,C026,4/2/2023,81,Yes,Completed
E00355,S0099,C020,2/24/2023,3,No,Completed
E00356,S0099,C019,12/17/2023,8,No,Completed
E00357,S0099,C030,10/3/2024,94,Yes,Completed
E00358,S0099,C008,2/1/2023,0,No,Not Started
E00359,S0099,C029,7/28/2023,34,No,In Progress
E00360,S0100,C018,1/20/2023,84,Yes,Completed
E00361,S0100,C024,8/22/2023,17,No,Not Started
E00362,S0100,C029,7/13/2023,72,No,Completed
E00363,S0101,C006,2/19/2024,85,Yes,Completed
E00364,S0101,C008,5/29/2025,65,No,In Progress
E00365,S0102,C021,11/16/2023,79,No,Not Started
E00366,S0102,C036,3/28/2023,63,No,Completed
E00367,S0103,C038,1/23/2025,79,No,Completed
E00368,S0103,C027,6/4/2025,74,No,In Progress
E00369,S0103,C017,8/24/2023,74,No,Not Started
E00370,S0103,C003,1/6/2025,43,No,In Progress
E00371,S0104,C031,12/5/2024,21,No,Completed
E00372,S0104,C024,10/1/2024,40,No,Not Started
E00373,S0104,C002,7/10/2024,99,Yes,Completed
E00374,S0105,C023,7/2/2023,51,No,In Progress
E00375,S0105,C035,8/4/2023,54,No,Completed
E00376,S0105,C013,10/19/2024,60,No,In Progress
E00377,S0106,C030,5/11/2024,66,No,In Progress
E00378,S0106,C018,7/1/2024,86,Yes,Completed
E00379,S0106,C017,2/7/2023,48,No,Completed
E00380,S0107,C012,8/16/2024,93,Yes,Completed
E00381,S0107,C035,5/7/2023,34,No,In Progress
E00382,S0107,C002,6/12/2024,40,No,Not Started
E00383,S0107,C009,4/7/2024,45,No,Completed
E00384,S0108,C024,8/29/2023,44,No,Completed
E00385,S0108,C034,5/14/2025,87,Yes,Completed
E00386,S0109,C013,8/17/2024,42,No,In Progress
E00387,S0109,C034,1/7/2025,31,No,In Progress
E00388,S0110,C036,10/28/2023,32,No,Completed
E00389,S0110,C005,5/30/2025,74,No,Completed
E00390,S0110,C024,11/29/2024,20,No,Completed
E00391,S0110,C011,6/17/2025,20,No,Not Started
E00392,S0110,C013,1/4/2025,27,No,Completed
E00393,S0111,C012,3/18/2023,82,Yes,Completed
E00394,S0111,C005,3/27/2023,57,No,Completed
E00395,S0112,C014,2/18/2025,45,No,Completed
E00396,S0112,C018,11/29/2023,59,No,Completed
E00397,S0112,C004,12/20/2023,38,No,Completed
E00398,S0112,C030,9/3/2024,45,No,Completed
E00399,S0113,C006,10/27/2023,58,No,Completed
E00400,S0113,C019,1/8/2023,16,No,Completed
E00401,S0113,C011,12/31/2023,1,No,Not Started
E00402,S0113,C010,3/3/2025,7,No,In Progress
E00403,S0113,C003,9/11/2024,29,No,In Progress
E00404,S0114,C038,3/19/2025,11,No,Not Started
E00405,S0114,C004,3/18/2024,94,Yes,Completed
E00406,S0114,C018,2/11/2023,73,No,Completed
E00407,S0114,C001,3/17/2025,9,No,In Progress
E00408,S0115,C017,2/3/2024,27,No,In Progress
E00409,S0115,C037,10/26/2023,16,No,In Progress
E00410,S0116,C011,10/16/2024,50,No,In Progress
E00411,S0116,C028,10/4/2024,85,Yes,Completed
E00412,S0116,C033,2/9/2023,93,Yes,Completed
E00413,S0116,C017,7/21/2024,67,No,Completed
E00414,S0117,C035,10/2/2023,1,No,Not Started
E00415,S0117,C004,3/30/2025,67,No,In Progress
E00416,S0117,C037,8/26/2023,34,No,In Progress
E00417,S0118,C015,1/13/2024,68,No,Completed
E00418,S0118,C023,5/2/2023,82,Yes,Completed
E00419,S0118,C005,5/11/2024,26,No,In Progress
E00420,S0118,C008,5/9/2024,80,Yes,Completed
E00421,S0118,C014,7/18/2024,65,No,In Progress
E00422,S0119,C005,5/20/2024,68,No,Completed
E00423,S0119,C003,3/24/2023,85,Yes,Completed
E00424,S0120,C037,1/23/2023,17,No,Completed
E00425,S0120,C034,1/16/2023,35,No,Completed
E00426,S0120,C020,9/23/2024,1,No,Completed
E00427,S0120,C029,4/17/2023,22,No,Completed
E00428,S0121,C020,4/28/2025,36,No,Not Started
E00429,S0121,C036,2/19/2025,21,No,Completed
E00430,S0121,C007,1/10/2023,99,Yes,Completed
E00431,S0121,C013,5/14/2025,91,Yes,Completed
E00432,S0122,C039,4/11/2023,83,Yes,Completed
E00433,S0122,C023,5/21/2024,74,No,Completed
E00434,S0122,C020,5/28/2023,2,No,In Progress
E00435,S0122,C027,12/13/2023,71,No,Completed
E00436,S0122,C004,7/14/2024,2,No,Not Started
E00437,S0123,C039,4/28/2023,12,No,Completed
E00438,S0123,C030,5/28/2025,100,Yes,Completed
E00439,S0124,C007,5/7/2024,46,No,Not Started
E00440,S0124,C024,11/25/2024,11,No,Not Started
E00441,S0125,C025,9/14/2023,42,No,Completed
E00442,S0125,C034,3/26/2025,31,No,Completed
E00443,S0125,C001,8/26/2023,43,No,Completed
E00444,S0126,C011,11/29/2023,7,No,Not Started
E00445,S0126,C030,4/29/2025,62,No,Not Started
E00446,S0126,C033,1/8/2024,21,No,Not Started
E00447,S0126,C032,1/9/2024,67,No,In Progress
E00448,S0126,C001,1/25/2024,21,No,Completed
E00449,S0127,C004,4/5/2024,44,No,Completed
E00450,S0127,C014,1/2/2023,31,No,Not Started
E00451,S0127,C024,3/15/2023,97,Yes,Completed
E00452,S0128,C010,5/28/2025,59,No,In Progress
E00453,S0128,C035,6/24/2024,13,No,In Progress
E00454,S0128,C032,4/13/2023,12,No,Not Started
E00455,S0129,C008,1/4/2023,91,Yes,Completed
E00456,S0129,C013,12/4/2024,78,No,Completed
E00457,S0129,C023,7/29/2023,86,Yes,Completed
E00458,S0130,C011,2/22/2023,31,No,Completed
E00459,S0130,C018,8/25/2024,57,No,Not Started
E00460,S0131,C017,7/28/2024,92,Yes,Completed
E00461,S0131,C004,1/6/2024,49,No,In Progress
E00462,S0131,C008,6/9/2023,43,No,Not Started
E00463,S0132,C038,8/28/2023,11,No,Not Started
E00464,S0132,C011,2/2/2023,62,No,Completed
E00465,S0132,C024,4/30/2025,11,No,Completed
E00466,S0132,C007,11/30/2024,48,No,In Progress
E00467,S0132,C034,6/30/2024,63,No,Completed
E00468,S0133,C024,5/7/2023,86,Yes,Completed
E00469,S0133,C032,2/7/2024,55,No,In Progress
E00470,S0134,C004,5/27/2024,66,No,Completed
E00471,S0134,C024,11/17/2024,11,No,In Progress
E00472,S0135,C024,5/24/2023,94,Yes,Completed
E00473,S0135,C036,7/28/2024,9,No,In Progress
E00474,S0135,C009,7/13/2023,63,No,In Progress
E00475,S0136,C007,12/7/2023,94,Yes,Completed
E00476,S0136,C004,4/29/2024,39,No,In Progress
E00477,S0136,C001,12/27/2024,77,No,Completed
E00478,S0136,C014,1/4/2024,68,No,In Progress
E00479,S0137,C030,5/10/2024,34,No,Completed
E00480,S0137,C037,9/20/2023,65,No,In Progress
E00481,S0137,C001,3/6/2024,30,No,Completed
E00482,S0137,C018,4/7/2023,15,No,Completed
E00483,S0138,C036,3/25/2023,88,Yes,Completed
E00484,S0138,C022,3/11/2025,81,Yes,Completed
E00485,S0139,C025,7/10/2024,15,No,In Progress
E00486,S0139,C032,1/15/2025,76,No,Not Started
E00487,S0139,C029,5/16/2023,79,No,Completed
E00488,S0139,C004,12/15/2023,85,Yes,Completed
E00489,S0140,C034,3/19/2024,50,No,Not Started
E00490,S0140,C003,10/22/2023,27,No,Completed
E00491,S0141,C038,1/29/2025,55,No,In Progress
E00492,S0141,C040,6/6/2024,84,Yes,Completed
E00493,S0141,C022,12/22/2023,63,No,In Progress
E00494,S0141,C024,12/10/2023,40,No,In Progress
E00495,S0141,C019,2/16/2023,71,No,In Progress
E00496,S0142,C020,11/14/2023,57,No,Not Started
E00497,S0142,C038,10/15/2024,40,No,Completed
E00498,S0142,C001,12/18/2024,77,No,Completed
E00499,S0142,C036,12/30/2024,66,No,Not Started
E00500,S0142,C011,10/31/2024,93,Yes,Completed
E00501,S0143,C017,4/19/2023,48,No,In Progress
E00502,S0143,C035,2/9/2024,20,No,Not Started
E00503,S0143,C037,2/13/2025,44,No,In Progress
E00504,S0144,C008,3/12/2025,23,No,Not Started
E00505,S0144,C032,1/16/2023,72,No,Not Started
E00506,S0144,C018,7/16/2024,58,No,Completed
E00507,S0144,C012,1/24/2024,86,Yes,Completed
E00508,S0145,C014,3/19/2024,69,No,In Progress
E00509,S0145,C008,9/10/2023,5,No,Completed
E00510,S0145,C031,1/10/2023,80,Yes,Completed
E00511,S0146,C007,2/28/2023,52,No,In Progress
E00512,S0146,C035,5/2/2023,48,No,In Progress
E00513,S0146,C011,7/6/2023,21,No,In Progress
E00514,S0147,C040,4/14/2023,60,No,Not Started
E00515,S0147,C037,1/19/2023,72,No,Completed
E00516,S0147,C008,10/1/2024,75,No,In Progress
E00517,S0147,C004,4/24/2024,14,No,Not Started
E00518,S0147,C032,1/16/2023,65,No,Not Started
E00519,S0148,C019,9/6/2024,0,No,In Progress
E00520,S0148,C023,5/17/2024,100,Yes,Completed
E00521,S0148,C021,12/23/2023,20,No,In Progress
E00522,S0148,C026,5/4/2024,11,No,Completed
E00523,S0148,C035,8/25/2023,20,No,In Progress
E00524,S0149,C032,4/23/2025,29,No,Not Started
E00525,S0149,C027,11/8/2023,66,No,Not Started
E00526,S0149,C010,1/9/2025,95,Yes,Completed
E00527,S0150,C015,1/19/2025,56,No,In Progress
E00528,S0150,C030,8/28/2024,50,No,Completed
E00529,S0150,C002,5/24/2023,93,Yes,Completed
E00530,S0151,C032,8/2/2023,30,No,Not Started
E00531,S0151,C029,3/25/2023,59,No,Completed
E00532,S0151,C017,9/4/2024,57,No,In Progress
E00533,S0152,C024,5/7/2024,27,No,Not Started
E00534,S0152,C038,3/17/2024,79,No,In Progress
E00535,S0152,C022,5/5/2024,1,No,Not Started
E00536,S0152,C020,10/8/2023,82,Yes,Completed
E00537,S0153,C033,6/28/2023,17,No,In Progress
E00538,S0153,C023,6/17/2023,75,No,In Progress
E00539,S0153,C005,1/24/2024,39,No,Completed
E00540,S0154,C038,9/21/2023,33,No,Not Started
E00541,S0154,C018,5/31/2023,14,No,Not Started
E00542,S0154,C008,7/24/2024,58,No,Not Started
E00543,S0155,C009,7/8/2023,23,No,Not Started
E00544,S0155,C035,4/27/2023,33,No,In Progress
E00545,S0156,C006,9/24/2024,56,No,Not Started
E00546,S0156,C029,4/24/2024,67,No,Not Started
E00547,S0157,C015,1/23/2025,46,No,Completed
E00548,S0157,C037,4/19/2024,29,No,Not Started
E00549,S0157,C033,12/8/2023,12,No,Completed
E00550,S0157,C029,3/17/2023,17,No,Completed
E00551,S0158,C019,3/5/2025,10,No,Not Started
E00552,S0158,C029,5/7/2025,81,Yes,Completed
E00553,S0158,C014,1/28/2024,43,No,Not Started
E00554,S0158,C024,11/2/2024,38,No,Not Started
E00555,S0159,C030,3/20/2023,83,Yes,Completed
E00556,S0159,C007,4/25/2024,92,Yes,Completed
E00557,S0160,C020,11/3/2023,68,No,Not Started
E00558,S0160,C038,6/11/2023,37,No,Not Started
E00559,S0161,C010,5/14/2025,23,No,Completed
E00560,S0161,C021,12/10/2023,22,No,Completed
E00561,S0162,C007,5/2/2023,73,No,Completed
E00562,S0162,C032,10/4/2024,89,Yes,Completed
E00563,S0162,C040,10/27/2023,13,No,In Progress
E00564,S0162,C026,5/20/2024,60,No,Not Started
E00565,S0163,C003,6/17/2023,97,Yes,Completed
E00566,S0163,C033,2/14/2023,2,No,Completed
E00567,S0164,C022,5/29/2024,84,Yes,Completed
E00568,S0164,C007,7/1/2023,35,No,Completed
E00569,S0164,C015,1/15/2024,9,No,In Progress
E00570,S0164,C029,10/26/2023,98,Yes,Completed
E00571,S0165,C002,10/31/2023,42,No,In Progress
E00572,S0165,C024,12/1/2023,64,No,Not Started
E00573,S0166,C035,3/16/2025,60,No,Not Started
E00574,S0166,C030,6/1/2023,98,Yes,Completed
E00575,S0166,C011,8/16/2024,63,No,Completed
E00576,S0167,C016,2/4/2023,45,No,Completed
E00577,S0167,C027,3/19/2025,0,No,In Progress
E00578,S0167,C006,6/8/2023,40,No,Not Started
E00579,S0167,C023,5/15/2023,84,Yes,Completed
E00580,S0167,C018,5/3/2025,94,Yes,Completed
E00581,S0168,C033,3/31/2024,40,No,Completed
E00582,S0168,C024,4/11/2023,39,No,Completed
E00583,S0168,C002,10/3/2023,94,Yes,Completed
E00584,S0168,C019,8/11/2024,75,No,Not Started
E00585,S0169,C003,2/19/2023,31,No,Not Started
E00586,S0169,C015,2/10/2025,33,No,Completed
E00587,S0169,C012,5/19/2023,92,Yes,Completed
E00588,S0170,C013,2/7/2024,72,No,Completed
E00589,S0170,C031,9/16/2024,36,No,Not Started
E00590,S0170,C012,4/30/2025,93,Yes,Completed
E00591,S0171,C008,5/10/2024,92,Yes,Completed
E00592,S0171,C026,8/31/2023,64,No,In Progress
E00593,S0171,C034,7/24/2023,4,No,Completed
E00594,S0171,C006,6/14/2025,100,Yes,Completed
E00595,S0172,C009,7/31/2024,67,No,Not Started
E00596,S0172,C005,5/9/2023,88,Yes,Completed
E00597,S0172,C039,2/8/2025,41,No,Completed
E00598,S0172,C033,10/30/2023,35,No,Not Started
E00599,S0172,C032,11/10/2024,17,No,In Progress
E00600,S0173,C027,2/18/2023,87,Yes,Completed
E00601,S0173,C021,11/8/2023,41,No,In Progress
E00602,S0173,C014,5/7/2024,35,No,Not Started
E00603,S0173,C013,2/2/2024,5,No,Completed
E00604,S0174,C035,6/17/2024,70,No,Completed
E00605,S0174,C037,1/15/2023,30,No,Completed
E00606,S0174,C026,7/19/2024,59,No,Not Started
E00607,S0174,C028,3/12/2025,5,No,Not Started
E00608,S0175,C020,9/29/2023,89,Yes,Completed
E00609,S0175,C033,10/18/2023,68,No,Completed
E00610,S0175,C025,5/20/2023,80,Yes,Completed
E00611,S0175,C026,1/12/2023,45,No,Completed
E00612,S0175,C034,9/11/2024,31,No,In Progress
E00613,S0176,C035,11/17/2023,93,Yes,Completed
E00614,S0176,C029,5/10/2025,95,Yes,Completed
E00615,S0176,C031,5/28/2023,47,No,Not Started
E00616,S0177,C034,3/14/2024,27,No,Completed
E00617,S0177,C002,9/6/2024,66,No,Completed
E00618,S0177,C030,4/24/2025,43,No,In Progress
E00619,S0177,C031,8/2/2024,91,Yes,Completed
E00620,S0178,C025,2/3/2025,81,Yes,Completed
E00621,S0178,C005,5/17/2024,86,Yes,Completed
E00622,S0178,C001,3/22/2024,85,Yes,Completed
E00623,S0178,C021,3/19/2024,68,No,Completed
E00624,S0178,C027,6/26/2024,90,Yes,Completed
E00625,S0179,C010,4/17/2023,3,No,Not Started
E00626,S0179,C025,5/25/2024,69,No,Completed
E00627,S0179,C004,6/7/2023,45,No,Completed
E00628,S0179,C036,3/16/2025,2,No,In Progress
E00629,S0180,C032,12/26/2024,89,Yes,Completed
E00630,S0180,C012,9/5/2023,68,No,In Progress
E00631,S0180,C001,12/11/2023,48,No,Completed
E00632,S0180,C019,5/16/2024,83,Yes,Completed
E00633,S0180,C039,5/18/2024,16,No,Not Started
E00634,S0181,C003,5/17/2024,50,No,Not Started
E00635,S0181,C020,2/17/2023,49,No,Completed
E00636,S0181,C017,5/20/2024,56,No,In Progress
E00637,S0182,C021,7/19/2024,97,Yes,Completed
E00638,S0182,C001,4/11/2024,40,No,Not Started
E00639,S0182,C018,1/8/2025,74,No,Not Started
E00640,S0182,C040,1/23/2023,45,No,Not Started
E00641,S0182,C039,3/18/2025,58,No,Completed
E00642,S0183,C030,2/16/2025,16,No,In Progress
E00643,S0183,C002,10/11/2024,14,No,Completed
E00644,S0183,C040,6/21/2024,97,Yes,Completed
E00645,S0183,C009,6/23/2023,0,No,Not Started
E00646,S0183,C038,12/11/2024,65,No,Completed
E00647,S0184,C031,7/25/2024,73,No,Completed
E00648,S0184,C032,7/25/2023,13,No,Completed
E00649,S0184,C023,5/28/2023,25,No,In Progress
E00650,S0184,C040,6/4/2024,27,No,Not Started
E00651,S0184,C014,1/4/2024,10,No,Not Started
E00652,S0185,C015,2/13/2024,35,No,Not Started
E00653,S0185,C033,6/11/2023,86,Yes,Completed
E00654,S0185,C007,9/18/2024,85,Yes,Completed
E00655,S0185,C039,12/10/2024,10,No,Completed
E00656,S0186,C028,5/17/2024,65,No,In Progress
E00657,S0186,C011,3/4/2025,41,No,In Progress
E00658,S0186,C014,5/4/2025,52,No,In Progress
E00659,S0186,C021,8/6/2024,56,No,Not Started
E00660,S0187,C032,4/9/2023,29,No,In Progress
E00661,S0187,C003,8/20/2024,58,No,In Progress
E00662,S0187,C026,6/14/2024,85,Yes,Completed
E00663,S0187,C011,2/3/2024,68,No,Completed
E00664,S0188,C033,4/28/2024,10,No,Completed
E00665,S0188,C008,12/23/2023,80,Yes,Completed
E00666,S0188,C016,1/14/2025,97,Yes,Completed
E00667,S0189,C029,11/28/2023,36,No,Completed
E00668,S0189,C016,1/17/2023,1,No,In Progress
E00669,S0189,C026,3/8/2024,8,No,Not Started
E00670,S0189,C001,1/18/2023,35,No,Completed
E00671,S0190,C028,2/17/2025,69,No,In Progress
E00672,S0190,C032,5/21/2025,55,No,In Progress
E00673,S0190,C022,11/13/2024,31,No,Completed
E00674,S0190,C009,11/10/2024,83,Yes,Completed
E00675,S0190,C015,5/14/2023,97,Yes,Completed
E00676,S0191,C025,12/29/2024,36,No,Completed
E00677,S0191,C032,9/3/2024,8,No,Not Started
E00678,S0191,C020,1/11/2023,8,No,Not Started
E00679,S0192,C026,1/2/2025,45,No,Completed
E00680,S0192,C030,12/25/2024,69,No,Completed
E00681,S0193,C001,3/11/2025,70,No,In Progress
E00682,S0193,C010,3/30/2023,12,No,In Progress
E00683,S0193,C032,8/18/2024,57,No,In Progress
E00684,S0194,C026,1/3/2025,93,Yes,Completed
E00685,S0194,C013,6/25/2023,36,No,Not Started
E00686,S0195,C001,10/7/2023,33,No,In Progress
E00687,S0195,C034,8/14/2023,8,No,Not Started
E00688,S0195,C007,8/31/2024,35,No,Not Started
E00689,S0196,C037,8/13/2023,32,No,In Progress
E00690,S0196,C008,3/30/2024,76,No,Not Started
E00691,S0196,C001,5/20/2024,20,No,In Progress
E00692,S0196,C033,12/21/2023,47,No,Completed
E00693,S0197,C040,1/11/2025,92,Yes,Completed
E00694,S0197,C003,4/15/2025,46,No,Not Started
E00695,S0198,C020,6/24/2023,49,No,Not Started
E00696,S0198,C031,1/25/2025,42,No,Completed
E00697,S0198,C013,4/24/2024,23,No,Not Started
E00698,S0198,C017,9/2/2023,23,No,Not Started
E00699,S0199,C006,1/28/2023,18,No,Not Started
E00700,S0199,C037,3/16/2023,59,No,In Progress
E00701,S0199,C016,10/22/2024,54,No,Completed
E00702,S0199,C007,8/14/2024,27,No,Not Started
E00703,S0199,C026,2/23/2025,38,No,Not Started
E00704,S0200,C001,4/12/2024,77,No,In Progress
E00705,S0200,C025,10/8/2024,94,Yes,Completed
E00706,S0200,C007,10/12/2023,13,No,Completed
E00707,S0201,C002,4/6/2024,74,No,Not Started
E00708,S0201,C040,4/16/2023,35,No,Not Started
E00709,S0201,C024,8/12/2024,9,No,In Progress
E00710,S0201,C037,4/23/2023,88,Yes,Completed
E00711,S0201,C007,5/18/2023,51,No,Completed
E00712,S0202,C003,5/15/2025,54,No,Not Started
E00713,S0202,C023,9/24/2023,61,No,In Progress
E00714,S0202,C002,5/29/2023,71,No,In Progress
E00715,S0202,C005,2/16/2024,82,Yes,Completed
E00716,S0203,C020,4/14/2023,11,No,In Progress
E00717,S0203,C019,1/13/2024,8,No,In Progress
E00718,S0204,C033,9/11/2024,49,No,Not Started
E00719,S0204,C015,10/16/2024,18,No,Not Started
E00720,S0204,C028,2/12/2024,79,No,In Progress
E00721,S0204,C029,6/28/2023,62,No,Completed
E00722,S0205,C031,7/2/2023,97,Yes,Completed
E00723,S0205,C032,12/7/2023,23,No,Not Started
E00724,S0205,C004,4/2/2023,99,Yes,Completed
E00725,S0206,C005,4/16/2024,100,Yes,Completed
E00726,S0206,C019,11/3/2024,49,No,Not Started
E00727,S0207,C028,12/5/2023,94,Yes,Completed
E00728,S0207,C035,3/9/2024,13,No,Not Started
E00729,S0207,C019,12/16/2024,58,No,Completed
E00730,S0207,C015,2/22/2023,41,No,Completed
E00731,S0207,C004,11/18/2023,42,No,Not Started
E00732,S0208,C007,4/19/2024,90,Yes,Completed
E00733,S0208,C001,6/3/2023,62,No,In Progress
E00734,S0208,C014,10/18/2023,38,No,Not Started
E00735,S0208,C016,10/18/2024,89,Yes,Completed
E00736,S0209,C040,6/9/2025,99,Yes,Completed
E00737,S0209,C008,10/10/2023,70,No,In Progress
E00738,S0209,C033,8/4/2023,72,No,In Progress
E00739,S0209,C015,2/14/2025,79,No,Completed
E00740,S0210,C006,4/20/2023,4,No,Completed
E00741,S0210,C034,3/11/2023,0,No,Completed
E00742,S0210,C023,5/30/2023,43,No,In Progress
E00743,S0210,C032,1/9/2023,81,Yes,Completed
E00744,S0211,C008,10/29/2024,92,Yes,Completed
E00745,S0211,C039,10/9/2023,10,No,Not Started
E00746,S0211,C020,5/7/2023,62,No,Not Started
E00747,S0211,C018,2/14/2024,85,Yes,Completed
E00748,S0212,C032,2/7/2025,0,No,Not Started
E00749,S0212,C009,5/18/2024,39,No,In Progress
E00750,S0212,C035,9/22/2024,11,No,Completed
E00751,S0212,C017,1/11/2025,51,No,Completed
E00752,S0212,C027,2/24/2024,59,No,Not Started
E00753,S0213,C039,1/27/2025,50,No,Completed
E00754,S0213,C001,4/13/2025,96,Yes,Completed
E00755,S0213,C013,12/29/2023,9,No,Not Started
E00756,S0214,C006,11/13/2024,10,No,In Progress
E00757,S0214,C033,7/22/2023,8,No,In Progress
E00758,S0214,C036,8/24/2023,60,No,Completed
E00759,S0214,C007,5/3/2023,84,Yes,Completed
E00760,S0214,C013,2/28/2023,73,No,Not Started
E00761,S0215,C010,6/19/2024,17,No,In Progress
E00762,S0215,C031,4/7/2023,92,Yes,Completed
E00763,S0215,C032,8/9/2023,31,No,Completed
E00764,S0215,C003,5/7/2023,5,No,Completed
E00765,S0216,C034,10/4/2024,68,No,Not Started
E00766,S0216,C016,8/21/2024,1,No,In Progress
E00767,S0216,C010,7/13/2023,51,No,Not Started
E00768,S0216,C040,5/19/2025,3,No,In Progress
E00769,S0217,C007,6/17/2025,81,Yes,Completed
E00770,S0217,C040,5/12/2025,9,No,Completed
E00771,S0217,C013,2/12/2023,38,No,Not Started
E00772,S0218,C020,12/24/2024,84,Yes,Completed
E00773,S0218,C027,3/29/2023,62,No,In Progress
E00774,S0219,C017,1/1/2024,6,No,In Progress
E00775,S0219,C022,5/27/2025,45,No,Completed
E00776,S0219,C004,4/25/2023,88,Yes,Completed
E00777,S0219,C003,7/14/2024,27,No,Completed
E00778,S0220,C024,3/8/2025,69,No,Not Started
E00779,S0220,C031,7/27/2023,48,No,In Progress
E00780,S0221,C002,4/10/2024,12,No,In Progress
E00781,S0221,C013,3/10/2024,50,No,Completed
E00782,S0221,C032,3/8/2024,76,No,In Progress
E00783,S0221,C040,7/4/2023,68,No,Completed
E00784,S0222,C033,4/20/2023,38,No,Completed
E00785,S0222,C012,11/15/2024,64,No,Completed
E00786,S0222,C018,9/15/2024,76,No,Completed
E00787,S0222,C009,1/25/2023,48,No,Completed
E00788,S0223,C022,3/9/2024,74,No,In Progress
E00789,S0223,C024,5/25/2023,86,Yes,Completed
E00790,S0223,C021,9/8/2024,28,No,In Progress
E00791,S0223,C033,11/13/2023,8,No,Completed
E00792,S0223,C040,7/16/2024,74,No,Not Started
E00793,S0224,C021,10/25/2024,83,Yes,Completed
E00794,S0224,C014,6/5/2025,54,No,Completed
E00795,S0224,C024,3/12/2025,6,No,In Progress
E00796,S0225,C022,2/25/2025,1,No,In Progress
E00797,S0225,C010,8/20/2023,96,Yes,Completed
E00798,S0226,C009,7/18/2023,95,Yes,Completed
E00799,S0226,C013,10/22/2023,1,No,Not Started
E00800,S0226,C011,6/29/2023,85,Yes,Completed
E00801,S0226,C010,9/18/2023,96,Yes,Completed
E00802,S0227,C028,5/20/2025,35,No,In Progress
E00803,S0227,C018,6/13/2024,23,No,In Progress
E00804,S0227,C002,2/27/2023,7,No,In Progress
E00805,S0228,C038,1/10/2025,61,No,Completed
E00806,S0228,C036,12/23/2023,8,No,In Progress
E00807,S0229,C035,9/23/2024,4,No,In Progress
E00808,S0229,C013,1/31/2023,44,No,Not Started
E00809,S0229,C030,7/8/2023,78,No,Not Started
E00810,S0230,C027,4/7/2025,8,No,In Progress
E00811,S0230,C015,11/24/2023,64,No,Completed
E00812,S0230,C006,4/19/2025,52,No,Completed
E00813,S0231,C035,9/28/2023,16,No,Not Started
E00814,S0231,C027,2/8/2025,49,No,Completed
E00815,S0231,C006,10/28/2023,83,Yes,Completed
E00816,S0231,C002,4/19/2024,34,No,Not Started
E00817,S0232,C031,3/18/2024,84,Yes,Completed
E00818,S0232,C038,6/1/2024,3,No,Completed
E00819,S0232,C024,1/2/2025,4,No,Completed
E00820,S0232,C012,10/15/2024,10,No,In Progress
E00821,S0232,C005,12/14/2023,15,No,In Progress
E00822,S0233,C023,5/20/2025,8,No,Completed
E00823,S0233,C028,8/5/2024,39,No,Completed
E00824,S0233,C021,2/18/2025,27,No,In Progress
E00825,S0233,C006,12/25/2023,7,No,Not Started
E00826,S0233,C035,10/13/2023,53,No,Not Started
E00827,S0234,C024,6/7/2025,25,No,In Progress
E00828,S0234,C004,11/2/2023,97,Yes,Completed
E00829,S0235,C003,8/20/2024,35,No,Not Started
E00830,S0235,C004,10/26/2023,10,No,Not Started
E00831,S0235,C008,7/13/2024,59,No,Completed
E00832,S0235,C030,5/21/2024,76,No,In Progress
E00833,S0235,C010,1/28/2024,88,Yes,Completed
E00834,S0236,C024,10/27/2023,56,No,Completed
E00835,S0236,C032,10/31/2024,59,No,Completed
E00836,S0236,C017,12/27/2024,14,No,Completed
E00837,S0237,C023,7/9/2023,44,No,In Progress
E00838,S0237,C031,1/5/2023,15,No,In Progress
E00839,S0237,C001,11/27/2023,91,Yes,Completed
E00840,S0237,C025,10/5/2024,78,No,Completed
E00841,S0237,C016,12/20/2023,97,Yes,Completed
E00842,S0238,C010,1/11/2023,45,No,Not Started
E00843,S0238,C008,8/13/2024,28,No,Completed
E00844,S0238,C002,6/5/2024,12,No,Completed
E00845,S0238,C012,7/5/2024,22,No,Not Started
E00846,S0239,C009,6/6/2023,16,No,Completed
E00847,S0239,C039,5/21/2025,55,No,In Progress
E00848,S0239,C025,12/5/2024,59,No,Not Started
E00849,S0239,C037,9/7/2023,98,Yes,Completed
E00850,S0240,C032,8/25/2023,45,No,In Progress
E00851,S0240,C026,10/28/2023,14,No,In Progress
E00852,S0240,C027,4/12/2024,55,No,In Progress
E00853,S0241,C038,6/30/2024,26,No,Not Started
E00854,S0241,C001,3/27/2024,85,Yes,Completed
E00855,S0241,C010,10/6/2023,79,No,Completed
E00856,S0241,C036,4/1/2023,51,No,Completed
E00857,S0242,C009,3/4/2023,90,Yes,Completed
E00858,S0242,C007,3/15/2024,87,Yes,Completed
E00859,S0243,C021,2/2/2025,52,No,In Progress
E00860,S0243,C001,12/12/2023,85,Yes,Completed
E00861,S0243,C038,4/27/2025,48,No,In Progress
E00862,S0243,C040,4/24/2025,75,No,Not Started
E00863,S0243,C036,7/3/2023,67,No,Completed
E00864,S0244,C017,4/20/2023,52,No,Completed
E00865,S0244,C015,1/18/2023,33,No,Not Started
E00866,S0244,C001,8/6/2023,37,No,In Progress
E00867,S0244,C033,2/8/2023,88,Yes,Completed
E00868,S0244,C003,4/29/2023,36,No,Not Started
E00869,S0245,C018,11/26/2023,18,No,Not Started
E00870,S0245,C033,8/17/2023,64,No,Not Started
E00871,S0245,C032,12/23/2023,41,No,In Progress
E00872,S0246,C014,2/23/2024,46,No,In Progress
E00873,S0246,C004,9/30/2023,40,No,In Progress
E00874,S0246,C019,4/21/2025,88,Yes,Completed
E00875,S0246,C031,5/28/2023,69,No,Not Started
E00876,S0247,C005,2/27/2024,75,No,In Progress
E00877,S0247,C030,2/5/2025,18,No,Completed
E00878,S0247,C038,9/26/2024,67,No,Completed
E00879,S0248,C024,4/14/2024,79,No,Completed
E00880,S0248,C028,7/18/2024,70,No,Not Started
E00881,S0248,C017,4/19/2025,70,No,In Progress
E00882,S0249,C004,8/18/2024,6,No,Not Started
E00883,S0249,C034,5/29/2025,52,No,In Progress
E00884,S0249,C029,3/4/2024,39,No,Completed
E00885,S0250,C018,5/18/2023,53,No,Not Started
E00886,S0250,C037,2/15/2024,48,No,In Progress
E00887,S0251,C038,12/25/2023,75,No,Not Started
E00888,S0251,C016,4/25/2025,66,No,In Progress
E00889,S0251,C018,1/19/2024,39,No,Completed
E00890,S0252,C029,2/9/2024,16,No,Completed
E00891,S0252,C031,5/30/2024,5,No,Completed
E00892,S0253,C021,2/18/2025,81,Yes,Completed
E00893,S0253,C019,8/7/2023,79,No,Not Started
E00894,S0253,C010,5/3/2024,55,No,In Progress
E00895,S0253,C040,10/5/2023,70,No,Completed
E00896,S0253,C023,9/21/2024,77,No,Completed
E00897,S0254,C025,3/8/2024,90,Yes,Completed
E00898,S0254,C028,8/7/2023,83,Yes,Completed
E00899,S0254,C013,11/30/2023,83,Yes,Completed
E00900,S0254,C017,1/29/2025,25,No,Completed
E00901,S0254,C026,11/29/2024,8,No,Not Started
E00902,S0255,C009,5/16/2023,33,No,Completed
E00903,S0255,C038,3/23/2023,41,No,Not Started
E00904,S0255,C010,8/3/2023,6,No,Completed
E00905,S0256,C023,9/22/2024,39,No,In Progress
E00906,S0256,C038,9/16/2024,4,No,Not Started
E00907,S0256,C007,5/14/2023,56,No,Not Started
E00908,S0257,C015,3/31/2024,73,No,Completed
E00909,S0257,C007,6/10/2025,94,Yes,Completed
E00910,S0258,C030,1/20/2023,77,No,Completed
E00911,S0258,C020,2/2/2023,58,No,In Progress
E00912,S0258,C040,9/11/2024,34,No,In Progress
E00913,S0258,C007,5/9/2023,78,No,Not Started
E00914,S0258,C023,11/15/2023,52,No,Completed
E00915,S0259,C021,4/4/2024,42,No,Completed
E00916,S0259,C040,7/8/2024,82,Yes,Completed
E00917,S0259,C018,9/30/2024,78,No,Not Started
E00918,S0259,C038,10/25/2023,32,No,In Progress
E00919,S0259,C006,5/18/2025,72,No,Not Started
E00920,S0260,C029,3/15/2023,27,No,Not Started
E00921,S0260,C026,1/9/2025,3,No,In Progress
E00922,S0260,C021,4/9/2024,23,No,Not Started
E00923,S0260,C035,2/13/2025,91,Yes,Completed
E00924,S0261,C001,2/2/2023,3,No,Completed
E00925,S0261,C037,5/29/2025,40,No,Not Started
E00926,S0261,C021,11/13/2024,93,Yes,Completed
E00927,S0262,C029,5/1/2023,99,Yes,Completed
E00928,S0262,C030,2/24/2025,75,No,Not Started
E00929,S0263,C009,4/3/2023,30,No,Completed
E00930,S0263,C024,1/10/2023,80,Yes,Completed
E00931,S0264,C013,3/24/2023,64,No,Not Started
E00932,S0264,C031,4/18/2025,26,No,Not Started
E00933,S0265,C015,2/22/2025,56,No,Completed
E00934,S0265,C008,3/16/2025,29,No,Not Started
E00935,S0265,C002,10/11/2023,72,No,Not Started
E00936,S0265,C012,10/18/2024,50,No,Completed
E00937,S0266,C027,2/3/2024,11,No,In Progress
E00938,S0266,C012,12/8/2024,47,No,Completed
E00939,S0266,C010,7/16/2023,58,No,In Progress
E00940,S0266,C016,7/1/2024,36,No,Not Started
E00941,S0267,C028,4/21/2023,32,No,In Progress
E00942,S0267,C030,1/16/2023,28,No,Not Started
E00943,S0268,C027,12/28/2023,93,Yes,Completed
E00944,S0268,C001,1/24/2025,41,No,Not Started
E00945,S0268,C008,10/30/2024,59,No,Completed
E00946,S0268,C035,5/5/2025,95,Yes,Completed
E00947,S0269,C025,5/31/2023,50,No,Not Started
E00948,S0269,C037,3/23/2025,61,No,In Progress
E00949,S0270,C015,2/5/2025,44,No,In Progress
E00950,S0270,C020,10/6/2024,10,No,In Progress
E00951,S0270,C004,3/27/2025,38,No,In Progress
E00952,S0270,C038,2/7/2023,5,No,In Progress
E00953,S0271,C035,8/15/2024,69,No,Completed
E00954,S0271,C014,10/30/2023,40,No,In Progress
E00955,S0272,C015,9/27/2024,8,No,Completed
E00956,S0272,C003,8/6/2023,84,Yes,Completed
E00957,S0272,C017,5/12/2024,68,No,In Progress
E00958,S0273,C023,8/2/2023,85,Yes,Completed
E00959,S0273,C009,10/13/2023,42,No,In Progress
E00960,S0273,C016,11/10/2024,6,No,Not Started
E00961,S0273,C021,1/7/2024,21,No,Completed
E00962,S0273,C038,4/17/2025,23,No,Completed
E00963,S0274,C031,1/31/2023,35,No,Not Started
E00964,S0274,C022,2/12/2024,89,Yes,Completed
E00965,S0275,C035,10/4/2023,31,No,Not Started
E00966,S0275,C040,10/9/2023,53,No,In Progress
E00967,S0275,C017,4/7/2023,13,No,Completed
E00968,S0275,C020,4/19/2024,12,No,In Progress
E00969,S0276,C027,5/21/2025,46,No,In Progress
E00970,S0276,C038,9/28/2024,63,No,Not Started
E00971,S0276,C040,11/13/2024,29,No,In Progress
E00972,S0276,C018,8/28/2024,80,Yes,Completed
E00973,S0276,C012,1/2/2024,20,No,In Progress
E00974,S0277,C013,6/6/2023,83,Yes,Completed
E00975,S0277,C020,4/22/2024,33,No,In Progress
E00976,S0277,C032,3/19/2025,38,No,In Progress
E00977,S0277,C001,10/10/2023,55,No,In Progress
E00978,S0277,C039,12/5/2024,95,Yes,Completed
E00979,S0278,C001,2/2/2023,35,No,In Progress
E00980,S0278,C029,6/14/2023,65,No,Completed
E00981,S0278,C033,1/21/2025,94,Yes,Completed
E00982,S0278,C013,11/21/2024,81,Yes,Completed
E00983,S0278,C024,2/22/2023,33,No,In Progress
E00984,S0279,C026,1/17/2025,73,No,Not Started
E00985,S0279,C029,5/3/2025,2,No,Completed
E00986,S0279,C031,9/8/2024,69,No,Completed
E00987,S0280,C003,8/27/2024,92,Yes,Completed
E00988,S0280,C002,9/17/2023,98,Yes,Completed
E00989,S0280,C015,2/8/2023,24,No,In Progress
E00990,S0280,C038,5/10/2025,7,No,Not Started
E00991,S0281,C035,4/28/2023,93,Yes,Completed
E00992,S0281,C030,2/24/2025,57,No,Completed
E00993,S0281,C023,12/17/2023,75,No,Completed
E00994,S0281,C009,2/12/2023,18,No,Completed
E00995,S0281,C014,2/15/2025,60,No,Completed
E00996,S0282,C020,12/28/2024,28,No,Not Started
E00997,S0282,C018,8/16/2023,49,No,Completed
E00998,S0282,C002,11/18/2024,75,No,In Progress
E00999,S0282,C038,9/25/2023,6,No,Completed
E01000,S0283,C038,6/10/2024,94,Yes,Completed
E01001,S0283,C024,8/24/2023,6,No,Completed
E01002,S0283,C028,5/26/2023,86,Yes,Completed
E01003,S0284,C026,7/31/2023,68,No,In Progress
E01004,S0284,C032,6/12/2024,69,No,In Progress
E01005,S0284,C001,1/22/2023,42,No,Completed
E01006,S0284,C008,4/22/2025,11,No,In Progress
E01007,S0284,C003,11/10/2024,65,No,In Progress
E01008,S0285,C005,1/12/2025,54,No,Completed
E01009,S0285,C009,12/17/2023,64,No,Completed
E01010,S0286,C015,4/7/2024,36,No,Not Started
E01011,S0286,C011,5/11/2025,11,No,In Progress
E01012,S0287,C008,4/20/2023,58,No,Completed
E01013,S0287,C024,12/2/2024,3,No,Not Started
E01014,S0287,C038,2/19/2024,59,No,Completed
E01015,S0287,C033,11/11/2023,9,No,In Progress
E01016,S0288,C040,10/21/2024,15,No,Not Started
E01017,S0288,C023,9/9/2024,53,No,Not Started
E01018,S0289,C040,2/9/2024,24,No,Completed
E01019,S0289,C016,10/8/2024,46,No,In Progress
E01020,S0289,C028,4/24/2024,20,No,In Progress
E01021,S0289,C019,12/24/2024,42,No,Not Started
E01022,S0290,C037,8/24/2024,99,Yes,Completed
E01023,S0290,C001,2/25/2023,88,Yes,Completed
E01024,S0290,C021,8/12/2023,98,Yes,Completed
E01025,S0290,C006,9/29/2024,62,No,In Progress
E01026,S0290,C014,6/22/2024,17,No,In Progress
E01027,S0291,C029,3/13/2024,53,No,Not Started
E01028,S0291,C023,11/3/2024,61,No,Not Started
E01029,S0292,C018,6/20/2024,69,No,Completed
E01030,S0292,C013,12/21/2023,26,No,Completed
E01031,S0293,C010,10/25/2023,50,No,In Progress
E01032,S0293,C015,4/28/2023,55,No,Completed
E01033,S0294,C008,7/18/2024,32,No,Completed
E01034,S0294,C020,9/26/2024,88,Yes,Completed
E01035,S0294,C028,1/11/2024,9,No,In Progress
E01036,S0294,C030,7/12/2024,100,Yes,Completed
E01037,S0294,C018,9/12/2023,19,No,In Progress
E01038,S0295,C037,11/12/2024,48,No,Completed
E01039,S0295,C023,8/14/2023,4,No,In Progress
E01040,S0295,C030,9/28/2023,7,No,Completed
E01041,S0295,C031,7/7/2024,57,No,In Progress
E01042,S0295,C022,1/7/2023,25,No,In Progress
E01043,S0296,C031,4/22/2024,79,No,Not Started
E01044,S0296,C011,6/7/2023,33,No,Completed
E01045,S0296,C032,2/6/2023,86,Yes,Completed
E01046,S0296,C023,2/17/2023,98,Yes,Completed
E01047,S0296,C022,1/6/2023,26,No,Completed
E01048,S0297,C003,2/12/2023,91,Yes,Completed
E01049,S0297,C015,1/29/2025,78,No,Not Started
E01050,S0297,C029,3/1/2023,7,No,In Progress
E01051,S0297,C004,6/7/2024,19,No,In Progress
E01052,S0298,C019,5/27/2025,82,Yes,Completed
E01053,S0298,C007,2/21/2025,43,No,In Progress
E01054,S0298,C031,11/7/2023,73,No,In Progress
E01055,S0298,C005,2/7/2023,47,No,Completed
E01056,S0299,C019,5/17/2023,23,No,Completed
E01057,S0299,C023,11/6/2023,88,Yes,Completed
E01058,S0299,C020,11/13/2023,90,Yes,Completed
E01059,S0299,C035,4/17/2025,88,Yes,Completed
E01060,S0299,C032,6/12/2024,43,No,Completed
E01061,S0300,C021,6/1/2025,43,No,Completed
E01062,S0300,C027,6/4/2024,68,No,In Progress
E01063,S0301,C031,10/10/2023,65,No,Not Started
E01064,S0301,C016,1/9/2025,96,Yes,Completed
E01065,S0301,C033,2/6/2023,39,No,Completed
E01066,S0302,C019,7/7/2023,19,No,In Progress
E01067,S0302,C017,7/16/2023,22,No,Completed
E01068,S0302,C021,6/8/2025,51,No,Not Started
E01069,S0302,C024,8/10/2024,57,No,Completed
E01070,S0303,C006,8/16/2023,59,No,In Progress
E01071,S0303,C002,3/27/2025,4,No,In Progress
E01072,S0304,C018,8/30/2024,17,No,In Progress
E01073,S0304,C033,9/13/2024,66,No,Completed
E01074,S0304,C013,9/10/2023,4,No,Completed
E01075,S0304,C025,2/22/2023,93,Yes,Completed
E01076,S0304,C032,6/17/2025,59,No,Not Started
E01077,S0305,C017,5/26/2025,66,No,In Progress
E01078,S0305,C024,12/19/2023,44,No,Not Started
E01079,S0305,C018,4/30/2024,19,No,Not Started
E01080,S0306,C037,1/16/2025,81,Yes,Completed
E01081,S0306,C033,5/26/2025,72,No,In Progress
E01082,S0306,C006,3/9/2025,14,No,Not Started
E01083,S0306,C026,2/10/2023,61,No,In Progress
E01084,S0306,C040,6/18/2023,49,No,Completed
E01085,S0307,C011,7/6/2024,26,No,Not Started
E01086,S0307,C007,3/28/2023,43,No,Completed
E01087,S0307,C016,10/7/2023,43,No,Not Started
E01088,S0307,C036,1/28/2025,53,No,Not Started
E01089,S0307,C002,7/31/2023,79,No,Completed
E01090,S0308,C030,6/18/2024,69,No,Not Started
E01091,S0308,C024,1/25/2024,4,No,Not Started
E01092,S0308,C017,9/2/2023,97,Yes,Completed
E01093,S0308,C022,4/10/2025,51,No,Not Started
E01094,S0309,C001,9/25/2023,13,No,Completed
E01095,S0309,C016,8/3/2023,73,No,In Progress
E01096,S0309,C027,1/27/2024,86,Yes,Completed
E01097,S0309,C007,3/10/2025,17,No,In Progress
E01098,S0309,C021,11/15/2024,12,No,In Progress
E01099,S0310,C004,6/23/2024,50,No,Completed
E01100,S0310,C025,4/1/2023,80,Yes,Completed
E01101,S0310,C030,5/30/2025,79,No,Completed
E01102,S0310,C040,5/6/2025,67,No,Not Started
E01103,S0311,C027,12/13/2024,74,No,Completed
E01104,S0311,C028,5/14/2024,79,No,In Progress
E01105,S0311,C020,1/5/2025,69,No,In Progress
E01106,S0311,C010,1/27/2023,4,No,In Progress
E01107,S0312,C036,2/5/2025,33,No,Completed
E01108,S0312,C024,7/16/2024,47,No,Completed
E01109,S0312,C003,8/16/2023,36,No,In Progress
E01110,S0312,C029,9/5/2024,38,No,Completed
E01111,S0312,C021,10/27/2023,19,No,In Progress
E01112,S0313,C024,5/24/2023,10,No,In Progress
E01113,S0313,C015,9/16/2024,21,No,In Progress
E01114,S0314,C036,6/9/2024,34,No,In Progress
E01115,S0314,C037,2/7/2025,19,No,Completed
E01116,S0314,C025,2/28/2025,12,No,In Progress
E01117,S0314,C018,4/26/2023,85,Yes,Completed
E01118,S0314,C023,11/4/2023,45,No,Completed
E01119,S0315,C004,9/17/2024,38,No,Not Started
E01120,S0315,C030,4/8/2025,87,Yes,Completed
E01121,S0315,C031,11/22/2024,89,Yes,Completed
E01122,S0315,C007,2/22/2025,90,Yes,Completed
E01123,S0316,C028,8/19/2023,29,No,Not Started
E01124,S0316,C009,12/16/2023,7,No,Completed
E01125,S0316,C019,5/14/2023,69,No,Completed
E01126,S0317,C008,4/30/2023,81,Yes,Completed
E01127,S0317,C020,2/17/2025,9,No,Not Started
E01128,S0317,C011,5/2/2024,100,Yes,Completed
E01129,S0317,C035,1/14/2023,20,No,In Progress
E01130,S0317,C026,5/8/2023,27,No,Not Started
E01131,S0318,C005,3/21/2024,62,No,Not Started
E01132,S0318,C025,2/9/2025,31,No,Not Started
E01133,S0318,C004,2/21/2025,80,Yes,Completed
E01134,S0318,C020,11/27/2024,71,No,Completed
E01135,S0318,C008,10/6/2024,15,No,In Progress
E01136,S0319,C017,7/13/2023,85,Yes,Completed
E01137,S0319,C038,9/20/2023,63,No,In Progress
E01138,S0319,C040,3/18/2023,75,No,In Progress
E01139,S0319,C035,12/30/2023,55,No,In Progress
E01140,S0319,C029,3/3/2024,84,Yes,Completed
E01141,S0320,C018,6/28/2024,49,No,In Progress
E01142,S0320,C022,6/15/2024,24,No,Completed
E01143,S0320,C039,10/24/2024,82,Yes,Completed
E01144,S0321,C023,7/6/2024,59,No,In Progress
E01145,S0321,C022,3/24/2023,47,No,Completed
E01146,S0321,C002,9/10/2024,24,No,Completed
E01147,S0321,C025,10/8/2023,82,Yes,Completed
E01148,S0321,C026,7/19/2024,95,Yes,Completed
E01149,S0322,C015,5/26/2024,73,No,In Progress
E01150,S0322,C023,8/31/2024,93,Yes,Completed
E01151,S0322,C027,12/26/2023,66,No,In Progress
E01152,S0322,C005,6/11/2025,68,No,In Progress
E01153,S0322,C035,5/15/2024,69,No,Completed
E01154,S0323,C014,1/5/2025,27,No,In Progress
E01155,S0323,C040,7/27/2023,27,No,Not Started
E01156,S0323,C022,9/8/2024,59,No,Not Started
E01157,S0324,C011,5/5/2025,89,Yes,Completed
E01158,S0324,C033,7/3/2024,61,No,Not Started
E01159,S0325,C037,6/30/2024,78,No,Not Started
E01160,S0325,C011,3/24/2025,58,No,Completed
E01161,S0325,C006,6/13/2023,18,No,Completed
E01162,S0326,C027,5/6/2023,43,No,In Progress
E01163,S0326,C032,12/12/2024,69,No,Not Started
E01164,S0326,C020,3/23/2024,17,No,Not Started
E01165,S0326,C011,1/29/2025,88,Yes,Completed
E01166,S0326,C002,2/28/2025,12,No,Not Started
E01167,S0327,C008,12/7/2024,84,Yes,Completed
E01168,S0327,C009,3/8/2023,74,No,Not Started
E01169,S0327,C014,10/5/2023,59,No,Completed
E01170,S0327,C003,1/18/2023,29,No,Not Started
E01171,S0327,C017,6/3/2025,39,No,Completed
E01172,S0328,C036,1/28/2024,41,No,In Progress
E01173,S0328,C032,5/11/2023,36,No,Not Started
E01174,S0328,C034,2/25/2024,86,Yes,Completed
E01175,S0328,C030,9/15/2023,27,No,Completed
E01176,S0328,C017,4/25/2025,5,No,Completed
E01177,S0329,C011,1/17/2025,88,Yes,Completed
E01178,S0329,C022,2/13/2025,18,No,In Progress
E01179,S0329,C018,5/23/2023,8,No,In Progress
E01180,S0329,C028,2/26/2023,72,No,In Progress
E01181,S0330,C001,11/28/2024,78,No,In Progress
E01182,S0330,C031,4/9/2024,12,No,Not Started
E01183,S0330,C006,10/18/2024,42,No,Not Started
E01184,S0331,C027,12/4/2023,42,No,Completed
E01185,S0331,C013,3/19/2024,14,No,Not Started
E01186,S0331,C014,5/16/2024,44,No,Completed
E01187,S0331,C026,1/24/2024,53,No,Completed
E01188,S0331,C022,6/11/2024,42,No,In Progress
E01189,S0332,C025,7/11/2023,64,No,Completed
E01190,S0332,C030,11/5/2024,26,No,In Progress
E01191,S0332,C024,6/1/2025,24,No,Not Started
E01192,S0332,C035,12/21/2023,61,No,Not Started
E01193,S0332,C034,5/10/2025,90,Yes,Completed
E01194,S0333,C037,9/30/2024,62,No,Not Started
E01195,S0333,C021,2/9/2024,8,No,Not Started
E01196,S0333,C019,1/25/2024,33,No,Not Started
E01197,S0334,C031,2/12/2025,89,Yes,Completed
E01198,S0334,C003,12/27/2024,24,No,Completed
E01199,S0334,C009,8/27/2024,85,Yes,Completed
E01200,S0334,C026,5/14/2025,43,No,Not Started
E01201,S0335,C025,9/14/2024,53,No,In Progress
E01202,S0335,C008,8/7/2023,72,No,Completed
E01203,S0335,C036,5/31/2023,18,No,In Progress
E01204,S0335,C002,11/13/2023,95,Yes,Completed
E01205,S0336,C021,8/27/2024,95,Yes,Completed
E01206,S0336,C039,12/3/2023,76,No,Not Started
E01207,S0336,C008,3/8/2024,86,Yes,Completed
E01208,S0337,C017,12/26/2023,73,No,Not Started
E01209,S0337,C019,3/14/2023,80,Yes,Completed
E01210,S0337,C001,6/24/2023,70,No,Completed
E01211,S0338,C018,5/23/2024,92,Yes,Completed
E01212,S0338,C022,7/13/2023,3,No,Completed
E01213,S0339,C004,6/29/2024,8,No,Completed
E01214,S0339,C019,6/9/2025,78,No,Completed
E01215,S0339,C030,6/11/2025,37,No,Not Started
E01216,S0340,C021,7/21/2023,10,No,In Progress
E01217,S0340,C007,3/15/2024,45,No,Completed
E01218,S0341,C009,8/5/2024,50,No,Not Started
E01219,S0341,C016,12/12/2024,99,Yes,Completed
E01220,S0342,C019,11/4/2023,67,No,In Progress
E01221,S0342,C024,3/9/2023,2,No,Not Started
E01222,S0342,C006,3/14/2025,56,No,Not Started
E01223,S0342,C018,4/4/2025,24,No,Not Started
E01224,S0342,C009,5/16/2025,1,No,Not Started
E01225,S0343,C032,8/19/2024,4,No,Not Started
E01226,S0343,C004,1/12/2025,65,No,Not Started
E01227,S0343,C012,1/16/2023,36,No,Completed
E01228,S0343,C005,6/21/2023,77,No,Completed
E01229,S0344,C034,10/14/2024,100,Yes,Completed
E01230,S0344,C039,11/16/2024,64,No,Not Started
E01231,S0344,C010,1/31/2024,99,Yes,Completed
E01232,S0344,C004,12/12/2023,99,Yes,Completed
E01233,S0344,C028,3/29/2023,46,No,In Progress
E01234,S0345,C031,8/23/2023,85,Yes,Completed
E01235,S0345,C005,3/14/2025,91,Yes,Completed
E01236,S0345,C036,5/20/2025,83,Yes,Completed
E01237,S0346,C006,4/6/2024,51,No,In Progress
E01238,S0346,C020,6/13/2025,77,No,Completed
E01239,S0346,C028,3/28/2023,39,No,In Progress
E01240,S0346,C003,3/5/2025,48,No,Completed
E01241,S0346,C011,3/5/2024,12,No,Not Started
E01242,S0347,C012,11/5/2024,100,Yes,Completed
E01243,S0347,C015,7/22/2023,40,No,Completed
E01244,S0348,C011,3/31/2025,73,No,In Progress
E01245,S0348,C028,12/25/2023,65,No,In Progress
E01246,S0348,C014,5/6/2025,52,No,Completed
E01247,S0349,C038,3/29/2025,86,Yes,Completed
E01248,S0349,C020,11/29/2024,31,No,Completed
E01249,S0349,C039,12/7/2023,67,No,Not Started
E01250,S0349,C036,5/8/2025,71,No,Completed
E01251,S0350,C026,2/4/2025,27,No,In Progress
E01252,S0350,C030,1/7/2025,17,No,Completed
E01253,S0351,C034,3/17/2024,74,No,Not Started
E01254,S0351,C010,5/23/2024,47,No,In Progress
E01255,S0351,C003,8/18/2024,69,No,Not Started
E01256,S0351,C007,11/12/2024,10,No,Completed
E01257,S0351,C026,3/27/2023,77,No,In Progress
E01258,S0352,C037,2/23/2024,18,No,Completed
E01259,S0352,C018,8/29/2024,22,No,In Progress
E01260,S0352,C021,4/13/2024,86,Yes,Completed
E01261,S0352,C014,10/25/2023,51,No,Completed
E01262,S0352,C005,12/30/2023,13,No,Completed
E01263,S0353,C011,4/23/2023,29,No,Completed
E01264,S0353,C025,3/16/2023,51,No,In Progress
E01265,S0354,C034,7/16/2024,78,No,In Progress
E01266,S0354,C017,6/5/2025,36,No,Not Started
E01267,S0355,C015,3/5/2023,33,No,In Progress
E01268,S0355,C025,2/5/2023,4,No,In Progress
E01269,S0355,C028,3/30/2023,37,No,Completed
E01270,S0356,C031,7/14/2023,74,No,In Progress
E01271,S0356,C006,8/7/2023,29,No,Not Started
E01272,S0356,C032,3/13/2024,90,Yes,Completed
E01273,S0356,C009,9/12/2024,42,No,In Progress
E01274,S0357,C001,7/10/2023,1,No,Not Started
E01275,S0357,C003,3/16/2025,29,No,Not Started
E01276,S0357,C011,5/10/2024,67,No,Not Started
E01277,S0358,C027,5/4/2023,32,No,Not Started
E01278,S0358,C037,4/16/2024,68,No,Completed
E01279,S0358,C038,3/16/2023,28,No,Not Started
E01280,S0359,C016,5/14/2023,26,No,Completed
E01281,S0359,C004,4/18/2023,36,No,In Progress
E01282,S0360,C002,6/19/2024,13,No,Not Started
E01283,S0360,C037,1/27/2023,36,No,Completed
E01284,S0360,C024,5/1/2025,2,No,In Progress
E01285,S0360,C022,5/14/2025,12,No,In Progress
E01286,S0361,C010,2/24/2025,98,Yes,Completed
E01287,S0361,C005,8/16/2023,69,No,In Progress
E01288,S0361,C040,12/17/2023,95,Yes,Completed
E01289,S0362,C035,2/14/2025,12,No,Completed
E01290,S0362,C030,6/24/2023,73,No,In Progress
E01291,S0362,C031,3/13/2024,92,Yes,Completed
E01292,S0362,C011,9/12/2023,16,No,In Progress
E01293,S0363,C015,2/21/2025,18,No,In Progress
E01294,S0363,C026,8/9/2024,54,No,In Progress
E01295,S0363,C008,9/11/2024,82,Yes,Completed
E01296,S0363,C018,1/13/2025,44,No,Not Started
E01297,S0364,C019,9/24/2023,93,Yes,Completed
E01298,S0364,C028,11/5/2024,82,Yes,Completed
E01299,S0364,C021,2/15/2025,45,No,Completed
E01300,S0364,C030,9/15/2023,94,Yes,Completed
E01301,S0365,C018,7/4/2024,0,No,Not Started
E01302,S0365,C017,8/26/2023,36,No,Not Started
E01303,S0365,C025,1/6/2024,60,No,In Progress
E01304,S0365,C031,6/29/2023,48,No,Completed
E01305,S0366,C021,2/25/2024,29,No,In Progress
E01306,S0366,C015,12/2/2024,51,No,Not Started
E01307,S0366,C010,3/14/2024,72,No,Completed
E01308,S0367,C003,1/27/2025,80,Yes,Completed
E01309,S0367,C018,2/28/2023,67,No,In Progress
E01310,S0367,C017,6/10/2023,49,No,Not Started
E01311,S0367,C016,3/2/2024,6,No,Completed
E01312,S0367,C007,2/8/2024,44,No,Completed
E01313,S0368,C003,8/5/2024,28,No,Completed
E01314,S0368,C009,3/2/2023,40,No,In Progress
E01315,S0368,C032,2/18/2023,49,No,In Progress
E01316,S0368,C031,3/10/2025,24,No,Completed
E01317,S0369,C034,10/1/2024,97,Yes,Completed
E01318,S0369,C010,4/6/2024,98,Yes,Completed
E01319,S0370,C023,4/11/2025,12,No,In Progress
E01320,S0370,C006,10/15/2023,99,Yes,Completed
E01321,S0371,C024,6/18/2024,48,No,Completed
E01322,S0371,C013,5/3/2025,84,Yes,Completed
E01323,S0371,C035,2/21/2025,8,No,In Progress
E01324,S0371,C017,5/1/2025,43,No,In Progress
E01325,S0371,C021,11/22/2023,97,Yes,Completed
E01326,S0372,C026,6/26/2024,56,No,In Progress
E01327,S0372,C037,3/5/2024,28,No,Completed
E01328,S0372,C009,1/9/2025,91,Yes,Completed
E01329,S0372,C023,4/4/2024,8,No,Completed
E01330,S0372,C034,11/17/2024,89,Yes,Completed
E01331,S0373,C027,11/25/2023,32,No,Completed
E01332,S0373,C001,12/4/2024,17,No,Completed
E01333,S0373,C013,11/7/2024,27,No,Not Started
E01334,S0373,C015,1/30/2023,57,No,Not Started
E01335,S0373,C006,6/15/2024,100,Yes,Completed
E01336,S0374,C014,7/6/2024,99,Yes,Completed
E01337,S0374,C028,10/14/2024,67,No,In Progress
E01338,S0375,C005,4/9/2025,3,No,In Progress
E01339,S0375,C012,7/13/2023,51,No,Not Started
E01340,S0375,C007,5/23/2023,81,Yes,Completed
E01341,S0375,C009,2/17/2025,74,No,In Progress
E01342,S0376,C023,12/2/2023,96,Yes,Completed
E01343,S0376,C011,8/10/2024,93,Yes,Completed
E01344,S0376,C026,3/1/2025,24,No,Completed
E01345,S0376,C003,9/4/2024,54,No,Not Started
E01346,S0376,C033,8/11/2023,27,No,In Progress
E01347,S0377,C010,2/23/2023,50,No,Completed
E01348,S0377,C038,2/8/2024,64,No,Not Started
E01349,S0377,C034,10/31/2023,44,No,Not Started
E01350,S0377,C017,10/13/2023,69,No,In Progress
E01351,S0377,C020,3/29/2025,66,No,In Progress
E01352,S0378,C007,8/18/2023,77,No,Completed
E01353,S0378,C024,6/2/2023,59,No,In Progress
E01354,S0378,C035,9/17/2024,34,No,In Progress
E01355,S0378,C021,12/27/2024,54,No,In Progress
E01356,S0379,C033,3/22/2025,29,No,Not Started
E01357,S0379,C006,9/14/2023,23,No,In Progress
E01358,S0379,C021,4/9/2023,27,No,Not Started
E01359,S0379,C004,12/1/2023,76,No,Completed
E01360,S0380,C035,1/3/2023,24,No,Not Started
E01361,S0380,C031,9/17/2023,40,No,Completed
E01362,S0381,C013,3/16/2023,54,No,In Progress
E01363,S0381,C011,1/28/2025,57,No,In Progress
E01364,S0382,C039,6/1/2024,43,No,In Progress
E01365,S0382,C021,8/23/2023,91,Yes,Completed
E01366,S0383,C007,9/15/2023,1,No,In Progress
E01367,S0383,C004,5/13/2023,96,Yes,Completed
E01368,S0384,C034,10/15/2023,99,Yes,Completed
E01369,S0384,C024,4/6/2024,31,No,In Progress
E01370,S0384,C012,8/12/2023,60,No,In Progress
E01371,S0385,C013,3/25/2023,35,No,Not Started
E01372,S0385,C023,4/2/2024,96,Yes,Completed
E01373,S0386,C021,12/4/2024,60,No,Completed
E01374,S0386,C003,5/26/2023,31,No,Completed
E01375,S0386,C023,7/11/2024,43,No,In Progress
E01376,S0386,C012,2/23/2023,79,No,Completed
E01377,S0387,C014,1/31/2024,46,No,Not Started
E01378,S0387,C017,11/9/2024,87,Yes,Completed
E01379,S0388,C035,3/31/2025,57,No,Completed
E01380,S0388,C014,2/17/2024,52,No,In Progress
E01381,S0388,C028,8/3/2024,26,No,Completed
E01382,S0388,C011,1/11/2023,70,No,Not Started
E01383,S0389,C003,6/9/2025,87,Yes,Completed
E01384,S0389,C022,11/20/2023,33,No,In Progress
E01385,S0389,C030,12/26/2023,94,Yes,Completed
E01386,S0390,C012,6/13/2024,69,No,Not Started
E01387,S0390,C038,8/12/2024,7,No,Not Started
E01388,S0390,C008,5/22/2023,6,No,Not Started
E01389,S0391,C034,9/27/2023,46,No,In Progress
E01390,S0391,C014,11/13/2024,53,No,Completed
E01391,S0391,C013,5/23/2025,3,No,Not Started
E01392,S0391,C004,1/17/2024,64,No,In Progress
E01393,S0391,C028,3/22/2023,25,No,Not Started
E01394,S0392,C003,8/11/2024,18,No,Not Started
E01395,S0392,C028,4/22/2025,84,Yes,Completed
E01396,S0392,C040,11/12/2024,88,Yes,Completed
E01397,S0392,C006,7/19/2023,77,No,Not Started
E01398,S0392,C010,6/29/2024,43,No,In Progress
E01399,S0393,C017,7/14/2023,31,No,Not Started
E01400,S0393,C034,3/29/2024,79,No,Not Started
E01401,S0393,C014,5/18/2024,10,No,Not Started
E01402,S0393,C029,1/24/2024,69,No,Completed
E01403,S0394,C005,7/10/2024,41,No,Completed
E01404,S0394,C027,4/25/2023,54,No,Completed
E01405,S0394,C011,12/14/2024,24,No,Not Started
E01406,S0395,C004,6/18/2024,67,No,Completed
E01407,S0395,C037,9/23/2023,27,No,Completed
E01408,S0395,C009,2/24/2024,59,No,In Progress
E01409,S0396,C022,3/2/2023,96,Yes,Completed
E01410,S0396,C024,8/15/2023,95,Yes,Completed
E01411,S0396,C037,6/11/2024,65,No,Completed
E01412,S0396,C018,11/30/2023,63,No,Not Started
E01413,S0397,C004,4/21/2025,66,No,Completed
E01414,S0397,C027,12/7/2023,73,No,In Progress
E01415,S0397,C014,9/19/2024,27,No,Completed
E01416,S0397,C011,3/13/2025,43,No,In Progress
E01417,S0397,C023,2/2/2024,84,Yes,Completed
E01418,S0398,C002,6/22/2023,100,Yes,Completed
E01419,S0398,C033,12/24/2024,17,No,Completed
E01420,S0399,C008,10/25/2024,63,No,Completed
E01421,S0399,C019,12/4/2024,96,Yes,Completed
E01422,S0400,C040,9/1/2024,16,No,In Progress
E01423,S0400,C013,2/21/2024,89,Yes,Completed
E01424,S0401,C007,4/8/2025,84,Yes,Completed
E01425,S0401,C023,6/24/2024,52,No,Not Started
E01426,S0401,C024,3/2/2025,82,Yes,Completed
E01427,S0401,C034,8/27/2024,29,No,In Progress
E01428,S0402,C040,6/19/2024,87,Yes,Completed
E01429,S0402,C021,11/20/2024,41,No,Not Started
E01430,S0402,C002,1/13/2023,8,No,Not Started
E01431,S0403,C035,5/21/2025,45,No,In Progress
E01432,S0403,C016,8/8/2023,64,No,In Progress
E01433,S0403,C039,10/20/2024,26,No,Completed
E01434,S0403,C001,5/20/2023,61,No,Completed
E01435,S0404,C005,8/2/2023,12,No,Not Started
E01436,S0404,C013,6/14/2023,43,No,Not Started
E01437,S0405,C023,4/16/2024,76,No,In Progress
E01438,S0405,C004,10/24/2024,20,No,In Progress
E01439,S0405,C006,12/26/2024,56,No,Not Started
E01440,S0406,C021,2/12/2025,15,No,In Progress
E01441,S0406,C025,3/23/2025,93,Yes,Completed
E01442,S0407,C021,12/30/2024,61,No,Completed
E01443,S0407,C017,4/14/2024,11,No,Completed
E01444,S0407,C014,8/26/2023,8,No,In Progress
E01445,S0407,C001,8/16/2023,28,No,Not Started
E01446,S0407,C019,4/22/2023,52,No,Completed
E01447,S0408,C004,9/26/2024,53,No,Not Started
E01448,S0408,C006,4/6/2023,20,No,In Progress
E01449,S0409,C007,12/31/2023,91,Yes,Completed
E01450,S0409,C005,4/5/2025,17,No,In Progress
E01451,S0409,C024,4/11/2023,52,No,Completed
E01452,S0409,C008,10/26/2023,70,No,In Progress
E01453,S0409,C030,1/24/2023,23,No,Completed
E01454,S0410,C028,9/28/2024,88,Yes,Completed
E01455,S0410,C001,4/2/2025,15,No,Not Started
E01456,S0410,C031,1/14/2025,28,No,Not Started
E01457,S0411,C005,10/15/2024,35,No,Completed
E01458,S0411,C039,9/23/2023,2,No,Not Started
E01459,S0411,C022,5/16/2025,41,No,Completed
E01460,S0411,C008,8/28/2023,2,No,In Progress
E01461,S0412,C020,3/25/2023,18,No,Completed
E01462,S0412,C022,5/1/2025,19,No,Completed
E01463,S0413,C028,1/29/2023,98,Yes,Completed
E01464,S0413,C006,3/27/2025,37,No,Completed
E01465,S0413,C002,11/3/2023,42,No,Completed
E01466,S0413,C019,10/24/2024,99,Yes,Completed
E01467,S0413,C013,4/12/2024,86,Yes,Completed
E01468,S0414,C011,12/16/2024,17,No,Completed
E01469,S0414,C022,9/21/2024,81,Yes,Completed
E01470,S0414,C025,7/12/2023,35,No,Completed
E01471,S0415,C025,5/9/2024,50,No,Not Started
E01472,S0415,C039,2/21/2023,35,No,Not Started
E01473,S0415,C002,2/12/2025,86,Yes,Completed
E01474,S0416,C008,12/31/2023,62,No,In Progress
E01475,S0416,C028,4/28/2023,84,Yes,Completed
E01476,S0416,C010,9/5/2023,8,No,In Progress
E01477,S0416,C040,3/7/2025,17,No,Completed
E01478,S0416,C018,12/10/2024,79,No,In Progress
E01479,S0417,C002,6/28/2023,76,No,Not Started
E01480,S0417,C004,5/18/2025,40,No,In Progress
E01481,S0418,C011,1/25/2025,61,No,In Progress
E01482,S0418,C028,4/2/2024,36,No,Completed
E01483,S0418,C001,5/13/2025,19,No,Not Started
E01484,S0418,C022,11/2/2024,66,No,Not Started
E01485,S0418,C013,6/18/2023,8,No,Completed
E01486,S0419,C020,8/20/2023,50,No,In Progress
E01487,S0419,C026,8/15/2023,100,Yes,Completed
E01488,S0419,C006,11/7/2023,98,Yes,Completed
E01489,S0419,C018,10/3/2023,62,No,Not Started
E01490,S0419,C017,7/31/2023,43,No,Completed
E01491,S0420,C038,11/30/2024,87,Yes,Completed
E01492,S0420,C007,7/8/2024,11,No,Completed
E01493,S0421,C019,10/14/2023,21,No,Not Started
E01494,S0421,C016,1/7/2023,82,Yes,Completed
E01495,S0422,C028,2/26/2023,87,Yes,Completed
E01496,S0422,C002,6/25/2024,92,Yes,Completed
E01497,S0422,C009,4/11/2023,16,No,Not Started
E01498,S0422,C017,6/1/2023,54,No,In Progress
E01499,S0423,C010,5/24/2025,54,No,In Progress
E01500,S0423,C015,3/15/2023,87,Yes,Completed
E01501,S0423,C026,10/5/2024,57,No,Completed
E01502,S0423,C007,3/5/2025,36,No,In Progress
E01503,S0423,C003,3/16/2024,16,No,In Progress
E01504,S0424,C039,1/2/2024,68,No,In Progress
E01505,S0424,C018,8/27/2024,4,No,Completed
E01506,S0424,C009,1/9/2024,8,No,In Progress
E01507,S0424,C022,8/12/2024,33,No,Not Started
E01508,S0425,C008,4/14/2025,47,No,In Progress
E01509,S0425,C018,5/1/2025,70,No,In Progress
E01510,S0426,C018,4/5/2025,6,No,Not Started
E01511,S0426,C012,4/2/2025,34,No,In Progress
E01512,S0426,C013,8/12/2023,81,Yes,Completed
E01513,S0427,C025,2/23/2025,30,No,Completed
E01514,S0427,C018,12/4/2024,7,No,Not Started
E01515,S0427,C023,6/11/2025,83,Yes,Completed
E01516,S0428,C005,6/19/2025,69,No,Not Started
E01517,S0428,C011,5/11/2025,97,Yes,Completed
E01518,S0428,C040,12/24/2023,57,No,Not Started
E01519,S0428,C018,7/14/2024,12,No,Completed
E01520,S0429,C031,1/22/2024,24,No,Not Started
E01521,S0429,C014,9/13/2023,88,Yes,Completed
E01522,S0429,C038,3/13/2023,99,Yes,Completed
E01523,S0429,C012,12/6/2023,75,No,Not Started
E01524,S0429,C003,5/20/2024,56,No,In Progress
E01525,S0430,C039,11/2/2024,38,No,Completed
E01526,S0430,C028,2/12/2023,74,No,In Progress
E01527,S0430,C013,9/11/2024,91,Yes,Completed
E01528,S0430,C006,1/11/2023,81,Yes,Completed
E01529,S0430,C026,1/19/2025,15,No,Not Started
E01530,S0431,C027,11/22/2024,32,No,Not Started
E01531,S0431,C033,3/25/2025,81,Yes,Completed
E01532,S0431,C032,5/1/2025,87,Yes,Completed
E01533,S0431,C034,4/28/2025,62,No,Not Started
E01534,S0432,C025,7/3/2023,92,Yes,Completed
E01535,S0432,C034,9/1/2023,59,No,Completed
E01536,S0432,C024,4/13/2025,95,Yes,Completed
E01537,S0433,C028,5/16/2023,8,No,In Progress
E01538,S0433,C017,2/19/2024,71,No,Not Started
E01539,S0433,C025,9/23/2024,36,No,Completed
E01540,S0433,C002,1/5/2024,95,Yes,Completed
E01541,S0434,C020,4/5/2023,35,No,Completed
E01542,S0434,C001,3/13/2024,95,Yes,Completed
E01543,S0434,C027,11/7/2024,24,No,Not Started
E01544,S0434,C012,8/18/2024,46,No,In Progress
E01545,S0434,C004,2/3/2025,80,Yes,Completed
E01546,S0435,C028,5/9/2023,87,Yes,Completed
E01547,S0435,C019,3/28/2024,18,No,Not Started
E01548,S0436,C012,11/13/2024,85,Yes,Completed
E01549,S0436,C011,3/20/2025,95,Yes,Completed
E01550,S0436,C002,6/23/2024,72,No,In Progress
E01551,S0436,C009,6/13/2025,71,No,Not Started
E01552,S0437,C023,11/9/2024,33,No,Completed
E01553,S0437,C020,4/26/2023,60,No,In Progress
E01554,S0437,C001,11/1/2023,46,No,In Progress
E01555,S0437,C005,11/28/2024,8,No,Not Started
E01556,S0438,C039,12/15/2024,51,No,Not Started
E01557,S0438,C016,1/30/2024,63,No,Completed
E01558,S0438,C029,12/28/2023,90,Yes,Completed
E01559,S0438,C001,10/13/2024,63,No,In Progress
E01560,S0439,C023,4/25/2023,57,No,Completed
E01561,S0439,C015,11/24/2024,40,No,In Progress
E01562,S0439,C022,3/8/2024,69,No,In Progress
E01563,S0439,C003,1/22/2024,13,No,Not Started
E01564,S0440,C021,5/2/2024,45,No,Not Started
E01565,S0440,C028,3/28/2025,21,No,Completed
E01566,S0440,C030,1/27/2024,85,Yes,Completed
E01567,S0440,C001,11/22/2024,4,No,Not Started
E01568,S0441,C023,6/16/2025,55,No,In Progress
E01569,S0441,C014,8/4/2023,19,No,Not Started
E01570,S0441,C008,6/9/2025,86,Yes,Completed
E01571,S0442,C030,7/31/2024,85,Yes,Completed
E01572,S0442,C027,10/21/2023,31,No,In Progress
E01573,S0442,C028,1/21/2024,47,No,In Progress
E01574,S0442,C034,1/12/2023,70,No,Completed
E01575,S0442,C021,9/12/2023,15,No,In Progress
E01576,S0443,C020,12/20/2024,6,No,Completed
E01577,S0443,C011,4/17/2024,82,Yes,Completed
E01578,S0443,C029,1/9/2023,74,No,Not Started
E01579,S0443,C008,9/18/2024,8,No,In Progress
E01580,S0444,C023,4/11/2023,75,No,In Progress
E01581,S0444,C038,5/14/2025,36,No,In Progress
E01582,S0444,C007,10/29/2024,62,No,Completed
E01583,S0444,C034,1/11/2025,78,No,Not Started
E01584,S0445,C002,4/11/2024,70,No,In Progress
E01585,S0445,C023,7/3/2024,88,Yes,Completed
E01586,S0445,C017,2/20/2023,64,No,Not Started
E01587,S0445,C038,8/25/2024,25,No,Not Started
E01588,S0445,C026,9/8/2023,55,No,Not Started
E01589,S0446,C031,1/24/2024,13,No,Completed
E01590,S0446,C015,3/20/2023,22,No,Completed
E01591,S0446,C001,6/6/2024,69,No,In Progress
E01592,S0447,C005,4/5/2023,15,No,Not Started
E01593,S0447,C023,12/3/2023,91,Yes,Completed
E01594,S0447,C030,8/21/2023,24,No,Not Started
E01595,S0447,C013,4/17/2024,84,Yes,Completed
E01596,S0448,C024,12/5/2023,75,No,Completed
E01597,S0448,C026,11/3/2023,10,No,In Progress
E01598,S0448,C023,8/15/2023,7,No,Completed
E01599,S0448,C002,5/1/2024,47,No,Completed
E01600,S0449,C039,8/2/2023,50,No,In Progress
E01601,S0449,C011,11/3/2024,89,Yes,Completed
E01602,S0449,C031,6/18/2025,99,Yes,Completed
E01603,S0449,C025,1/22/2023,18,No,Not Started
E01604,S0450,C037,12/1/2024,62,No,In Progress
E01605,S0450,C008,1/1/2024,38,No,Completed
E01606,S0450,C024,4/27/2024,87,Yes,Completed
E01607,S0450,C031,5/4/2024,96,Yes,Completed
E01608,S0451,C016,6/10/2025,49,No,In Progress
E01609,S0451,C013,11/9/2023,14,No,Completed
E01610,S0451,C003,9/10/2024,33,No,Not Started
E01611,S0451,C015,9/7/2023,7,No,In Progress
E01612,S0452,C040,1/17/2025,40,No,In Progress
E01613,S0452,C009,2/25/2025,15,No,Completed
E01614,S0452,C033,10/24/2024,6,No,Not Started
E01615,S0453,C010,8/27/2024,84,Yes,Completed
E01616,S0453,C032,7/18/2023,67,No,Not Started
E01617,S0453,C037,3/6/2023,8,No,Completed
E01618,S0453,C033,6/6/2023,84,Yes,Completed
E01619,S0454,C028,2/13/2024,73,No,Completed
E01620,S0454,C022,7/27/2023,49,No,In Progress
E01621,S0454,C016,12/23/2024,35,No,Completed
E01622,S0454,C034,8/15/2024,62,No,Not Started
E01623,S0454,C021,7/18/2024,23,No,Completed
E01624,S0455,C008,10/18/2024,40,No,Not Started
E01625,S0455,C005,11/11/2023,84,Yes,Completed
E01626,S0455,C012,11/2/2024,1,No,In Progress
E01627,S0455,C039,1/25/2023,50,No,In Progress
E01628,S0456,C023,6/5/2025,48,No,In Progress
E01629,S0456,C004,4/20/2023,13,No,In Progress
E01630,S0456,C008,8/29/2024,39,No,In Progress
E01631,S0456,C009,2/18/2025,17,No,Completed
E01632,S0457,C016,5/20/2025,33,No,Not Started
E01633,S0457,C025,2/11/2024,44,No,Not Started
E01634,S0458,C031,10/6/2024,28,No,In Progress
E01635,S0458,C035,7/23/2023,60,No,Not Started
E01636,S0458,C038,3/15/2023,89,Yes,Completed
E01637,S0458,C014,2/19/2023,57,No,Not Started
E01638,S0459,C015,3/20/2025,99,Yes,Completed
E01639,S0459,C013,2/18/2025,80,Yes,Completed
E01640,S0459,C003,12/14/2024,82,Yes,Completed
E01641,S0460,C020,1/14/2023,41,No,Not Started
E01642,S0460,C037,1/8/2023,46,No,In Progress
E01643,S0460,C009,1/21/2025,46,No,Not Started
E01644,S0460,C024,7/11/2024,11,No,Completed
E01645,S0461,C032,7/2/2023,23,No,In Progress
E01646,S0461,C010,4/30/2025,92,Yes,Completed
E01647,S0461,C021,2/19/2023,75,No,Not Started
E01648,S0462,C029,3/23/2025,26,No,Completed
E01649,S0462,C009,10/7/2024,38,No,Completed
E01650,S0462,C004,1/20/2025,47,No,Not Started
E01651,S0462,C020,1/6/2023,75,No,Not Started
E01652,S0463,C031,1/28/2025,11,No,In Progress
E01653,S0463,C004,12/20/2024,41,No,In Progress
E01654,S0463,C032,6/15/2023,55,No,Completed
E01655,S0464,C027,4/1/2025,19,No,Not Started
E01656,S0464,C024,11/12/2024,78,No,Not Started
E01657,S0464,C036,1/21/2025,98,Yes,Completed
E01658,S0465,C013,10/4/2024,14,No,Completed
E01659,S0465,C022,7/18/2023,46,No,Not Started
E01660,S0465,C014,5/20/2025,83,Yes,Completed
E01661,S0465,C027,7/20/2023,30,No,Not Started
E01662,S0465,C004,12/23/2023,22,No,Not Started
E01663,S0466,C029,8/4/2024,84,Yes,Completed
E01664,S0466,C013,5/3/2025,37,No,In Progress
E01665,S0466,C020,8/31/2023,9,No,Not Started
E01666,S0466,C024,9/28/2024,0,No,In Progress
E01667,S0467,C028,4/6/2025,80,Yes,Completed
E01668,S0467,C015,4/3/2023,21,No,In Progress
E01669,S0467,C022,1/11/2024,8,No,In Progress
E01670,S0468,C027,10/28/2024,64,No,Not Started
E01671,S0468,C008,11/6/2024,88,Yes,Completed
E01672,S0469,C040,1/29/2025,92,Yes,Completed
E01673,S0469,C008,9/19/2023,19,No,In Progress
E01674,S0470,C013,8/2/2024,38,No,Not Started
E01675,S0470,C014,6/11/2025,62,No,Not Started
E01676,S0470,C038,2/18/2023,20,No,Completed
E01677,S0470,C003,6/5/2023,37,No,In Progress
E01678,S0471,C009,5/17/2024,87,Yes,Completed
E01679,S0471,C037,4/13/2025,23,No,Completed
E01680,S0471,C018,4/25/2023,99,Yes,Completed
E01681,S0471,C039,3/21/2023,75,No,Not Started
E01682,S0471,C006,3/5/2025,42,No,In Progress
E01683,S0472,C005,1/14/2025,49,No,In Progress
E01684,S0472,C008,4/7/2024,35,No,In Progress
E01685,S0473,C008,10/30/2023,71,No,Not Started
E01686,S0473,C030,9/23/2024,66,No,Not Started
E01687,S0473,C017,10/28/2023,95,Yes,Completed
E01688,S0473,C028,5/11/2023,2,No,Completed
E01689,S0473,C025,3/27/2025,9,No,Completed
E01690,S0474,C021,3/19/2025,83,Yes,Completed
E01691,S0474,C011,6/6/2023,52,No,In Progress
E01692,S0475,C007,9/5/2023,42,No,In Progress
E01693,S0475,C030,3/15/2024,4,No,In Progress
E01694,S0475,C023,11/10/2023,54,No,Not Started
E01695,S0475,C001,8/3/2024,67,No,Not Started
E01696,S0475,C018,1/19/2023,95,Yes,Completed
E01697,S0476,C020,1/10/2023,69,No,Not Started
E01698,S0476,C039,10/31/2024,86,Yes,Completed
E01699,S0476,C019,8/17/2023,62,No,In Progress
E01700,S0476,C029,3/16/2024,38,No,Not Started
E01701,S0477,C025,2/11/2024,45,No,Completed
E01702,S0477,C006,4/26/2025,48,No,In Progress
E01703,S0477,C007,1/17/2023,95,Yes,Completed
E01704,S0478,C005,4/26/2023,48,No,Not Started
E01705,S0478,C015,5/30/2024,18,No,Completed
E01706,S0479,C031,12/13/2023,9,No,Completed
E01707,S0479,C020,6/9/2025,22,No,Completed
E01708,S0480,C009,5/26/2025,93,Yes,Completed
E01709,S0480,C008,3/31/2025,41,No,In Progress
E01710,S0480,C001,7/27/2024,5,No,Completed
E01711,S0480,C034,1/2/2025,75,No,Not Started
E01712,S0480,C032,6/6/2025,96,Yes,Completed
E01713,S0481,C035,9/9/2023,42,No,Not Started
E01714,S0481,C040,7/12/2023,89,Yes,Completed
E01715,S0482,C009,9/25/2024,56,No,Completed
E01716,S0482,C022,10/17/2024,14,No,Not Started
E01717,S0482,C004,3/21/2023,57,No,Not Started
E01718,S0482,C006,2/5/2025,26,No,Not Started
E01719,S0482,C021,4/1/2025,91,Yes,Completed
E01720,S0483,C024,5/16/2025,42,No,Not Started
E01721,S0483,C033,4/1/2025,84,Yes,Completed
E01722,S0483,C010,7/15/2024,54,No,Not Started
E01723,S0484,C039,3/17/2024,40,No,Not Started
E01724,S0484,C036,12/26/2024,55,No,Completed
E01725,S0484,C005,7/22/2024,82,Yes,Completed
E01726,S0484,C033,8/3/2024,46,No,In Progress
E01727,S0484,C007,5/6/2023,17,No,Not Started
E01728,S0485,C003,1/15/2024,66,No,In Progress
E01729,S0485,C020,4/3/2024,33,No,Not Started
E01730,S0485,C029,10/31/2023,64,No,Not Started
E01731,S0485,C022,4/3/2025,5,No,Completed
E01732,S0485,C024,5/15/2024,16,No,In Progress
E01733,S0486,C004,9/19/2024,44,No,Completed
E01734,S0486,C009,2/7/2023,31,No,Completed
E01735,S0486,C027,6/13/2025,75,No,Completed
E01736,S0486,C037,7/9/2024,63,No,Not Started
E01737,S0486,C007,6/6/2025,85,Yes,Completed
E01738,S0487,C022,4/26/2023,7,No,Not Started
E01739,S0487,C024,1/26/2024,39,No,In Progress
E01740,S0487,C018,10/30/2023,38,No,In Progress
E01741,S0487,C017,8/31/2024,33,No,Not Started
E01742,S0487,C019,3/2/2024,94,Yes,Completed
E01743,S0488,C028,5/13/2025,36,No,Completed
E01744,S0488,C027,6/25/2024,31,No,In Progress
E01745,S0489,C025,4/5/2025,57,No,Completed
E01746,S0489,C009,6/1/2023,6,No,Not Started
E01747,S0489,C007,10/23/2023,31,No,Completed
E01748,S0490,C015,11/28/2023,26,No,Completed
E01749,S0490,C023,2/19/2024,51,No,Completed
E01750,S0490,C036,1/9/2023,60,No,Completed
E01751,S0491,C040,10/24/2023,37,No,In Progress
E01752,S0491,C007,12/13/2023,59,No,Completed
E01753,S0492,C022,7/31/2024,31,No,Not Started
E01754,S0492,C037,9/10/2024,66,No,Completed
E01755,S0492,C031,9/29/2024,26,No,In Progress
E01756,S0492,C011,1/27/2024,94,Yes,Completed
E01757,S0492,C016,2/20/2024,1,No,Not Started
E01758,S0493,C022,9/5/2024,37,No,Completed
E01759,S0493,C011,7/8/2023,75,No,Not Started
E01760,S0493,C014,4/19/2025,64,No,Not Started
E01761,S0493,C032,5/9/2024,7,No,Not Started
E01762,S0493,C006,7/20/2023,56,No,Completed
E01763,S0494,C002,5/24/2023,87,Yes,Completed
E01764,S0494,C035,7/6/2024,47,No,In Progress
E01765,S0494,C039,9/24/2024,17,No,Not Started
E01766,S0494,C026,4/19/2023,53,No,Not Started
E01767,S0495,C025,2/14/2025,2,No,In Progress
E01768,S0495,C002,8/29/2024,67,No,Completed
E01769,S0495,C022,4/19/2023,73,No,In Progress
E01770,S0495,C008,4/4/2025,98,Yes,Completed
E01771,S0495,C037,6/18/2023,88,Yes,Completed
E01772,S0496,C030,4/20/2023,67,No,Not Started
E01773,S0496,C008,1/14/2023,23,No,Not Started
E01774,S0496,C011,3/26/2025,8,No,Completed
E01775,S0497,C032,4/12/2023,96,Yes,Completed
E01776,S0497,C022,8/7/2024,61,No,Completed
E01777,S0497,C031,4/13/2023,32,No,Not Started
E01778,S0497,C030,3/12/2024,45,No,In Progress
E01779,S0497,C014,7/22/2023,56,No,Completed
E01780,S0498,C011,4/11/2023,58,No,Completed
E01781,S0498,C032,6/14/2023,88,Yes,Completed
E01782,S0498,C024,5/3/2024,84,Yes,Completed
E01783,S0498,C002,6/1/2023,45,No,In Progress
E01784,S0498,C033,6/10/2023,76,No,In Progress
E01785,S0499,C034,3/30/2023,93,Yes,Completed
E01786,S0499,C014,2/6/2023,20,No,Completed
E01787,S0499,C018,4/28/2023,13,No,Not Started
E01788,S0499,C039,1/3/2025,25,No,Not Started
E01789,S0499,C035,3/11/2024,24,No,Completed
E01790,S0500,C013,1/11/2024,75,No,In Progress
E01791,S0500,C019,1/10/2025,72,No,Completed
E01792,S0500,C007,9/26/2024,44,No,Not Started
E01793,S0501,C038,2/23/2025,71,No,Not Started
E01794,S0501,C027,2/15/2025,77,No,Not Started
E01795,S0501,C033,11/26/2024,95,Yes,Completed
E01796,S0501,C019,3/3/2023,11,No,Completed
E01797,S0502,C025,11/20/2024,26,No,Not Started
E01798,S0502,C016,12/31/2023,60,No,Completed
E01799,S0502,C011,11/11/2024,16,No,Not Started
E01800,S0503,C028,5/26/2025,66,No,In Progress
E01801,S0503,C022,9/27/2024,18,No,Completed
E01802,S0503,C001,8/3/2023,57,No,Completed
E01803,S0504,C021,3/10/2025,15,No,In Progress
E01804,S0504,C032,8/11/2023,93,Yes,Completed
E01805,S0504,C014,2/21/2024,77,No,Completed
E01806,S0504,C020,2/10/2025,73,No,In Progress
E01807,S0505,C039,3/31/2023,52,No,In Progress
E01808,S0505,C009,4/3/2024,8,No,Not Started
E01809,S0506,C015,4/27/2023,99,Yes,Completed
E01810,S0506,C003,2/19/2025,36,No,Not Started
E01811,S0507,C032,7/25/2023,51,No,Completed
E01812,S0507,C011,5/5/2023,83,Yes,Completed
E01813,S0507,C003,5/21/2024,74,No,In Progress
E01814,S0507,C012,6/25/2024,33,No,Not Started
E01815,S0507,C006,6/14/2023,32,No,In Progress
E01816,S0508,C023,12/21/2023,95,Yes,Completed
E01817,S0508,C009,11/20/2024,27,No,Not Started
E01818,S0509,C021,6/17/2023,67,No,Not Started
E01819,S0509,C005,11/23/2023,52,No,Not Started
E01820,S0510,C017,6/5/2025,76,No,Completed
E01821,S0510,C037,12/24/2023,17,No,Completed
E01822,S0511,C025,4/25/2023,98,Yes,Completed
E01823,S0511,C008,5/28/2023,39,No,Not Started
E01824,S0511,C018,5/10/2024,73,No,In Progress
E01825,S0511,C011,8/15/2024,77,No,Completed
E01826,S0511,C040,8/4/2024,32,No,Completed
E01827,S0512,C036,4/5/2024,42,No,Not Started
E01828,S0512,C039,11/22/2024,73,No,In Progress
E01829,S0512,C020,3/1/2025,61,No,Completed
E01830,S0513,C020,1/30/2023,72,No,Not Started
E01831,S0513,C004,8/4/2024,10,No,Completed
E01832,S0513,C025,4/20/2025,43,No,Completed
E01833,S0513,C002,4/30/2025,1,No,In Progress
E01834,S0513,C034,9/12/2024,23,No,In Progress
E01835,S0514,C010,11/28/2024,17,No,Completed
E01836,S0514,C038,3/11/2025,1,No,Completed
E01837,S0515,C010,6/10/2023,96,Yes,Completed
E01838,S0515,C031,3/30/2023,100,Yes,Completed
E01839,S0515,C005,3/6/2023,11,No,Not Started
E01840,S0515,C016,2/21/2024,2,No,In Progress
E01841,S0516,C020,2/28/2025,6,No,Not Started
E01842,S0516,C035,8/26/2023,23,No,Not Started
E01843,S0516,C019,4/13/2024,70,No,Completed
E01844,S0517,C030,5/7/2023,98,Yes,Completed
E01845,S0517,C006,1/15/2025,13,No,Completed
E01846,S0517,C009,11/7/2023,5,No,In Progress
E01847,S0518,C035,1/28/2024,19,No,Not Started
E01848,S0518,C002,9/28/2024,93,Yes,Completed
E01849,S0518,C004,2/11/2023,69,No,Not Started
E01850,S0519,C015,9/3/2024,59,No,Not Started
E01851,S0519,C016,10/2/2023,77,No,In Progress
E01852,S0519,C027,12/12/2024,20,No,Completed
E01853,S0520,C006,8/18/2024,34,No,In Progress
E01854,S0520,C022,3/15/2024,60,No,Not Started
E01855,S0520,C011,6/12/2024,6,No,Completed
E01856,S0520,C028,6/19/2025,15,No,Not Started
E01857,S0520,C002,3/11/2025,27,No,Completed
E01858,S0521,C028,12/30/2023,89,Yes,Completed
E01859,S0521,C030,8/17/2024,88,Yes,Completed
E01860,S0521,C014,9/13/2024,91,Yes,Completed
E01861,S0521,C005,9/23/2024,95,Yes,Completed
E01862,S0522,C032,7/9/2023,80,Yes,Completed
E01863,S0522,C006,4/13/2023,0,No,Completed
E01864,S0523,C029,9/7/2024,14,No,Not Started
E01865,S0523,C035,5/14/2024,27,No,Not Started
E01866,S0524,C038,5/24/2025,23,No,Not Started
E01867,S0524,C004,4/25/2025,55,No,In Progress
E01868,S0524,C035,12/27/2024,54,No,In Progress
E01869,S0524,C018,5/7/2024,98,Yes,Completed
E01870,S0524,C011,4/20/2023,85,Yes,Completed
E01871,S0525,C033,4/23/2024,85,Yes,Completed
E01872,S0525,C037,4/27/2025,65,No,In Progress
E01873,S0525,C023,1/11/2025,53,No,Not Started
E01874,S0526,C014,8/22/2024,78,No,In Progress
E01875,S0526,C006,9/6/2024,61,No,Completed
E01876,S0526,C009,10/11/2023,71,No,In Progress
E01877,S0526,C021,3/7/2025,99,Yes,Completed
E01878,S0527,C020,7/13/2023,61,No,Not Started
E01879,S0527,C010,3/14/2024,65,No,In Progress
E01880,S0527,C029,1/17/2024,61,No,In Progress
E01881,S0527,C039,1/30/2023,17,No,In Progress
E01882,S0528,C038,12/27/2024,57,No,Not Started
E01883,S0528,C012,8/16/2024,25,No,Not Started
E01884,S0528,C039,8/8/2024,33,No,Not Started
E01885,S0528,C030,6/3/2024,30,No,In Progress
E01886,S0528,C037,10/8/2024,86,Yes,Completed
E01887,S0529,C037,7/16/2023,60,No,In Progress
E01888,S0529,C030,5/18/2025,92,Yes,Completed
E01889,S0529,C008,11/27/2023,64,No,Not Started
E01890,S0529,C016,2/3/2024,60,No,In Progress
E01891,S0529,C010,4/10/2023,49,No,Completed
E01892,S0530,C012,10/30/2024,33,No,In Progress
E01893,S0530,C017,8/12/2023,44,No,Completed
E01894,S0530,C018,10/22/2023,17,No,In Progress
E01895,S0530,C007,11/10/2024,25,No,In Progress
E01896,S0530,C026,3/30/2025,60,No,Completed
E01897,S0531,C031,5/9/2025,84,Yes,Completed
E01898,S0531,C027,1/13/2024,39,No,In Progress
E01899,S0531,C008,3/7/2024,1,No,Completed
E01900,S0532,C024,9/3/2024,12,No,Completed
E01901,S0532,C035,1/22/2023,78,No,In Progress
E01902,S0532,C015,4/23/2025,30,No,Completed
E01903,S0532,C011,10/19/2024,55,No,In Progress
E01904,S0532,C018,10/9/2024,28,No,In Progress
E01905,S0533,C021,11/24/2024,64,No,In Progress
E01906,S0533,C023,4/17/2025,35,No,Completed
E01907,S0533,C039,10/2/2023,26,No,Completed
E01908,S0533,C024,3/13/2025,43,No,Completed
E01909,S0533,C027,5/12/2024,81,Yes,Completed
E01910,S0534,C030,5/14/2023,84,Yes,Completed
E01911,S0534,C024,12/9/2023,63,No,Not Started
E01912,S0534,C005,3/10/2024,87,Yes,Completed
E01913,S0534,C006,5/2/2024,95,Yes,Completed
E01914,S0534,C014,12/3/2024,19,No,In Progress
E01915,S0535,C038,9/2/2023,35,No,Not Started
E01916,S0535,C002,6/29/2024,99,Yes,Completed
E01917,S0535,C023,11/29/2023,37,No,Completed
E01918,S0535,C026,4/24/2023,58,No,In Progress
E01919,S0535,C022,5/4/2023,8,No,Completed
E01920,S0536,C013,2/7/2024,75,No,In Progress
E01921,S0536,C027,10/2/2023,92,Yes,Completed
E01922,S0537,C032,5/31/2025,83,Yes,Completed
E01923,S0537,C037,12/29/2024,3,No,In Progress
E01924,S0537,C001,8/4/2023,98,Yes,Completed
E01925,S0537,C013,11/1/2023,18,No,Not Started
E01926,S0537,C006,11/6/2024,57,No,Completed
E01927,S0538,C003,12/15/2023,33,No,Completed
E01928,S0538,C025,8/15/2024,51,No,Not Started
E01929,S0538,C015,11/21/2023,60,No,Completed
E01930,S0538,C032,1/10/2023,41,No,Completed
E01931,S0539,C027,3/10/2024,68,No,Not Started
E01932,S0539,C023,6/23/2024,89,Yes,Completed
E01933,S0539,C035,5/24/2025,62,No,In Progress
E01934,S0540,C033,11/10/2024,2,No,Not Started
E01935,S0540,C038,1/24/2024,13,No,Not Started
E01936,S0540,C035,6/9/2023,61,No,In Progress
E01937,S0540,C003,12/25/2023,75,No,Completed
E01938,S0541,C005,7/13/2024,25,No,In Progress
E01939,S0541,C002,1/21/2025,34,No,In Progress
E01940,S0542,C032,7/29/2023,99,Yes,Completed
E01941,S0542,C010,4/17/2025,0,No,Completed
E01942,S0543,C039,7/3/2024,7,No,In Progress
E01943,S0543,C002,5/28/2024,87,Yes,Completed
E01944,S0543,C004,6/2/2024,84,Yes,Completed
E01945,S0544,C029,6/1/2023,27,No,In Progress
E01946,S0544,C009,3/14/2025,48,No,Completed
E01947,S0545,C011,5/10/2025,62,No,In Progress
E01948,S0545,C009,10/17/2023,74,No,In Progress
E01949,S0545,C007,9/11/2024,54,No,In Progress
E01950,S0545,C024,3/31/2024,70,No,In Progress
E01951,S0545,C032,10/11/2023,6,No,Completed
E01952,S0546,C013,4/6/2023,60,No,Not Started
E01953,S0546,C020,2/17/2024,95,Yes,Completed
E01954,S0546,C018,4/29/2025,64,No,Not Started
E01955,S0546,C029,12/12/2023,32,No,In Progress
E01956,S0547,C004,2/5/2024,75,No,Completed
E01957,S0547,C033,9/29/2024,68,No,Not Started
E01958,S0548,C003,8/3/2024,64,No,In Progress
E01959,S0548,C015,9/21/2023,6,No,Not Started
E01960,S0548,C029,1/24/2023,83,Yes,Completed
E01961,S0548,C026,10/28/2023,48,No,In Progress
E01962,S0548,C007,9/8/2023,95,Yes,Completed
E01963,S0549,C005,2/3/2023,24,No,Not Started
E01964,S0549,C006,9/11/2023,96,Yes,Completed
E01965,S0549,C010,12/18/2023,6,No,Not Started
E01966,S0549,C029,8/21/2024,13,No,Not Started
E01967,S0550,C020,9/23/2024,63,No,Not Started
E01968,S0550,C038,11/7/2024,43,No,Not Started
E01969,S0551,C020,10/29/2024,14,No,Not Started
E01970,S0551,C029,7/5/2024,55,No,In Progress
E01971,S0551,C022,3/21/2025,4,No,In Progress
E01972,S0551,C031,1/15/2024,45,No,In Progress
E01973,S0552,C033,3/18/2023,95,Yes,Completed
E01974,S0552,C007,1/31/2024,46,No,In Progress
E01975,S0552,C002,6/2/2024,52,No,Not Started
E01976,S0553,C039,5/8/2024,60,No,Not Started
E01977,S0553,C024,10/4/2023,75,No,Completed
E01978,S0553,C029,8/4/2023,17,No,Not Started
E01979,S0553,C019,10/26/2023,22,No,Not Started
E01980,S0553,C012,5/2/2023,60,No,Completed
E01981,S0554,C029,4/27/2023,68,No,In Progress
E01982,S0554,C033,12/30/2024,1,No,In Progress
E01983,S0555,C032,2/21/2024,19,No,Completed
E01984,S0555,C033,12/27/2023,60,No,Not Started
E01985,S0555,C001,4/18/2023,94,Yes,Completed
E01986,S0555,C008,4/3/2023,87,Yes,Completed
E01987,S0556,C011,11/7/2024,76,No,Not Started
E01988,S0556,C029,7/6/2023,11,No,Completed
E01989,S0556,C019,5/17/2023,16,No,Not Started
E01990,S0556,C036,10/29/2024,96,Yes,Completed
E01991,S0557,C003,11/23/2023,85,Yes,Completed
E01992,S0557,C026,2/4/2024,93,Yes,Completed
E01993,S0558,C002,11/13/2023,8,No,Not Started
E01994,S0558,C007,1/27/2023,6,No,Not Started
E01995,S0559,C020,3/20/2024,6,No,In Progress
E01996,S0559,C016,4/18/2025,41,No,Completed
E01997,S0560,C009,7/27/2023,10,No,Not Started
E01998,S0560,C028,1/18/2024,11,No,Completed
E01999,S0560,C013,2/21/2024,62,No,In Progress
E02000,S0561,C008,3/30/2024,67,No,Completed
E02001,S0561,C039,4/14/2024,4,No,Not Started
E02002,S0561,C029,1/9/2023,98,Yes,Completed
E02003,S0562,C017,4/10/2025,77,No,Completed
E02004,S0562,C008,6/20/2024,7,No,Completed
E02005,S0562,C013,12/31/2024,86,Yes,Completed
E02006,S0562,C005,1/4/2025,24,No,Not Started
E02007,S0563,C031,4/17/2023,46,No,Not Started
E02008,S0563,C017,5/11/2024,23,No,Not Started
E02009,S0563,C034,3/5/2024,61,No,Not Started
E02010,S0564,C020,6/24/2024,73,No,Not Started
E02011,S0564,C016,11/1/2023,73,No,Not Started
E02012,S0565,C001,1/26/2025,52,No,Completed
E02013,S0565,C002,6/19/2023,84,Yes,Completed
E02014,S0565,C015,9/16/2024,4,No,Completed
E02015,S0566,C031,9/14/2024,13,No,Not Started
E02016,S0566,C027,11/16/2024,38,No,Completed
E02017,S0566,C037,3/2/2023,34,No,Completed
E02018,S0566,C024,4/25/2024,82,Yes,Completed
E02019,S0567,C001,8/11/2024,2,No,In Progress
E02020,S0567,C016,6/25/2023,5,No,Not Started
E02021,S0567,C007,2/11/2024,89,Yes,Completed
E02022,S0568,C039,9/17/2024,93,Yes,Completed
E02023,S0568,C036,3/28/2023,42,No,In Progress
E02024,S0568,C027,2/21/2023,24,No,In Progress
E02025,S0568,C026,5/14/2025,73,No,In Progress
E02026,S0569,C038,7/23/2023,82,Yes,Completed
E02027,S0569,C001,10/29/2024,26,No,Not Started
E02028,S0569,C004,1/22/2023,18,No,Completed
E02029,S0569,C023,6/21/2024,84,Yes,Completed
E02030,S0569,C035,12/16/2024,70,No,Not Started
E02031,S0570,C009,4/7/2024,50,No,In Progress
E02032,S0570,C002,4/22/2025,23,No,Completed
E02033,S0570,C030,9/3/2023,91,Yes,Completed
E02034,S0570,C017,10/3/2023,60,No,Completed
E02035,S0570,C021,4/2/2024,51,No,Completed
E02036,S0571,C003,2/28/2025,40,No,Completed
E02037,S0571,C031,1/9/2025,82,Yes,Completed
E02038,S0571,C012,4/7/2024,52,No,In Progress
E02039,S0572,C008,5/31/2025,70,No,Not Started
E02040,S0572,C015,2/20/2023,75,No,In Progress
E02041,S0572,C017,10/9/2023,34,No,In Progress
E02042,S0573,C034,9/20/2024,21,No,Completed
E02043,S0573,C037,11/13/2023,15,No,In Progress
E02044,S0573,C013,10/2/2023,6,No,In Progress
E02045,S0573,C006,1/8/2023,41,No,Completed
E02046,S0574,C028,6/12/2025,44,No,Not Started
E02047,S0574,C002,1/15/2024,62,No,In Progress
E02048,S0574,C014,6/17/2024,47,No,In Progress
E02049,S0574,C027,4/5/2024,95,Yes,Completed
E02050,S0575,C014,10/2/2023,17,No,In Progress
E02051,S0575,C006,4/3/2023,19,No,Completed
E02052,S0575,C017,1/16/2023,60,No,Completed
E02053,S0575,C034,5/22/2024,94,Yes,Completed
E02054,S0575,C002,7/2/2023,54,No,In Progress
E02055,S0576,C024,3/13/2024,11,No,Not Started
E02056,S0576,C015,8/27/2023,73,No,In Progress
E02057,S0576,C032,1/13/2024,0,No,In Progress
E02058,S0576,C011,2/21/2025,35,No,In Progress
E02059,S0577,C020,1/4/2025,73,No,Not Started
E02060,S0577,C008,6/8/2024,18,No,Not Started
E02061,S0577,C033,12/11/2023,81,Yes,Completed
E02062,S0577,C032,2/19/2023,1,No,In Progress
E02063,S0577,C024,2/21/2023,16,No,Completed
E02064,S0578,C017,2/25/2024,58,No,In Progress
E02065,S0578,C009,11/8/2024,83,Yes,Completed
E02066,S0578,C016,1/27/2024,40,No,Completed
E02067,S0578,C032,7/11/2023,100,Yes,Completed
E02068,S0579,C026,12/13/2024,73,No,Not Started
E02069,S0579,C021,7/12/2024,60,No,Not Started
E02070,S0579,C001,2/9/2025,27,No,In Progress
E02071,S0579,C017,5/8/2023,56,No,Not Started
E02072,S0580,C003,8/22/2024,3,No,In Progress
E02073,S0580,C029,1/7/2023,26,No,Completed
E02074,S0580,C011,12/14/2023,38,No,Completed
E02075,S0580,C021,8/5/2023,47,No,In Progress
E02076,S0581,C019,1/14/2024,67,No,In Progress
E02077,S0581,C006,9/29/2024,3,No,In Progress
E02078,S0582,C013,3/19/2023,54,No,In Progress
E02079,S0582,C028,6/6/2023,48,No,In Progress
E02080,S0582,C027,4/27/2023,27,No,Not Started
E02081,S0582,C019,1/31/2023,68,No,In Progress
E02082,S0582,C008,1/18/2025,53,No,Completed
E02083,S0583,C018,4/25/2023,39,No,Completed
E02084,S0583,C024,6/13/2025,26,No,In Progress
E02085,S0584,C004,9/22/2023,7,No,Completed
E02086,S0584,C039,8/22/2024,13,No,In Progress
E02087,S0584,C009,8/11/2023,82,Yes,Completed
E02088,S0584,C011,10/23/2023,2,No,In Progress
E02089,S0584,C024,10/4/2024,67,No,In Progress
E02090,S0585,C033,3/12/2025,53,No,In Progress
E02091,S0585,C027,12/29/2023,39,No,Not Started
E02092,S0585,C025,4/7/2023,53,No,Completed
E02093,S0585,C006,1/20/2025,70,No,Not Started
E02094,S0586,C027,4/15/2024,69,No,Not Started
E02095,S0586,C015,10/4/2024,79,No,Not Started
E02096,S0586,C038,9/23/2023,9,No,Completed
E02097,S0586,C032,1/13/2023,44,No,Completed
E02098,S0586,C014,5/30/2025,66,No,Not Started
E02099,S0587,C019,2/23/2024,41,No,Not Started
E02100,S0587,C016,2/29/2024,28,No,In Progress
E02101,S0587,C014,1/31/2025,0,No,Completed
E02102,S0588,C038,5/29/2025,100,Yes,Completed
E02103,S0588,C013,4/15/2023,69,No,In Progress
E02104,S0588,C004,11/6/2023,66,No,Not Started
E02105,S0589,C028,5/16/2024,11,No,In Progress
E02106,S0589,C014,4/27/2025,88,Yes,Completed
E02107,S0589,C009,2/21/2024,69,No,In Progress
E02108,S0590,C029,1/6/2025,83,Yes,Completed
E02109,S0590,C014,3/22/2023,80,Yes,Completed
E02110,S0591,C002,5/1/2024,22,No,Not Started
E02111,S0591,C025,9/11/2023,36,No,In Progress
E02112,S0591,C012,7/24/2024,51,No,Completed
E02113,S0592,C018,5/21/2024,29,No,Completed
E02114,S0592,C002,2/23/2025,60,No,Completed
E02115,S0593,C028,2/10/2025,46,No,Not Started
E02116,S0593,C022,9/3/2024,66,No,Completed
E02117,S0593,C018,12/24/2024,70,No,In Progress
E02118,S0594,C030,12/20/2023,21,No,Completed
E02119,S0594,C012,6/20/2024,50,No,In Progress
E02120,S0594,C028,1/7/2023,55,No,Completed
E02121,S0594,C029,9/11/2023,52,No,In Progress
E02122,S0595,C016,7/19/2023,57,No,In Progress
E02123,S0595,C036,6/3/2024,79,No,Not Started
E02124,S0595,C039,6/20/2024,0,No,Completed
E02125,S0595,C009,1/8/2025,50,No,Completed
E02126,S0595,C010,11/2/2023,95,Yes,Completed
E02127,S0596,C003,6/13/2024,21,No,Not Started
E02128,S0596,C001,6/13/2025,65,No,Not Started
E02129,S0596,C002,9/1/2023,70,No,Not Started
E02130,S0596,C004,3/19/2024,86,Yes,Completed
E02131,S0596,C031,12/9/2023,68,No,Completed
E02132,S0597,C037,1/23/2025,27,No,Not Started
E02133,S0597,C002,1/17/2023,88,Yes,Completed
E02134,S0597,C033,2/5/2025,51,No,Completed
E02135,S0597,C001,12/19/2024,26,No,In Progress
E02136,S0597,C015,8/14/2024,28,No,Not Started
E02137,S0598,C005,5/25/2025,46,No,Not Started
E02138,S0598,C002,6/20/2024,69,No,Completed
E02139,S0598,C025,2/22/2024,3,No,Completed
E02140,S0598,C007,11/11/2024,28,No,Completed
E02141,S0599,C004,2/18/2024,53,No,Not Started
E02142,S0599,C003,3/19/2025,33,No,Completed
E02143,S0600,C031,4/17/2023,59,No,Not Started
E02144,S0600,C023,3/15/2024,19,No,Completed
E02145,S0601,C038,12/1/2024,64,No,Completed
E02146,S0601,C015,8/6/2023,93,Yes,Completed
E02147,S0601,C040,8/4/2023,13,No,In Progress
E02148,S0601,C007,1/5/2025,36,No,Not Started
E02149,S0601,C011,12/31/2024,43,No,In Progress
E02150,S0602,C024,6/16/2024,65,No,In Progress
E02151,S0602,C023,6/10/2024,93,Yes,Completed
E02152,S0602,C025,2/11/2025,28,No,Not Started
E02153,S0603,C003,8/9/2024,48,No,In Progress
E02154,S0603,C034,2/11/2024,88,Yes,Completed
E02155,S0603,C004,7/11/2023,53,No,Not Started
E02156,S0604,C003,1/24/2025,87,Yes,Completed
E02157,S0604,C028,2/2/2024,35,No,Completed
E02158,S0604,C001,5/1/2023,3,No,In Progress
E02159,S0604,C040,1/11/2024,70,No,Completed
E02160,S0605,C007,7/7/2023,40,No,In Progress
E02161,S0605,C002,9/10/2023,84,Yes,Completed
E02162,S0605,C003,3/22/2025,42,No,In Progress
E02163,S0606,C034,10/10/2023,3,No,Not Started
E02164,S0606,C025,7/6/2024,69,No,Completed
E02165,S0606,C007,8/9/2024,96,Yes,Completed
E02166,S0607,C004,12/31/2023,99,Yes,Completed
E02167,S0607,C020,11/8/2024,92,Yes,Completed
E02168,S0607,C038,3/21/2024,88,Yes,Completed
E02169,S0607,C021,11/5/2023,98,Yes,Completed
E02170,S0608,C005,11/5/2024,11,No,Not Started
E02171,S0608,C002,1/21/2024,23,No,In Progress
E02172,S0608,C039,11/23/2024,97,Yes,Completed
E02173,S0608,C023,12/24/2023,19,No,Not Started
E02174,S0608,C033,4/8/2024,50,No,Completed
E02175,S0609,C019,2/3/2024,12,No,Not Started
E02176,S0609,C004,4/5/2025,24,No,Completed
E02177,S0609,C033,8/5/2024,76,No,In Progress
E02178,S0609,C023,5/15/2025,33,No,Not Started
E02179,S0610,C017,6/14/2025,75,No,Not Started
E02180,S0610,C007,1/10/2024,82,Yes,Completed
E02181,S0610,C010,4/8/2024,75,No,In Progress
E02182,S0610,C028,2/16/2024,92,Yes,Completed
E02183,S0610,C019,2/26/2025,43,No,Not Started
E02184,S0611,C028,10/30/2024,79,No,In Progress
E02185,S0611,C031,11/17/2024,80,Yes,Completed
E02186,S0611,C024,7/4/2023,61,No,In Progress
E02187,S0611,C006,1/2/2025,83,Yes,Completed
E02188,S0611,C018,2/15/2025,75,No,In Progress
E02189,S0612,C022,10/25/2024,78,No,Not Started
E02190,S0612,C016,2/14/2024,51,No,In Progress
E02191,S0613,C024,8/24/2023,11,No,Not Started
E02192,S0613,C026,3/30/2024,76,No,In Progress
E02193,S0613,C008,8/16/2023,40,No,Completed
E02194,S0613,C014,6/9/2024,99,Yes,Completed
E02195,S0614,C035,6/7/2023,62,No,Completed
E02196,S0614,C003,1/19/2023,2,No,Completed
E02197,S0614,C023,3/5/2025,66,No,Not Started
E02198,S0615,C003,2/14/2025,2,No,Completed
E02199,S0615,C028,8/27/2023,53,No,Completed
E02200,S0615,C033,1/18/2025,25,No,Completed
E02201,S0616,C009,12/8/2023,26,No,Completed
E02202,S0616,C018,10/16/2023,98,Yes,Completed
E02203,S0616,C013,1/14/2023,70,No,In Progress
E02204,S0616,C001,12/22/2024,24,No,Not Started
E02205,S0616,C015,2/14/2025,87,Yes,Completed
E02206,S0617,C018,6/3/2023,63,No,Not Started
E02207,S0617,C029,5/15/2023,35,No,In Progress
E02208,S0617,C038,3/30/2023,50,No,Not Started
E02209,S0618,C034,7/17/2023,4,No,In Progress
E02210,S0618,C025,8/1/2023,93,Yes,Completed
E02211,S0618,C005,11/14/2023,24,No,Not Started
E02212,S0618,C016,3/31/2025,57,No,Not Started
E02213,S0619,C024,3/22/2024,88,Yes,Completed
E02214,S0619,C020,2/19/2024,55,No,In Progress
E02215,S0620,C014,3/23/2024,10,No,In Progress
E02216,S0620,C037,2/22/2024,51,No,In Progress
E02217,S0621,C015,5/15/2024,100,Yes,Completed
E02218,S0621,C035,4/4/2023,86,Yes,Completed
E02219,S0622,C015,1/1/2024,95,Yes,Completed
E02220,S0622,C022,12/16/2023,63,No,Completed
E02221,S0623,C003,1/6/2024,41,No,In Progress
E02222,S0623,C023,8/4/2024,34,No,Completed
E02223,S0623,C015,8/24/2024,35,No,Completed
E02224,S0623,C037,9/22/2024,47,No,Not Started
E02225,S0624,C010,9/3/2023,82,Yes,Completed
E02226,S0624,C020,2/20/2025,6,No,In Progress
E02227,S0624,C007,8/1/2023,20,No,In Progress
E02228,S0625,C009,9/26/2023,100,Yes,Completed
E02229,S0625,C019,1/10/2025,65,No,In Progress
E02230,S0625,C011,4/2/2025,90,Yes,Completed
E02231,S0625,C038,9/19/2024,5,No,Not Started
E02232,S0626,C003,5/31/2025,21,No,Completed
E02233,S0626,C040,12/5/2023,45,No,In Progress
E02234,S0626,C023,8/25/2023,16,No,Completed
E02235,S0626,C024,2/14/2025,21,No,Completed
E02236,S0627,C002,6/9/2025,99,Yes,Completed
E02237,S0627,C031,4/17/2025,69,No,Completed
E02238,S0628,C006,7/8/2024,91,Yes,Completed
E02239,S0628,C029,5/28/2024,56,No,Not Started
E02240,S0628,C030,3/25/2024,22,No,Not Started
E02241,S0628,C002,6/22/2023,14,No,Completed
E02242,S0629,C025,4/16/2023,74,No,Not Started
E02243,S0629,C005,1/7/2025,25,No,In Progress
E02244,S0629,C032,9/27/2024,20,No,Completed
E02245,S0630,C030,10/22/2024,3,No,In Progress
E02246,S0630,C006,1/1/2024,81,Yes,Completed
E02247,S0630,C016,11/10/2023,84,Yes,Completed
E02248,S0630,C032,10/29/2023,8,No,Completed
E02249,S0631,C026,6/10/2023,45,No,In Progress
E02250,S0631,C015,1/19/2023,55,No,Completed
E02251,S0631,C023,4/25/2023,46,No,In Progress
E02252,S0632,C037,2/2/2023,77,No,In Progress
E02253,S0632,C038,2/5/2025,24,No,Completed
E02254,S0632,C006,10/29/2023,69,No,Not Started
E02255,S0632,C032,2/23/2023,25,No,Completed
E02256,S0632,C025,10/29/2024,32,No,In Progress
E02257,S0633,C026,5/7/2025,40,No,Completed
E02258,S0633,C030,10/4/2023,53,No,In Progress
E02259,S0633,C007,1/22/2025,60,No,Not Started
E02260,S0634,C034,7/7/2023,71,No,Not Started
E02261,S0634,C013,1/21/2025,0,No,Not Started
E02262,S0634,C004,5/19/2024,71,No,Not Started
E02263,S0634,C029,10/27/2024,37,No,Completed
E02264,S0634,C031,9/22/2024,87,Yes,Completed
E02265,S0635,C001,5/10/2025,47,No,Not Started
E02266,S0635,C014,9/28/2023,50,No,Completed
E02267,S0635,C035,4/3/2025,5,No,Completed
E02268,S0636,C022,2/12/2025,76,No,In Progress
E02269,S0636,C016,9/5/2023,68,No,Completed
E02270,S0637,C030,12/9/2023,54,No,Completed
E02271,S0637,C012,2/22/2024,62,No,Not Started
E02272,S0638,C001,7/18/2023,23,No,Not Started
E02273,S0638,C037,6/13/2025,27,No,Completed
E02274,S0638,C020,10/18/2023,62,No,In Progress
E02275,S0638,C003,12/7/2024,61,No,In Progress
E02276,S0638,C014,10/4/2024,13,No,Not Started
E02277,S0639,C039,8/11/2023,40,No,In Progress
E02278,S0639,C008,12/17/2024,79,No,In Progress
E02279,S0640,C026,4/22/2025,10,No,In Progress
E02280,S0640,C016,7/2/2023,38,No,Completed
E02281,S0640,C018,8/7/2024,30,No,Not Started
E02282,S0640,C040,4/17/2023,70,No,In Progress
E02283,S0640,C031,5/25/2023,41,No,In Progress
E02284,S0641,C003,12/18/2024,75,No,In Progress
E02285,S0641,C028,2/18/2025,30,No,Completed
E02286,S0641,C010,7/24/2024,31,No,Completed
E02287,S0641,C013,3/1/2025,89,Yes,Completed
E02288,S0641,C031,7/6/2023,32,No,Not Started
E02289,S0642,C005,2/11/2024,68,No,In Progress
E02290,S0642,C015,8/2/2023,85,Yes,Completed
E02291,S0643,C034,9/12/2023,87,Yes,Completed
E02292,S0643,C017,1/12/2024,79,No,In Progress
E02293,S0643,C036,10/22/2023,54,No,Not Started
E02294,S0643,C023,3/12/2025,33,No,Not Started
E02295,S0643,C028,9/30/2023,39,No,Not Started
E02296,S0644,C035,5/1/2025,95,Yes,Completed
E02297,S0644,C018,8/1/2024,44,No,In Progress
E02298,S0644,C024,12/28/2023,39,No,In Progress
E02299,S0644,C034,6/23/2023,28,No,In Progress
E02300,S0644,C003,6/6/2023,6,No,In Progress
E02301,S0645,C013,1/25/2023,13,No,Not Started
E02302,S0645,C022,7/29/2023,52,No,Completed
E02303,S0645,C001,11/11/2023,53,No,Completed
E02304,S0645,C025,5/14/2025,94,Yes,Completed
E02305,S0645,C031,3/15/2025,21,No,In Progress
E02306,S0646,C016,12/30/2024,75,No,Completed
E02307,S0646,C037,5/7/2024,88,Yes,Completed
E02308,S0646,C027,9/8/2024,99,Yes,Completed
E02309,S0646,C008,3/11/2025,74,No,Completed
E02310,S0646,C040,3/18/2025,71,No,Completed
E02311,S0647,C018,1/27/2025,6,No,In Progress
E02312,S0647,C002,1/16/2025,47,No,Completed
E02313,S0647,C008,11/3/2024,65,No,Completed
E02314,S0647,C027,2/1/2025,83,Yes,Completed
E02315,S0648,C038,9/23/2023,25,No,Completed
E02316,S0648,C014,6/10/2025,19,No,In Progress
E02317,S0648,C028,8/9/2024,10,No,Not Started
E02318,S0648,C002,7/14/2024,87,Yes,Completed
E02319,S0649,C025,3/18/2024,15,No,Completed
E02320,S0649,C022,1/8/2023,38,No,In Progress
E02321,S0649,C002,3/31/2023,8,No,Not Started
E02322,S0649,C020,6/17/2023,31,No,In Progress
E02323,S0650,C011,10/6/2024,22,No,Completed
E02324,S0650,C017,10/25/2023,6,No,Completed
E02325,S0651,C030,3/15/2025,8,No,Not Started
E02326,S0651,C024,6/10/2024,30,No,In Progress
E02327,S0651,C040,3/21/2024,34,No,Completed
E02328,S0651,C007,4/10/2023,3,No,In Progress
E02329,S0651,C014,8/25/2023,94,Yes,Completed
E02330,S0652,C031,5/21/2023,94,Yes,Completed
E02331,S0652,C010,6/6/2024,88,Yes,Completed
E02332,S0652,C039,3/22/2025,95,Yes,Completed
E02333,S0653,C021,11/20/2023,6,No,In Progress
E02334,S0653,C003,12/6/2023,85,Yes,Completed
E02335,S0654,C038,10/8/2024,34,No,Completed
E02336,S0654,C010,2/28/2023,15,No,Not Started
E02337,S0654,C026,1/28/2024,10,No,Completed
E02338,S0654,C034,5/20/2024,11,No,In Progress
E02339,S0654,C011,1/7/2024,55,No,Completed
E02340,S0655,C022,10/23/2023,23,No,Completed
E02341,S0655,C011,9/10/2024,78,No,In Progress
E02342,S0655,C008,4/17/2025,89,Yes,Completed
E02343,S0655,C006,4/18/2023,58,No,Completed
E02344,S0655,C037,3/12/2024,38,No,Not Started
E02345,S0656,C010,10/16/2024,0,No,Not Started
E02346,S0656,C034,4/21/2025,57,No,Completed
E02347,S0656,C026,5/25/2023,75,No,Not Started
E02348,S0656,C023,3/30/2025,42,No,Completed
E02349,S0657,C018,12/21/2023,96,Yes,Completed
E02350,S0657,C008,12/13/2024,57,No,Not Started
E02351,S0657,C037,8/14/2024,27,No,Not Started
E02352,S0657,C030,8/3/2023,68,No,Not Started
E02353,S0658,C005,3/19/2024,94,Yes,Completed
E02354,S0658,C036,8/7/2023,48,No,In Progress
E02355,S0658,C018,3/31/2025,82,Yes,Completed
E02356,S0659,C006,7/23/2023,9,No,Completed
E02357,S0659,C039,11/12/2024,18,No,Completed
E02358,S0659,C029,3/11/2024,93,Yes,Completed
E02359,S0659,C009,6/19/2025,38,No,Not Started
E02360,S0660,C001,5/27/2024,42,No,Not Started
E02361,S0660,C010,7/29/2023,61,No,Completed
E02362,S0660,C020,4/5/2025,76,No,Completed
E02363,S0661,C018,10/2/2023,29,No,Completed
E02364,S0661,C022,8/21/2023,74,No,In Progress
E02365,S0662,C012,12/27/2023,80,Yes,Completed
E02366,S0662,C031,7/26/2023,62,No,Completed
E02367,S0662,C014,9/30/2023,12,No,Completed
E02368,S0662,C009,6/23/2023,80,Yes,Completed
E02369,S0662,C019,10/3/2023,29,No,Completed
E02370,S0663,C024,11/22/2024,12,No,Completed
E02371,S0663,C013,3/30/2025,70,No,Not Started
E02372,S0664,C029,12/21/2024,26,No,In Progress
E02373,S0664,C002,3/7/2025,77,No,In Progress
E02374,S0664,C019,6/28/2023,83,Yes,Completed
E02375,S0664,C032,8/22/2023,11,No,Completed
E02376,S0665,C016,7/17/2024,57,No,Completed
E02377,S0665,C038,1/21/2024,49,No,Not Started
E02378,S0665,C033,1/17/2025,84,Yes,Completed
E02379,S0666,C031,12/2/2023,41,No,Completed
E02380,S0666,C018,9/25/2024,72,No,Not Started
E02381,S0666,C015,9/15/2023,26,No,Completed
E02382,S0667,C001,2/25/2024,76,No,Completed
E02383,S0667,C029,4/13/2023,1,No,Not Started
E02384,S0668,C017,4/18/2024,47,No,Completed
E02385,S0668,C037,5/6/2025,70,No,Not Started
E02386,S0668,C031,5/9/2023,59,No,Completed
E02387,S0668,C015,2/7/2024,29,No,Completed
E02388,S0668,C013,5/24/2024,39,No,Not Started
E02389,S0669,C028,4/13/2024,87,Yes,Completed
E02390,S0669,C011,10/26/2024,13,No,Completed
E02391,S0669,C016,9/22/2023,34,No,In Progress
E02392,S0669,C012,12/27/2024,53,No,Not Started
E02393,S0670,C033,4/23/2024,35,No,Not Started
E02394,S0670,C010,3/25/2024,50,No,In Progress
E02395,S0670,C007,3/5/2023,84,Yes,Completed
E02396,S0671,C021,6/13/2025,54,No,Not Started
E02397,S0671,C024,9/14/2024,51,No,Completed
E02398,S0672,C030,1/16/2023,54,No,In Progress
E02399,S0672,C001,1/12/2023,95,Yes,Completed
E02400,S0672,C023,6/21/2024,0,No,In Progress
E02401,S0672,C011,3/7/2024,84,Yes,Completed
E02402,S0673,C033,2/6/2025,13,No,In Progress
E02403,S0673,C034,8/16/2023,40,No,Completed
E02404,S0674,C030,10/31/2023,50,No,Completed
E02405,S0674,C018,10/28/2023,45,No,Not Started
E02406,S0674,C001,1/7/2024,47,No,In Progress
E02407,S0674,C012,12/10/2023,19,No,Not Started
E02408,S0675,C006,2/27/2023,23,No,Not Started
E02409,S0675,C016,1/28/2023,98,Yes,Completed
E02410,S0675,C028,11/26/2023,40,No,Completed
E02411,S0676,C013,5/22/2024,5,No,Not Started
E02412,S0676,C009,3/24/2023,8,No,Not Started
E02413,S0676,C029,8/2/2023,24,No,Completed
E02414,S0676,C008,4/23/2024,44,No,Completed
E02415,S0676,C002,4/26/2024,38,No,Completed
E02416,S0677,C017,1/20/2025,82,Yes,Completed
E02417,S0677,C029,1/2/2025,64,No,In Progress
E02418,S0677,C036,1/19/2024,3,No,In Progress
E02419,S0678,C008,4/13/2025,43,No,In Progress
E02420,S0678,C032,7/31/2024,57,No,Not Started
E02421,S0679,C013,8/14/2023,78,No,In Progress
E02422,S0679,C014,3/29/2024,100,Yes,Completed
E02423,S0679,C016,10/3/2024,11,No,Completed
E02424,S0679,C035,3/14/2023,43,No,Completed
E02425,S0680,C021,2/9/2024,41,No,Completed
E02426,S0680,C005,11/21/2024,90,Yes,Completed
E02427,S0680,C026,7/2/2024,46,No,Completed
E02428,S0680,C007,10/28/2024,46,No,In Progress
E02429,S0681,C007,7/28/2024,30,No,In Progress
E02430,S0681,C024,6/11/2024,43,No,Completed
E02431,S0682,C022,12/1/2023,55,No,Not Started
E02432,S0682,C013,10/24/2023,98,Yes,Completed
E02433,S0683,C030,7/16/2024,68,No,Not Started
E02434,S0683,C020,8/30/2024,34,No,Completed
E02435,S0684,C035,7/16/2024,88,Yes,Completed
E02436,S0684,C040,6/16/2025,23,No,Completed
E02437,S0684,C003,12/6/2024,51,No,Not Started
E02438,S0685,C025,2/27/2024,28,No,Not Started
E02439,S0685,C005,2/5/2023,15,No,In Progress
E02440,S0685,C012,10/2/2023,89,Yes,Completed
E02441,S0686,C033,6/19/2023,82,Yes,Completed
E02442,S0686,C005,6/9/2025,91,Yes,Completed
E02443,S0686,C011,6/10/2025,45,No,In Progress
E02444,S0687,C031,1/16/2025,63,No,In Progress
E02445,S0687,C016,1/14/2024,91,Yes,Completed
E02446,S0687,C006,12/29/2024,56,No,Completed
E02447,S0687,C002,12/21/2023,13,No,Completed
E02448,S0687,C028,4/25/2023,88,Yes,Completed
E02449,S0688,C010,11/22/2024,53,No,Completed
E02450,S0688,C040,5/10/2025,78,No,In Progress
E02451,S0689,C004,4/17/2023,72,No,Completed
E02452,S0689,C032,11/4/2024,58,No,Completed
E02453,S0689,C037,1/28/2024,9,No,Completed
E02454,S0689,C019,8/27/2024,58,No,Not Started
E02455,S0689,C014,1/17/2025,89,Yes,Completed
E02456,S0690,C003,5/9/2023,56,No,Completed
E02457,S0690,C009,4/1/2025,96,Yes,Completed
E02458,S0690,C004,9/11/2024,64,No,Not Started
E02459,S0690,C026,7/20/2024,18,No,Completed
E02460,S0690,C007,5/24/2023,69,No,Completed
E02461,S0691,C026,7/10/2024,31,No,Not Started
E02462,S0691,C010,5/23/2024,79,No,Not Started
E02463,S0692,C009,2/8/2024,32,No,Not Started
E02464,S0692,C019,10/1/2024,31,No,Completed
E02465,S0693,C004,9/16/2024,63,No,Not Started
E02466,S0693,C038,12/30/2023,71,No,Not Started
E02467,S0693,C037,6/13/2023,43,No,In Progress
E02468,S0693,C015,12/2/2023,61,No,Not Started
E02469,S0694,C039,4/26/2024,54,No,Not Started
E02470,S0694,C025,7/3/2023,39,No,Not Started
E02471,S0695,C040,7/22/2023,32,No,Not Started
E02472,S0695,C011,8/4/2024,68,No,Not Started
E02473,S0695,C035,10/5/2024,75,No,In Progress
E02474,S0696,C037,2/12/2023,34,No,Completed
E02475,S0696,C011,6/7/2023,26,No,Completed
E02476,S0696,C035,11/10/2024,38,No,In Progress
E02477,S0696,C020,6/1/2024,92,Yes,Completed
E02478,S0697,C040,8/26/2023,79,No,In Progress
E02479,S0697,C010,9/21/2024,59,No,Not Started
E02480,S0698,C003,2/13/2023,61,No,Not Started
E02481,S0698,C002,8/4/2024,11,No,In Progress
E02482,S0698,C001,1/11/2025,0,No,Not Started
E02483,S0699,C017,2/15/2025,44,No,In Progress
E02484,S0699,C032,7/10/2023,15,No,In Progress
E02485,S0700,C039,1/9/2023,25,No,In Progress
E02486,S0700,C034,12/3/2024,92,Yes,Completed
E02487,S0701,C009,10/15/2023,16,No,Completed
E02488,S0701,C038,5/7/2024,53,No,In Progress
E02489,S0701,C027,6/9/2023,93,Yes,Completed
E02490,S0702,C037,3/25/2024,57,No,In Progress
E02491,S0702,C038,4/19/2023,89,Yes,Completed
E02492,S0702,C027,2/16/2024,10,No,Completed
E02493,S0702,C014,1/21/2024,58,No,Not Started
E02494,S0702,C012,8/12/2024,11,No,Not Started
E02495,S0703,C024,4/26/2023,10,No,In Progress
E02496,S0703,C005,2/9/2023,55,No,Completed
E02497,S0703,C014,5/18/2023,32,No,Completed
E02498,S0704,C014,8/13/2023,94,Yes,Completed
E02499,S0704,C036,4/8/2023,34,No,Completed
E02500,S0704,C029,10/31/2023,96,Yes,Completed
E02501,S0704,C028,9/22/2024,76,No,Completed
E02502,S0704,C002,11/14/2023,88,Yes,Completed
E02503,S0705,C035,11/30/2024,91,Yes,Completed
E02504,S0705,C040,1/17/2025,27,No,Completed
E02505,S0705,C012,6/7/2024,25,No,In Progress
E02506,S0705,C039,5/28/2023,15,No,In Progress
E02507,S0705,C037,8/14/2024,87,Yes,Completed
E02508,S0706,C034,2/22/2023,66,No,Not Started
E02509,S0706,C002,1/15/2024,76,No,Not Started
E02510,S0706,C030,2/10/2025,60,No,Completed
E02511,S0707,C005,5/6/2023,89,Yes,Completed
E02512,S0707,C021,11/3/2023,51,No,Not Started
E02513,S0708,C022,12/3/2023,54,No,Not Started
E02514,S0708,C039,8/26/2023,24,No,Completed
E02515,S0709,C019,6/13/2023,57,No,In Progress
E02516,S0709,C033,4/8/2024,82,Yes,Completed
E02517,S0709,C018,5/30/2024,61,No,Completed
E02518,S0710,C029,12/12/2024,82,Yes,Completed
E02519,S0710,C020,4/13/2024,90,Yes,Completed
E02520,S0710,C011,1/12/2025,2,No,In Progress
E02521,S0710,C016,9/4/2023,34,No,Not Started
E02522,S0711,C020,3/7/2024,52,No,In Progress
E02523,S0711,C011,3/9/2025,45,No,Not Started
E02524,S0712,C012,4/30/2023,71,No,In Progress
E02525,S0712,C036,4/14/2024,8,No,Not Started
E02526,S0712,C026,1/11/2025,11,No,Completed
E02527,S0712,C038,3/30/2025,72,No,In Progress
E02528,S0712,C005,4/30/2023,87,Yes,Completed
E02529,S0713,C012,6/10/2024,73,No,Completed
E02530,S0713,C023,4/27/2023,58,No,In Progress
E02531,S0713,C026,10/20/2024,69,No,Completed
E02532,S0714,C029,2/17/2024,84,Yes,Completed
E02533,S0714,C001,11/7/2024,69,No,Not Started
E02534,S0714,C018,3/20/2024,5,No,Not Started
E02535,S0715,C009,10/12/2024,13,No,In Progress
E02536,S0715,C013,3/21/2024,20,No,Not Started
E02537,S0716,C009,7/8/2023,67,No,Not Started
E02538,S0716,C037,1/19/2023,99,Yes,Completed
E02539,S0716,C020,4/6/2025,14,No,Not Started
E02540,S0717,C027,5/15/2023,97,Yes,Completed
E02541,S0717,C006,1/21/2024,30,No,Completed
E02542,S0718,C025,4/26/2025,84,Yes,Completed
E02543,S0718,C002,2/21/2024,78,No,In Progress
E02544,S0719,C038,2/16/2023,84,Yes,Completed
E02545,S0719,C024,4/17/2024,79,No,Not Started
E02546,S0719,C037,2/24/2024,47,No,Completed
E02547,S0719,C006,1/21/2025,78,No,In Progress
E02548,S0720,C020,3/20/2023,44,No,Not Started
E02549,S0720,C027,2/12/2024,67,No,In Progress
E02550,S0720,C038,6/5/2025,78,No,In Progress
E02551,S0721,C037,8/28/2023,67,No,Completed
E02552,S0721,C010,3/11/2025,52,No,Completed
E02553,S0722,C001,2/12/2024,65,No,In Progress
E02554,S0722,C007,5/24/2025,16,No,Completed
E02555,S0723,C023,11/16/2024,85,Yes,Completed
E02556,S0723,C004,8/12/2023,83,Yes,Completed
E02557,S0724,C038,5/18/2024,9,No,Completed
E02558,S0724,C032,4/23/2023,65,No,Completed
E02559,S0724,C004,12/26/2023,16,No,In Progress
E02560,S0725,C012,4/22/2025,10,No,Not Started
E02561,S0725,C017,11/14/2023,12,No,In Progress
E02562,S0726,C036,2/20/2023,43,No,Not Started
E02563,S0726,C001,5/14/2025,38,No,Not Started
E02564,S0726,C008,1/24/2023,100,Yes,Completed
E02565,S0727,C036,10/24/2023,96,Yes,Completed
E02566,S0727,C019,6/21/2024,36,No,Completed
E02567,S0727,C020,5/12/2025,73,No,Completed
E02568,S0727,C010,1/2/2023,20,No,Completed
E02569,S0728,C029,3/3/2025,87,Yes,Completed
E02570,S0728,C012,2/21/2025,28,No,Completed
E02571,S0728,C009,9/20/2024,75,No,In Progress
E02572,S0729,C010,5/4/2023,41,No,In Progress
E02573,S0729,C035,5/7/2023,46,No,Not Started
E02574,S0730,C017,6/12/2023,72,No,Not Started
E02575,S0730,C040,8/15/2024,44,No,Completed
E02576,S0730,C020,12/27/2024,52,No,In Progress
E02577,S0731,C009,3/5/2024,71,No,Not Started
E02578,S0731,C010,5/27/2024,83,Yes,Completed
E02579,S0731,C005,12/30/2023,22,No,Not Started
E02580,S0731,C028,1/27/2025,70,No,Completed
E02581,S0732,C023,7/10/2023,19,No,Completed
E02582,S0732,C010,9/9/2023,12,No,In Progress
E02583,S0732,C004,3/22/2025,83,Yes,Completed
E02584,S0732,C011,4/25/2023,27,No,Completed
E02585,S0732,C003,1/26/2025,86,Yes,Completed
E02586,S0733,C031,12/4/2024,95,Yes,Completed
E02587,S0733,C029,9/3/2023,59,No,Completed
E02588,S0734,C002,10/20/2023,75,No,Completed
E02589,S0734,C028,8/1/2024,16,No,Not Started
E02590,S0734,C005,10/6/2023,92,Yes,Completed
E02591,S0734,C014,10/12/2023,77,No,In Progress
E02592,S0735,C029,9/27/2024,100,Yes,Completed
E02593,S0735,C021,12/13/2024,82,Yes,Completed
E02594,S0735,C039,4/10/2023,7,No,Completed
E02595,S0735,C012,3/19/2025,84,Yes,Completed
E02596,S0736,C022,11/10/2023,82,Yes,Completed
E02597,S0736,C003,8/29/2024,71,No,Not Started
E02598,S0736,C023,9/30/2023,39,No,Not Started
E02599,S0736,C031,1/6/2024,98,Yes,Completed
E02600,S0736,C009,7/25/2024,30,No,In Progress
E02601,S0737,C020,1/30/2024,70,No,Not Started
E02602,S0737,C016,9/14/2023,3,No,In Progress
E02603,S0737,C035,2/13/2023,18,No,In Progress
E02604,S0737,C040,1/2/2025,34,No,In Progress
E02605,S0737,C008,2/11/2025,93,Yes,Completed
E02606,S0738,C030,5/30/2023,58,No,In Progress
E02607,S0738,C014,4/21/2024,66,No,Not Started
E02608,S0738,C031,1/7/2024,89,Yes,Completed
E02609,S0738,C024,10/22/2024,81,Yes,Completed
E02610,S0738,C018,5/17/2025,92,Yes,Completed
E02611,S0739,C016,6/4/2025,86,Yes,Completed
E02612,S0739,C001,5/14/2023,57,No,In Progress
E02613,S0740,C021,10/16/2024,66,No,Completed
E02614,S0740,C031,11/12/2024,89,Yes,Completed
E02615,S0740,C008,6/17/2024,64,No,In Progress
E02616,S0740,C035,6/16/2025,96,Yes,Completed
E02617,S0741,C001,1/26/2024,43,No,In Progress
E02618,S0741,C005,5/20/2023,100,Yes,Completed
E02619,S0741,C009,7/2/2023,72,No,Completed
E02620,S0742,C009,4/2/2024,87,Yes,Completed
E02621,S0742,C010,8/6/2023,88,Yes,Completed
E02622,S0743,C009,9/11/2024,28,No,In Progress
E02623,S0743,C008,10/30/2023,95,Yes,Completed
E02624,S0744,C017,10/30/2023,79,No,Not Started
E02625,S0744,C005,10/25/2024,49,No,In Progress
E02626,S0744,C030,5/20/2023,22,No,In Progress
E02627,S0744,C014,4/21/2024,51,No,In Progress
E02628,S0744,C003,3/26/2025,19,No,In Progress
E02629,S0745,C015,1/9/2025,22,No,Completed
E02630,S0745,C012,3/14/2024,64,No,In Progress
E02631,S0745,C028,12/1/2024,17,No,Not Started
E02632,S0746,C017,1/8/2023,95,Yes,Completed
E02633,S0746,C016,6/11/2024,23,No,Not Started
E02634,S0746,C012,3/11/2023,48,No,Not Started
E02635,S0746,C011,8/9/2023,71,No,Not Started
E02636,S0746,C003,12/6/2023,93,Yes,Completed
E02637,S0747,C015,1/11/2023,40,No,In Progress
E02638,S0747,C031,6/16/2024,41,No,In Progress
E02639,S0747,C016,10/9/2024,59,No,In Progress
E02640,S0747,C018,12/7/2023,24,No,In Progress
E02641,S0748,C016,7/20/2024,33,No,Completed
E02642,S0748,C040,4/6/2023,90,Yes,Completed
E02643,S0748,C012,6/5/2023,17,No,Completed
E02644,S0749,C040,7/13/2024,84,Yes,Completed
E02645,S0749,C020,4/12/2023,84,Yes,Completed
E02646,S0749,C037,1/9/2024,29,No,Not Started
E02647,S0750,C026,10/25/2024,25,No,Completed
E02648,S0750,C028,5/8/2024,19,No,Not Started
E02649,S0750,C022,3/29/2024,2,No,In Progress
E02650,S0750,C016,1/22/2023,63,No,Not Started
E02651,S0751,C037,11/23/2023,38,No,In Progress
E02652,S0751,C020,4/3/2024,24,No,Completed
E02653,S0752,C033,6/16/2023,51,No,In Progress
E02654,S0752,C037,8/2/2023,85,Yes,Completed
E02655,S0752,C040,2/17/2025,72,No,In Progress
E02656,S0752,C010,12/18/2024,31,No,Completed
E02657,S0753,C019,3/16/2023,4,No,In Progress
E02658,S0753,C018,10/5/2023,25,No,Completed
E02659,S0753,C020,5/3/2024,0,No,Completed
E02660,S0754,C026,11/9/2024,11,No,Not Started
E02661,S0754,C033,2/4/2023,41,No,Completed
E02662,S0755,C004,12/8/2023,83,Yes,Completed
E02663,S0755,C022,5/12/2023,2,No,Not Started
E02664,S0755,C012,5/22/2025,78,No,Not Started
E02665,S0756,C005,7/13/2024,48,No,Completed
E02666,S0756,C006,3/14/2024,62,No,Completed
E02667,S0756,C036,6/20/2023,11,No,Completed
E02668,S0757,C005,5/24/2023,35,No,In Progress
E02669,S0757,C002,3/17/2023,17,No,Not Started
E02670,S0757,C013,12/15/2023,42,No,In Progress
E02671,S0757,C010,5/25/2024,92,Yes,Completed
E02672,S0757,C027,11/29/2024,91,Yes,Completed
E02673,S0758,C006,7/20/2024,32,No,Completed
E02674,S0758,C015,2/2/2024,18,No,Not Started
E02675,S0759,C004,6/4/2023,51,No,Not Started
E02676,S0759,C030,10/30/2023,0,No,Not Started
E02677,S0759,C036,8/3/2023,4,No,In Progress
E02678,S0760,C004,2/14/2024,23,No,Not Started
E02679,S0760,C026,3/12/2023,35,No,Not Started
E02680,S0760,C034,11/7/2024,98,Yes,Completed
E02681,S0761,C016,9/24/2024,37,No,In Progress
E02682,S0761,C008,12/13/2024,4,No,In Progress
E02683,S0761,C005,10/7/2023,77,No,In Progress
E02684,S0761,C002,6/20/2023,27,No,Not Started
E02685,S0761,C020,10/22/2023,100,Yes,Completed
E02686,S0762,C022,8/15/2023,86,Yes,Completed
E02687,S0762,C029,2/22/2023,1,No,Completed
E02688,S0762,C031,8/25/2023,41,No,Completed
E02689,S0763,C014,12/8/2024,97,Yes,Completed
E02690,S0763,C009,6/10/2024,60,No,Completed
E02691,S0763,C006,2/17/2025,75,No,Not Started
E02692,S0763,C005,10/4/2023,50,No,Completed
E02693,S0764,C006,3/24/2025,56,No,Not Started
E02694,S0764,C016,4/19/2024,68,No,In Progress
E02695,S0765,C003,2/23/2025,84,Yes,Completed
E02696,S0765,C032,7/19/2023,60,No,Completed
E02697,S0766,C008,11/30/2024,22,No,Completed
E02698,S0766,C017,11/29/2023,68,No,In Progress
E02699,S0767,C005,10/28/2024,80,Yes,Completed
E02700,S0767,C030,8/8/2024,89,Yes,Completed
E02701,S0767,C016,10/4/2023,55,No,Completed
E02702,S0767,C014,4/22/2024,76,No,In Progress
E02703,S0767,C009,8/27/2023,19,No,Completed
E02704,S0768,C035,7/17/2023,16,No,In Progress
E02705,S0768,C034,8/6/2024,21,No,In Progress
E02706,S0768,C008,12/28/2023,61,No,In Progress
E02707,S0769,C015,10/4/2024,56,No,Not Started
E02708,S0769,C004,9/14/2023,73,No,Completed
E02709,S0770,C011,7/12/2024,50,No,In Progress
E02710,S0770,C025,9/2/2024,14,No,Not Started
E02711,S0770,C022,3/1/2024,8,No,Completed
E02712,S0770,C001,4/11/2025,59,No,In Progress
E02713,S0771,C028,12/5/2023,54,No,In Progress
E02714,S0771,C020,10/24/2023,51,No,Not Started
E02715,S0771,C005,1/19/2024,23,No,Not Started
E02716,S0771,C021,5/11/2025,5,No,In Progress
E02717,S0771,C025,4/29/2023,57,No,Completed
E02718,S0772,C007,2/26/2023,11,No,In Progress
E02719,S0772,C021,1/3/2023,62,No,Completed
E02720,S0773,C020,1/7/2024,21,No,Not Started
E02721,S0773,C014,11/19/2024,93,Yes,Completed
E02722,S0773,C031,9/29/2024,21,No,In Progress
E02723,S0773,C024,8/15/2024,98,Yes,Completed
E02724,S0773,C007,2/3/2025,58,No,In Progress
E02725,S0774,C006,4/28/2023,35,No,In Progress
E02726,S0774,C009,3/21/2023,1,No,Not Started
E02727,S0775,C037,9/9/2023,48,No,In Progress
E02728,S0775,C034,6/30/2023,6,No,In Progress
E02729,S0775,C025,3/27/2025,83,Yes,Completed
E02730,S0775,C015,2/21/2025,73,No,Not Started
E02731,S0775,C019,12/20/2024,31,No,Completed
E02732,S0776,C026,5/31/2025,2,No,Not Started
E02733,S0776,C003,10/23/2024,75,No,Completed
E02734,S0776,C025,5/27/2025,9,No,In Progress
E02735,S0777,C018,2/7/2025,3,No,In Progress
E02736,S0777,C026,12/22/2024,64,No,Not Started
E02737,S0778,C001,1/29/2025,74,No,Completed
E02738,S0778,C035,2/9/2024,99,Yes,Completed
E02739,S0778,C004,3/27/2025,99,Yes,Completed
E02740,S0779,C024,7/24/2024,67,No,Completed
E02741,S0779,C027,4/26/2023,59,No,Not Started
E02742,S0780,C036,5/3/2024,36,No,Completed
E02743,S0780,C034,6/8/2023,23,No,Completed
E02744,S0780,C024,3/6/2024,2,No,Completed
E02745,S0780,C011,2/18/2024,95,Yes,Completed
E02746,S0780,C028,2/19/2025,66,No,Completed
E02747,S0781,C017,5/11/2023,2,No,Not Started
E02748,S0781,C022,8/28/2024,40,No,In Progress
E02749,S0781,C013,1/4/2025,34,No,Not Started
E02750,S0781,C025,4/17/2024,20,No,Not Started
E02751,S0781,C009,6/26/2024,18,No,Not Started
E02752,S0782,C010,5/20/2023,43,No,In Progress
E02753,S0782,C034,4/3/2024,53,No,Completed
E02754,S0782,C039,12/25/2024,51,No,Not Started
E02755,S0783,C014,4/5/2024,22,No,Completed
E02756,S0783,C008,12/31/2024,90,Yes,Completed
E02757,S0783,C004,9/21/2023,59,No,Not Started
E02758,S0784,C035,4/21/2025,18,No,Not Started
E02759,S0784,C027,11/1/2023,52,No,In Progress
E02760,S0784,C028,3/15/2024,85,Yes,Completed
E02761,S0784,C017,1/2/2023,77,No,In Progress
E02762,S0785,C002,5/25/2025,48,No,In Progress
E02763,S0785,C005,12/28/2023,40,No,Completed
E02764,S0785,C039,6/11/2024,29,No,In Progress
E02765,S0785,C032,4/25/2024,34,No,In Progress
E02766,S0785,C027,12/25/2024,41,No,Not Started
E02767,S0786,C006,11/6/2024,58,No,Completed
E02768,S0786,C008,4/17/2023,45,No,In Progress
E02769,S0786,C032,8/24/2023,50,No,Completed
E02770,S0787,C016,1/14/2025,99,Yes,Completed
E02771,S0787,C014,6/12/2023,14,No,Not Started
E02772,S0787,C028,5/6/2023,19,No,Not Started
E02773,S0788,C016,8/17/2023,3,No,Completed
E02774,S0788,C013,4/1/2025,43,No,Not Started
E02775,S0788,C037,4/16/2024,46,No,Completed
E02776,S0789,C040,2/17/2023,2,No,In Progress
E02777,S0789,C019,5/9/2024,80,Yes,Completed
E02778,S0789,C032,6/28/2024,66,No,Not Started
E02779,S0789,C022,4/9/2025,69,No,Completed
E02780,S0790,C015,12/10/2023,2,No,Completed
E02781,S0790,C004,3/18/2024,14,No,In Progress
E02782,S0791,C026,5/11/2024,44,No,Completed
E02783,S0791,C021,11/2/2023,94,Yes,Completed
E02784,S0791,C019,2/5/2025,58,No,In Progress
E02785,S0791,C014,8/21/2023,26,No,In Progress
E02786,S0792,C033,1/24/2023,47,No,Not Started
E02787,S0792,C029,6/15/2025,64,No,Not Started
E02788,S0792,C034,6/26/2023,40,No,Not Started
E02789,S0792,C039,7/1/2024,28,No,In Progress
E02790,S0792,C025,11/10/2023,56,No,In Progress
E02791,S0793,C023,9/1/2023,14,No,Not Started
E02792,S0793,C001,3/3/2025,17,No,Completed
E02793,S0794,C012,7/28/2024,85,Yes,Completed
E02794,S0794,C001,10/12/2024,30,No,In Progress
E02795,S0794,C005,10/18/2023,13,No,Not Started
E02796,S0794,C019,9/22/2024,43,No,In Progress
E02797,S0794,C029,1/28/2025,85,Yes,Completed
E02798,S0795,C021,2/29/2024,56,No,In Progress
E02799,S0795,C024,10/14/2024,12,No,In Progress
E02800,S0795,C022,7/31/2024,1,No,Completed
E02801,S0795,C011,3/17/2023,31,No,Completed
E02802,S0796,C029,7/9/2023,22,No,Completed
E02803,S0796,C005,5/23/2025,36,No,Not Started
E02804,S0797,C039,2/6/2023,45,No,Not Started
E02805,S0797,C021,6/22/2024,39,No,Not Started
E02806,S0798,C037,7/28/2024,81,Yes,Completed
E02807,S0798,C036,2/28/2025,10,No,Not Started
E02808,S0798,C022,11/8/2023,9,No,Not Started
E02809,S0798,C034,10/23/2024,95,Yes,Completed
E02810,S0798,C023,10/10/2024,32,No,Not Started
E02811,S0799,C008,5/31/2025,15,No,In Progress
E02812,S0799,C026,4/7/2025,55,No,In Progress
E02813,S0799,C021,7/25/2023,21,No,Not Started
E02814,S0799,C013,6/10/2023,2,No,In Progress
E02815,S0800,C008,4/12/2025,55,No,Completed
E02816,S0800,C026,5/5/2023,89,Yes,Completed
E02817,S0800,C030,4/7/2025,51,No,Completed
E02818,S0801,C006,5/31/2024,41,No,Not Started
E02819,S0801,C033,1/31/2023,47,No,In Progress
E02820,S0801,C018,9/22/2024,66,No,Not Started
E02821,S0801,C023,1/27/2023,78,No,Not Started
E02822,S0802,C022,2/4/2023,66,No,Completed
E02823,S0802,C028,12/2/2024,60,No,In Progress
E02824,S0803,C018,10/6/2023,2,No,Not Started
E02825,S0803,C010,11/9/2024,65,No,In Progress
E02826,S0804,C023,5/14/2023,58,No,Not Started
E02827,S0804,C010,5/9/2025,64,No,In Progress
E02828,S0804,C014,5/24/2023,35,No,Not Started
E02829,S0804,C029,5/3/2025,51,No,Completed
E02830,S0804,C021,8/13/2023,82,Yes,Completed
E02831,S0805,C004,9/28/2024,80,Yes,Completed
E02832,S0805,C016,11/11/2023,44,No,Not Started
E02833,S0806,C033,1/15/2024,63,No,In Progress
E02834,S0806,C022,3/18/2023,96,Yes,Completed
E02835,S0806,C021,6/11/2023,89,Yes,Completed
E02836,S0807,C015,12/27/2023,75,No,In Progress
E02837,S0807,C008,4/8/2023,83,Yes,Completed
E02838,S0807,C002,8/26/2024,12,No,Not Started
E02839,S0808,C031,9/11/2023,36,No,In Progress
E02840,S0808,C006,8/12/2024,73,No,Not Started
E02841,S0808,C007,6/16/2024,33,No,Not Started
E02842,S0808,C024,2/25/2023,16,No,Completed
E02843,S0808,C009,3/21/2024,41,No,Completed
E02844,S0809,C007,2/8/2023,88,Yes,Completed
E02845,S0809,C022,4/14/2025,45,No,Completed
E02846,S0810,C014,11/4/2023,41,No,Not Started
E02847,S0810,C038,9/18/2024,86,Yes,Completed
E02848,S0810,C010,2/11/2024,55,No,Not Started
E02849,S0810,C027,11/15/2024,31,No,In Progress
E02850,S0810,C025,1/25/2025,80,Yes,Completed
E02851,S0811,C027,4/26/2023,16,No,Completed
E02852,S0811,C020,1/19/2025,47,No,Completed
E02853,S0812,C013,8/27/2024,91,Yes,Completed
E02854,S0812,C021,1/12/2024,42,No,Not Started
E02855,S0812,C001,3/3/2023,8,No,Completed
E02856,S0812,C018,5/25/2024,7,No,Not Started
E02857,S0813,C024,6/15/2025,28,No,Not Started
E02858,S0813,C040,11/29/2024,68,No,Completed
E02859,S0813,C009,4/9/2024,34,No,Not Started
E02860,S0813,C011,3/24/2025,53,No,Not Started
E02861,S0813,C012,1/11/2024,73,No,In Progress
E02862,S0814,C008,2/29/2024,78,No,Not Started
E02863,S0814,C025,3/10/2024,35,No,In Progress
E02864,S0814,C009,1/5/2025,89,Yes,Completed
E02865,S0814,C037,2/20/2024,88,Yes,Completed
E02866,S0814,C012,6/15/2024,49,No,Completed
E02867,S0815,C022,8/3/2023,53,No,Not Started
E02868,S0815,C037,5/28/2025,57,No,Completed
E02869,S0815,C019,4/25/2024,69,No,Completed
E02870,S0815,C018,3/7/2023,11,No,In Progress
E02871,S0816,C027,2/9/2024,51,No,In Progress
E02872,S0816,C028,9/15/2023,47,No,In Progress
E02873,S0816,C026,4/14/2023,39,No,Completed
E02874,S0817,C018,8/4/2023,88,Yes,Completed
E02875,S0817,C014,7/8/2023,17,No,Not Started
E02876,S0817,C010,9/2/2024,63,No,Completed
E02877,S0817,C030,8/18/2023,58,No,In Progress
E02878,S0818,C026,11/29/2023,35,No,Completed
E02879,S0818,C034,6/14/2025,0,No,Not Started
E02880,S0818,C021,11/3/2023,66,No,Completed
E02881,S0818,C036,2/15/2023,12,No,In Progress
E02882,S0818,C011,1/22/2024,34,No,In Progress
E02883,S0819,C024,7/25/2024,83,Yes,Completed
E02884,S0819,C025,9/25/2023,57,No,Not Started
E02885,S0819,C017,6/16/2024,24,No,Not Started
E02886,S0819,C018,1/13/2025,52,No,In Progress
E02887,S0820,C032,8/30/2023,18,No,Completed
E02888,S0820,C028,4/18/2023,38,No,In Progress
E02889,S0821,C017,5/20/2024,70,No,Not Started
E02890,S0821,C022,6/4/2023,55,No,In Progress
E02891,S0822,C001,6/12/2024,100,Yes,Completed
E02892,S0822,C012,6/18/2023,37,No,In Progress
E02893,S0822,C021,11/8/2023,13,No,Completed
E02894,S0822,C010,5/24/2025,6,No,In Progress
E02895,S0822,C013,6/18/2024,64,No,In Progress
E02896,S0823,C034,5/5/2024,45,No,Completed
E02897,S0823,C003,6/3/2024,84,Yes,Completed
E02898,S0823,C008,2/8/2024,50,No,In Progress
E02899,S0823,C004,8/31/2023,35,No,Not Started
E02900,S0823,C018,6/20/2024,26,No,Completed
E02901,S0824,C021,3/19/2025,58,No,Completed
E02902,S0824,C038,1/19/2023,17,No,Completed
E02903,S0824,C013,2/20/2024,26,No,Not Started
E02904,S0825,C034,4/14/2024,20,No,Completed
E02905,S0825,C008,7/2/2024,29,No,Completed
E02906,S0826,C033,10/11/2024,19,No,Not Started
E02907,S0826,C004,11/1/2023,31,No,In Progress
E02908,S0826,C003,5/20/2025,1,No,Not Started
E02909,S0826,C021,7/6/2024,64,No,In Progress
E02910,S0827,C016,3/29/2025,54,No,Not Started
E02911,S0827,C031,9/23/2023,59,No,In Progress
E02912,S0827,C039,3/26/2025,62,No,In Progress
E02913,S0827,C009,12/18/2024,64,No,Not Started
E02914,S0828,C007,9/2/2023,28,No,Not Started
E02915,S0828,C037,3/30/2023,69,No,Not Started
E02916,S0828,C026,1/27/2025,63,No,Completed
E02917,S0828,C013,1/11/2023,41,No,Not Started
E02918,S0828,C006,5/13/2025,81,Yes,Completed
E02919,S0829,C028,7/7/2023,0,No,Not Started
E02920,S0829,C034,5/19/2024,100,Yes,Completed
E02921,S0830,C034,10/5/2024,86,Yes,Completed
E02922,S0830,C013,3/23/2024,51,No,In Progress
E02923,S0830,C016,8/31/2024,37,No,Completed
E02924,S0830,C026,9/27/2023,47,No,In Progress
E02925,S0831,C017,1/13/2025,51,No,In Progress
E02926,S0831,C012,2/2/2025,71,No,In Progress
E02927,S0831,C037,6/14/2025,4,No,In Progress
E02928,S0832,C011,5/12/2024,61,No,In Progress
E02929,S0832,C004,12/12/2023,43,No,Not Started
E02930,S0832,C023,4/9/2025,67,No,In Progress
E02931,S0832,C008,11/29/2024,76,No,In Progress
E02932,S0832,C027,7/26/2024,12,No,Completed
E02933,S0833,C012,5/16/2024,52,No,Not Started
E02934,S0833,C027,2/28/2025,23,No,In Progress
E02935,S0833,C036,11/30/2023,71,No,Completed
E02936,S0834,C020,12/5/2024,93,Yes,Completed
E02937,S0834,C023,6/22/2024,94,Yes,Completed
E02938,S0834,C026,4/20/2025,75,No,Not Started
E02939,S0834,C016,12/10/2024,46,No,In Progress
E02940,S0834,C009,7/24/2024,20,No,Not Started
E02941,S0835,C027,4/20/2023,69,No,In Progress
E02942,S0835,C012,2/17/2023,39,No,Not Started
E02943,S0836,C038,7/31/2023,90,Yes,Completed
E02944,S0836,C029,2/24/2025,14,No,In Progress
E02945,S0836,C003,5/1/2024,55,No,Not Started
E02946,S0837,C017,1/12/2024,24,No,In Progress
E02947,S0837,C001,12/8/2023,83,Yes,Completed
E02948,S0837,C031,10/26/2023,35,No,Not Started
E02949,S0838,C035,1/6/2024,67,No,Not Started
E02950,S0838,C028,1/26/2023,8,No,Completed
E02951,S0838,C036,5/24/2024,8,No,Not Started
E02952,S0839,C023,2/24/2024,56,No,Not Started
E02953,S0839,C013,6/7/2023,76,No,Completed
E02954,S0839,C002,11/9/2024,82,Yes,Completed
E02955,S0839,C030,5/25/2023,95,Yes,Completed
E02956,S0840,C003,4/28/2023,97,Yes,Completed
E02957,S0840,C013,7/6/2023,9,No,Completed
E02958,S0840,C002,2/17/2024,51,No,In Progress
E02959,S0840,C027,5/13/2023,20,No,In Progress
E02960,S0841,C024,7/15/2023,18,No,Not Started
E02961,S0841,C030,9/15/2024,58,No,Completed
E02962,S0842,C012,5/19/2024,87,Yes,Completed
E02963,S0842,C037,4/2/2023,86,Yes,Completed
E02964,S0842,C035,7/23/2023,98,Yes,Completed
E02965,S0843,C005,4/16/2023,17,No,Completed
E02966,S0843,C009,8/7/2024,47,No,In Progress
E02967,S0843,C038,2/8/2024,11,No,Completed
E02968,S0843,C039,8/7/2023,10,No,Completed
E02969,S0843,C002,5/12/2025,62,No,In Progress
E02970,S0844,C005,2/24/2023,33,No,Completed
E02971,S0844,C021,3/9/2023,49,No,Not Started
E02972,S0844,C019,11/26/2023,42,No,Not Started
E02973,S0844,C014,5/26/2023,39,No,In Progress
E02974,S0844,C033,12/7/2024,48,No,Not Started
E02975,S0845,C021,12/12/2023,65,No,Completed
E02976,S0845,C040,4/16/2025,29,No,Not Started
E02977,S0845,C012,10/28/2024,53,No,Not Started
E02978,S0846,C039,11/1/2023,70,No,Completed
E02979,S0846,C008,1/20/2023,65,No,In Progress
E02980,S0846,C010,6/9/2023,37,No,Completed
E02981,S0846,C040,4/15/2023,54,No,Completed
E02982,S0847,C031,10/9/2024,2,No,Not Started
E02983,S0847,C027,6/24/2024,79,No,In Progress
E02984,S0847,C029,11/27/2023,55,No,Completed
E02985,S0847,C023,9/2/2023,85,Yes,Completed
E02986,S0848,C016,7/16/2024,9,No,Not Started
E02987,S0848,C013,5/10/2025,88,Yes,Completed
E02988,S0848,C006,6/17/2025,81,Yes,Completed
E02989,S0848,C019,1/1/2025,5,No,In Progress
E02990,S0848,C025,6/11/2025,86,Yes,Completed
E02991,S0849,C033,8/18/2023,56,No,Not Started
E02992,S0849,C011,1/31/2023,69,No,Completed
E02993,S0849,C025,5/6/2024,3,No,In Progress
E02994,S0849,C015,9/3/2024,18,No,Completed
E02995,S0850,C014,3/17/2023,21,No,Completed
E02996,S0850,C003,1/11/2024,9,No,Not Started
E02997,S0850,C020,8/12/2023,90,Yes,Completed
E02998,S0850,C015,8/19/2024,63,No,Not Started
E02999,S0850,C033,1/25/2024,9,No,Not Started
E03000,S0851,C005,8/27/2023,77,No,In Progress
E03001,S0851,C035,3/21/2023,94,Yes,Completed
E03002,S0851,C020,11/23/2024,94,Yes,Completed
E03003,S0851,C040,9/21/2023,48,No,In Progress
E03004,S0852,C023,12/27/2024,25,No,In Progress
E03005,S0852,C016,2/9/2024,25,No,Not Started
E03006,S0852,C015,3/30/2024,67,No,Completed
E03007,S0852,C013,9/14/2023,93,Yes,Completed
E03008,S0852,C001,2/14/2023,31,No,In Progress
E03009,S0853,C037,9/9/2024,2,No,In Progress
E03010,S0853,C015,4/27/2023,62,No,Not Started
E03011,S0853,C013,9/2/2023,87,Yes,Completed
E03012,S0853,C010,12/20/2023,80,Yes,Completed
E03013,S0853,C006,8/10/2024,92,Yes,Completed
E03014,S0854,C013,2/4/2025,71,No,In Progress
E03015,S0854,C038,9/7/2023,43,No,Not Started
E03016,S0855,C035,12/27/2023,7,No,Not Started
E03017,S0855,C017,5/26/2024,29,No,Completed
E03018,S0855,C025,2/3/2024,87,Yes,Completed
E03019,S0856,C033,3/17/2023,18,No,Not Started
E03020,S0856,C016,4/23/2025,71,No,Not Started
E03021,S0856,C010,6/8/2024,87,Yes,Completed
E03022,S0856,C004,5/29/2025,62,No,Not Started
E03023,S0856,C021,5/28/2024,19,No,In Progress
E03024,S0857,C035,4/10/2024,70,No,Completed
E03025,S0857,C023,5/9/2025,25,No,Not Started
E03026,S0857,C006,6/9/2024,24,No,Completed
E03027,S0858,C037,6/27/2023,73,No,In Progress
E03028,S0858,C029,4/1/2024,13,No,Completed
E03029,S0858,C015,6/24/2023,57,No,Completed
E03030,S0858,C003,7/14/2023,40,No,Not Started
E03031,S0859,C008,5/17/2025,41,No,In Progress
E03032,S0859,C027,3/13/2024,89,Yes,Completed
E03033,S0859,C023,8/22/2023,48,No,In Progress
E03034,S0859,C022,2/19/2023,57,No,Completed
E03035,S0859,C012,3/27/2025,99,Yes,Completed
E03036,S0860,C012,1/29/2023,94,Yes,Completed
E03037,S0860,C037,9/8/2023,14,No,Not Started
E03038,S0860,C030,5/10/2024,41,No,In Progress
E03039,S0860,C007,3/18/2023,50,No,Not Started
E03040,S0860,C026,5/14/2025,70,No,Completed
E03041,S0861,C009,12/13/2024,53,No,In Progress
E03042,S0861,C004,7/21/2023,11,No,Completed
E03043,S0861,C027,12/24/2023,49,No,Completed
E03044,S0861,C037,9/27/2024,31,No,Completed
E03045,S0861,C003,9/17/2023,94,Yes,Completed
E03046,S0862,C003,1/10/2025,53,No,Not Started
E03047,S0862,C034,10/22/2023,63,No,In Progress
E03048,S0863,C020,9/25/2024,43,No,Not Started
E03049,S0863,C028,12/29/2023,60,No,Completed
E03050,S0863,C040,6/21/2023,31,No,In Progress
E03051,S0863,C038,2/29/2024,19,No,Completed
E03052,S0863,C032,10/5/2023,11,No,In Progress
E03053,S0864,C023,2/10/2023,33,No,Completed
E03054,S0864,C029,8/10/2024,32,No,Completed
E03055,S0864,C034,1/1/2023,9,No,Not Started
E03056,S0864,C008,4/20/2023,14,No,Not Started
E03057,S0864,C005,4/23/2025,70,No,In Progress
E03058,S0865,C002,6/19/2025,49,No,Not Started
E03059,S0865,C038,10/10/2024,75,No,In Progress
E03060,S0865,C029,4/24/2025,13,No,Completed
E03061,S0865,C024,1/1/2024,42,No,Completed
E03062,S0866,C037,1/23/2023,62,No,Not Started
E03063,S0866,C018,3/3/2024,99,Yes,Completed
E03064,S0867,C036,7/26/2024,64,No,Completed
E03065,S0867,C021,2/8/2025,48,No,In Progress
E03066,S0867,C012,2/15/2023,86,Yes,Completed
E03067,S0868,C015,3/17/2024,85,Yes,Completed
E03068,S0868,C020,5/7/2023,96,Yes,Completed
E03069,S0868,C035,12/16/2024,88,Yes,Completed
E03070,S0868,C017,7/21/2024,57,No,In Progress
E03071,S0869,C032,5/12/2025,83,Yes,Completed
E03072,S0869,C035,10/29/2023,7,No,In Progress
E03073,S0869,C014,11/6/2024,80,Yes,Completed
E03074,S0870,C001,2/28/2024,50,No,In Progress
E03075,S0870,C008,3/15/2024,83,Yes,Completed
E03076,S0870,C015,9/7/2024,23,No,Completed
E03077,S0870,C020,6/20/2024,77,No,In Progress
E03078,S0870,C026,5/30/2025,6,No,Completed
E03079,S0871,C030,1/2/2023,54,No,Completed
E03080,S0871,C036,10/17/2023,91,Yes,Completed
E03081,S0872,C028,12/2/2024,48,No,Not Started
E03082,S0872,C010,5/24/2023,51,No,In Progress
E03083,S0873,C009,5/26/2024,43,No,Completed
E03084,S0873,C020,9/13/2023,51,No,Not Started
E03085,S0874,C038,6/19/2024,58,No,Completed
E03086,S0874,C037,11/15/2024,15,No,In Progress
E03087,S0874,C036,10/29/2024,86,Yes,Completed
E03088,S0875,C018,2/15/2023,52,No,Completed
E03089,S0875,C003,3/21/2024,36,No,Not Started
E03090,S0875,C001,6/3/2025,53,No,Completed
E03091,S0875,C023,4/30/2025,25,No,In Progress
E03092,S0876,C028,3/6/2024,3,No,Not Started
E03093,S0876,C023,4/8/2024,25,No,Not Started
E03094,S0877,C002,12/31/2023,78,No,In Progress
E03095,S0877,C024,1/4/2024,13,No,Not Started
E03096,S0877,C010,7/22/2024,98,Yes,Completed
E03097,S0877,C007,4/24/2025,64,No,In Progress
E03098,S0877,C004,7/19/2024,77,No,Completed
E03099,S0878,C035,4/15/2025,13,No,In Progress
E03100,S0878,C012,5/14/2025,44,No,In Progress
E03101,S0878,C015,1/1/2023,45,No,Completed
E03102,S0879,C006,1/12/2023,98,Yes,Completed
E03103,S0879,C028,12/13/2023,79,No,In Progress
E03104,S0879,C030,8/15/2024,92,Yes,Completed
E03105,S0880,C013,1/17/2024,16,No,Completed
E03106,S0880,C025,7/11/2023,25,No,In Progress
E03107,S0880,C010,8/26/2024,1,No,Completed
E03108,S0880,C027,4/27/2025,44,No,Not Started
E03109,S0880,C006,10/25/2024,74,No,In Progress
E03110,S0881,C025,2/7/2024,27,No,In Progress
E03111,S0881,C024,10/26/2024,98,Yes,Completed
E03112,S0881,C019,8/8/2024,48,No,Not Started
E03113,S0881,C030,8/7/2024,88,Yes,Completed
E03114,S0882,C020,1/10/2025,39,No,Completed
E03115,S0882,C039,5/18/2024,31,No,Completed
E03116,S0883,C013,9/7/2023,3,No,Completed
E03117,S0883,C012,2/2/2025,18,No,In Progress
E03118,S0883,C037,8/16/2023,88,Yes,Completed
E03119,S0883,C004,4/25/2024,22,No,Not Started
E03120,S0884,C005,8/7/2023,38,No,In Progress
E03121,S0884,C014,8/11/2023,56,No,Completed
E03122,S0884,C031,5/30/2024,69,No,In Progress
E03123,S0885,C007,4/11/2024,88,Yes,Completed
E03124,S0885,C022,12/14/2023,72,No,Completed
E03125,S0885,C009,6/18/2023,91,Yes,Completed
E03126,S0885,C035,3/16/2024,83,Yes,Completed
E03127,S0886,C030,7/7/2024,84,Yes,Completed
E03128,S0886,C015,7/25/2023,39,No,In Progress
E03129,S0886,C032,8/2/2023,46,No,In Progress
E03130,S0886,C013,11/13/2024,1,No,In Progress
E03131,S0886,C020,3/18/2025,48,No,In Progress
E03132,S0887,C040,4/21/2023,81,Yes,Completed
E03133,S0887,C007,10/13/2023,49,No,Completed
E03134,S0887,C022,1/11/2025,12,No,Completed
E03135,S0888,C002,12/10/2024,83,Yes,Completed
E03136,S0888,C006,8/26/2024,7,No,In Progress
E03137,S0889,C001,12/2/2023,54,No,In Progress
E03138,S0889,C034,10/15/2023,86,Yes,Completed
E03139,S0890,C025,10/22/2024,63,No,In Progress
E03140,S0890,C011,9/20/2024,42,No,In Progress
E03141,S0890,C023,9/25/2023,89,Yes,Completed
E03142,S0890,C030,7/10/2024,49,No,Completed
E03143,S0890,C009,3/25/2024,98,Yes,Completed
E03144,S0891,C012,10/11/2024,32,No,Not Started
E03145,S0891,C036,8/16/2024,29,No,Not Started
E03146,S0891,C022,10/3/2024,91,Yes,Completed
E03147,S0892,C008,3/12/2023,37,No,Not Started
E03148,S0892,C017,1/5/2024,8,No,Not Started
E03149,S0892,C025,10/12/2024,30,No,Completed
E03150,S0892,C012,4/10/2024,38,No,Completed
E03151,S0893,C003,5/28/2024,47,No,Completed
E03152,S0893,C018,2/2/2024,22,No,Completed
E03153,S0893,C015,9/3/2024,31,No,In Progress
E03154,S0893,C027,6/7/2025,31,No,Completed
E03155,S0894,C036,4/11/2023,21,No,Not Started
E03156,S0894,C027,2/10/2023,37,No,Completed
E03157,S0894,C019,1/23/2023,12,No,In Progress
E03158,S0895,C031,8/19/2023,48,No,Not Started
E03159,S0895,C014,6/9/2025,65,No,Completed
E03160,S0895,C017,10/29/2024,55,No,Completed
E03161,S0895,C018,10/11/2023,55,No,Not Started
E03162,S0896,C004,4/30/2025,58,No,Completed
E03163,S0896,C003,7/25/2024,73,No,Not Started
E03164,S0896,C021,6/7/2025,51,No,Not Started
E03165,S0897,C034,9/30/2023,69,No,In Progress
E03166,S0897,C031,6/16/2023,61,No,In Progress
E03167,S0897,C019,11/14/2024,100,Yes,Completed
E03168,S0897,C028,1/26/2024,55,No,Completed
E03169,S0898,C033,6/23/2024,9,No,Completed
E03170,S0898,C009,9/28/2023,56,No,In Progress
E03171,S0899,C011,10/8/2023,98,Yes,Completed
E03172,S0899,C008,2/22/2023,5,No,Not Started
E03173,S0900,C025,9/16/2023,33,No,Completed
E03174,S0900,C038,7/13/2023,43,No,In Progress
E03175,S0900,C040,1/25/2024,55,No,In Progress
E03176,S0900,C039,4/9/2025,3,No,In Progress
E03177,S0900,C007,8/26/2023,74,No,In Progress
E03178,S0901,C013,1/14/2023,93,Yes,Completed
E03179,S0901,C037,6/13/2024,27,No,Not Started
E03180,S0901,C036,11/14/2023,79,No,Not Started
E03181,S0901,C026,12/7/2023,100,Yes,Completed
E03182,S0901,C003,8/20/2023,93,Yes,Completed
E03183,S0902,C024,8/10/2023,34,No,Completed
E03184,S0902,C017,9/7/2023,6,No,Completed
E03185,S0903,C010,11/25/2024,88,Yes,Completed
E03186,S0903,C016,6/2/2024,48,No,Not Started
E03187,S0903,C011,8/15/2023,62,No,Completed
E03188,S0903,C022,5/25/2023,13,No,In Progress
E03189,S0904,C032,2/8/2024,16,No,Not Started
E03190,S0904,C028,5/2/2023,6,No,In Progress
E03191,S0904,C017,10/3/2023,78,No,In Progress
E03192,S0904,C004,7/22/2024,35,No,Completed
E03193,S0905,C027,6/15/2023,29,No,Completed
E03194,S0905,C030,5/7/2025,77,No,In Progress
E03195,S0906,C019,8/25/2024,14,No,Not Started
E03196,S0906,C035,3/21/2024,28,No,Not Started
E03197,S0906,C023,2/24/2025,87,Yes,Completed
E03198,S0906,C010,4/2/2023,88,Yes,Completed
E03199,S0907,C005,1/6/2023,19,No,Completed
E03200,S0907,C038,4/4/2023,10,No,In Progress
E03201,S0907,C024,8/20/2024,40,No,Not Started
E03202,S0907,C032,10/11/2023,14,No,Completed
E03203,S0908,C037,11/13/2023,5,No,In Progress
E03204,S0908,C032,4/26/2023,7,No,Not Started
E03205,S0908,C014,12/8/2024,28,No,In Progress
E03206,S0909,C036,6/5/2024,64,No,In Progress
E03207,S0909,C037,1/2/2024,61,No,In Progress
E03208,S0910,C031,10/17/2024,86,Yes,Completed
E03209,S0910,C009,5/27/2024,82,Yes,Completed
E03210,S0911,C033,4/21/2024,36,No,Not Started
E03211,S0911,C029,3/18/2025,7,No,Completed
E03212,S0911,C040,1/16/2024,9,No,Not Started
E03213,S0911,C028,8/24/2024,45,No,Completed
E03214,S0911,C034,2/20/2025,52,No,In Progress
E03215,S0912,C028,1/1/2024,56,No,In Progress
E03216,S0912,C008,6/24/2024,26,No,Not Started
E03217,S0913,C038,6/29/2024,88,Yes,Completed
E03218,S0913,C021,1/7/2023,19,No,In Progress
E03219,S0914,C039,12/27/2023,10,No,Not Started
E03220,S0914,C036,10/8/2024,80,Yes,Completed
E03221,S0915,C020,6/20/2024,1,No,Not Started
E03222,S0915,C029,4/30/2024,77,No,Not Started
E03223,S0915,C002,2/24/2023,51,No,In Progress
E03224,S0916,C040,4/30/2025,5,No,Not Started
E03225,S0916,C033,9/18/2023,17,No,Not Started
E03226,S0916,C038,7/10/2024,40,No,Not Started
E03227,S0917,C016,12/9/2024,42,No,In Progress
E03228,S0917,C028,3/17/2025,46,No,Completed
E03229,S0917,C026,10/12/2024,14,No,In Progress
E03230,S0917,C037,12/6/2024,67,No,Completed
E03231,S0917,C032,9/3/2024,44,No,In Progress
E03232,S0918,C030,6/11/2024,50,No,Completed
E03233,S0918,C039,4/29/2023,93,Yes,Completed
E03234,S0918,C004,3/6/2023,21,No,Not Started
E03235,S0918,C035,12/3/2023,18,No,Not Started
E03236,S0918,C015,11/8/2023,59,No,Completed
E03237,S0919,C036,6/30/2023,63,No,Completed
E03238,S0919,C016,12/4/2023,72,No,Completed
E03239,S0920,C040,8/22/2024,89,Yes,Completed
E03240,S0920,C034,9/18/2023,87,Yes,Completed
E03241,S0920,C021,4/24/2023,36,No,Not Started
E03242,S0920,C019,5/30/2023,46,No,Not Started
E03243,S0921,C032,4/25/2023,47,No,In Progress
E03244,S0921,C026,9/25/2024,77,No,In Progress
E03245,S0921,C014,11/13/2024,22,No,In Progress
E03246,S0922,C031,1/25/2024,15,No,Completed
E03247,S0922,C034,6/16/2023,21,No,Not Started
E03248,S0923,C006,5/25/2025,78,No,Not Started
E03249,S0923,C010,12/23/2023,58,No,Completed
E03250,S0924,C017,9/21/2024,16,No,Not Started
E03251,S0924,C014,12/11/2024,6,No,Completed
E03252,S0924,C036,1/10/2025,17,No,In Progress
E03253,S0925,C018,12/22/2024,55,No,Not Started
E03254,S0925,C008,5/10/2024,95,Yes,Completed
E03255,S0925,C022,4/22/2024,64,No,In Progress
E03256,S0925,C017,10/30/2024,13,No,In Progress
E03257,S0925,C036,7/25/2024,49,No,Not Started
E03258,S0926,C030,5/7/2025,26,No,Not Started
E03259,S0926,C031,12/24/2023,6,No,In Progress
E03260,S0926,C013,9/14/2024,56,No,Completed
E03261,S0927,C007,8/31/2024,78,No,Completed
E03262,S0927,C033,9/28/2024,49,No,In Progress
E03263,S0927,C009,7/4/2023,46,No,Completed
E03264,S0927,C038,1/25/2024,97,Yes,Completed
E03265,S0927,C036,5/29/2023,26,No,Not Started
E03266,S0928,C027,3/20/2024,91,Yes,Completed
E03267,S0928,C010,12/10/2023,14,No,In Progress
E03268,S0929,C011,11/18/2024,53,No,In Progress
E03269,S0929,C008,1/14/2024,99,Yes,Completed
E03270,S0929,C022,3/18/2024,72,No,In Progress
E03271,S0929,C019,4/2/2024,19,No,Completed
E03272,S0930,C011,5/22/2025,36,No,Not Started
E03273,S0930,C006,9/12/2024,94,Yes,Completed
E03274,S0930,C007,1/4/2024,89,Yes,Completed
E03275,S0930,C013,9/24/2023,17,No,Completed
E03276,S0930,C017,1/12/2025,20,No,In Progress
E03277,S0931,C031,2/18/2025,87,Yes,Completed
E03278,S0931,C003,8/18/2024,40,No,Not Started
E03279,S0931,C037,3/19/2025,16,No,Completed
E03280,S0931,C005,6/13/2023,62,No,In Progress
E03281,S0932,C003,5/1/2023,63,No,Completed
E03282,S0932,C001,3/28/2023,100,Yes,Completed
E03283,S0932,C028,5/29/2023,53,No,Completed
E03284,S0932,C021,1/3/2023,11,No,Not Started
E03285,S0933,C033,2/19/2025,13,No,Not Started
E03286,S0933,C005,9/25/2023,42,No,Not Started
E03287,S0933,C022,1/3/2024,19,No,Completed
E03288,S0933,C021,1/3/2024,5,No,Not Started
E03289,S0934,C022,4/9/2023,79,No,In Progress
E03290,S0934,C003,9/27/2024,37,No,Not Started
E03291,S0934,C018,9/14/2023,89,Yes,Completed
E03292,S0934,C035,11/10/2023,51,No,Not Started
E03293,S0934,C020,3/12/2025,62,No,Completed
E03294,S0935,C029,4/16/2025,1,No,In Progress
E03295,S0935,C017,4/8/2023,13,No,Completed
E03296,S0935,C035,5/24/2025,10,No,Not Started
E03297,S0935,C001,5/28/2023,50,No,In Progress
E03298,S0935,C004,1/30/2024,30,No,Not Started
E03299,S0936,C024,10/9/2024,24,No,Not Started
E03300,S0936,C028,11/18/2024,17,No,Completed
E03301,S0936,C022,6/17/2024,72,No,Not Started
E03302,S0936,C006,7/7/2024,50,No,Not Started
E03303,S0937,C014,3/6/2024,76,No,Completed
E03304,S0937,C010,4/11/2025,9,No,In Progress
E03305,S0938,C013,2/9/2023,50,No,Not Started
E03306,S0938,C014,1/8/2023,71,No,Not Started
E03307,S0939,C002,5/28/2025,99,Yes,Completed
E03308,S0939,C024,3/6/2024,40,No,Not Started
E03309,S0940,C037,9/28/2023,2,No,Not Started
E03310,S0940,C018,11/15/2024,17,No,Completed
E03311,S0940,C003,2/19/2024,19,No,Completed
E03312,S0941,C013,1/10/2024,38,No,In Progress
E03313,S0941,C014,3/20/2024,48,No,In Progress
E03314,S0941,C019,12/7/2024,53,No,In Progress
E03315,S0941,C007,9/15/2023,46,No,In Progress
E03316,S0941,C036,4/18/2023,13,No,In Progress
E03317,S0942,C019,6/3/2025,89,Yes,Completed
E03318,S0942,C018,7/6/2024,69,No,Not Started
E03319,S0942,C038,4/23/2024,29,No,Completed
E03320,S0943,C026,11/13/2023,90,Yes,Completed
E03321,S0943,C015,4/7/2024,48,No,Not Started
E03322,S0943,C007,5/14/2025,69,No,Completed
E03323,S0943,C006,9/28/2023,24,No,Not Started
E03324,S0943,C022,7/27/2024,54,No,Not Started
E03325,S0944,C028,5/20/2024,60,No,In Progress
E03326,S0944,C019,3/18/2025,21,No,Not Started
E03327,S0945,C004,5/7/2025,26,No,In Progress
E03328,S0945,C005,10/30/2023,51,No,Completed
E03329,S0945,C040,5/24/2023,59,No,Completed
E03330,S0946,C040,3/8/2024,63,No,In Progress
E03331,S0946,C008,6/14/2025,5,No,Completed
E03332,S0946,C001,6/26/2023,97,Yes,Completed
E03333,S0946,C014,6/19/2023,1,No,In Progress
E03334,S0946,C021,2/25/2023,48,No,Completed
E03335,S0947,C025,10/9/2024,89,Yes,Completed
E03336,S0947,C014,6/3/2023,45,No,In Progress
E03337,S0947,C031,4/15/2024,89,Yes,Completed
E03338,S0948,C040,3/13/2025,36,No,In Progress
E03339,S0948,C001,3/14/2025,55,No,In Progress
E03340,S0948,C026,6/28/2023,90,Yes,Completed
E03341,S0948,C030,5/20/2023,8,No,Not Started
E03342,S0949,C008,4/24/2024,97,Yes,Completed
E03343,S0949,C022,3/27/2024,97,Yes,Completed
E03344,S0949,C011,4/10/2025,48,No,Completed
E03345,S0949,C036,11/8/2023,20,No,Not Started
E03346,S0949,C006,4/1/2024,12,No,Completed
E03347,S0950,C040,9/17/2023,76,No,In Progress
E03348,S0950,C033,2/3/2025,61,No,Completed
