QuizID,StudentID,CourseID,Score,Attempts
Q000001,S0001,C012,28,5
Q000002,S0001,C012,22,4
Q000003,S0001,C012,12,4
Q000004,S0001,C012,27,4
Q000005,S0001,C039,17,4
Q000006,S0001,C039,23,6
Q000007,S0001,C039,30,4
Q000008,S0002,C016,100,1
Q000009,S0002,C016,88,2
Q000010,S0002,C016,84,2
Q000011,S0002,C002,94,1
Q000012,S0002,C002,82,2
Q000013,S0002,C002,100,1
Q000014,S0002,C024,58,3
Q000015,S0002,C024,52,4
Q000016,S0002,C024,68,3
Q000017,S0002,C003,19,5
Q000018,S0002,C003,28,6
Q000019,S0002,C003,10,5
Q000020,S0002,C003,27,4
Q000021,S0002,C003,7,4
Q000022,S0002,C026,3,5
Q000023,S0002,C026,0,5
Q000024,S0002,C026,0,6
Q000025,S0003,C020,56,4
Q000026,S0003,C020,53,4
Q000027,S0003,C020,62,3
Q000028,S0003,C020,38,6
Q000029,S0003,C001,69,3
Q000030,S0003,C001,43,3
Q000031,S0003,C001,50,4
Q000032,S0003,C001,69,3
Q000033,S0003,C001,66,3
Q000034,S0003,C026,31,6
Q000035,S0003,C026,18,4
Q000036,S0003,C026,19,5
Q000037,S0003,C026,37,5
Q000038,S0003,C026,23,6
Q000039,S0003,C024,62,3
Q000040,S0003,C024,49,4
Q000041,S0004,C016,40,3
Q000042,S0004,C016,15,6
Q000043,S0004,C016,34,6
Q000044,S0004,C022,42,4
Q000045,S0004,C022,35,5
Q000046,S0004,C022,59,3
Q000047,S0004,C022,40,3
Q000048,S0004,C034,15,5
Q000049,S0004,C034,4,4
Q000050,S0004,C034,9,6
Q000051,S0004,C017,50,4
Q000052,S0004,C017,39,4
Q000053,S0004,C017,47,3
Q000054,S0004,C017,60,3
Q000055,S0004,C017,66,2
Q000056,S0005,C002,48,4
Q000057,S0005,C002,49,3
Q000058,S0005,C002,27,6
Q000059,S0005,C002,26,6
Q000060,S0005,C002,38,4
Q000061,S0005,C032,100,1
Q000062,S0005,C032,100,1
Q000063,S0005,C013,34,5
Q000064,S0005,C013,40,3
Q000065,S0005,C013,38,5
Q000066,S0005,C024,41,3
Q000067,S0005,C024,29,5
Q000068,S0006,C013,100,1
Q000069,S0006,C013,88,1
Q000070,S0006,C007,28,5
Q000071,S0006,C007,24,4
Q000072,S0006,C011,22,5
Q000073,S0006,C011,8,4
Q000074,S0006,C011,24,6
Q000075,S0007,C037,27,6
Q000076,S0007,C037,55,4
Q000077,S0007,C032,17,4
Q000078,S0007,C032,33,4
Q000079,S0007,C032,21,5
Q000080,S0007,C032,37,6
Q000081,S0007,C023,41,3
Q000082,S0007,C023,59,3
Q000083,S0007,C023,56,4
Q000084,S0007,C023,48,3
Q000085,S0007,C023,47,3
Q000086,S0007,C022,74,3
Q000087,S0007,C022,89,2
Q000088,S0007,C022,87,1
Q000089,S0007,C022,76,1
Q000090,S0007,C020,28,6
Q000091,S0007,C020,50,3
Q000092,S0007,C020,25,5
Q000093,S0008,C015,42,3
Q000094,S0008,C015,41,4
Q000095,S0008,C015,24,6
Q000096,S0008,C031,86,1
Q000097,S0008,C031,75,1
Q000098,S0008,C031,63,2
Q000099,S0008,C032,11,5
Q000100,S0008,C032,0,6
Q000101,S0008,C032,11,6
Q000102,S0008,C032,23,4
Q000103,S0008,C032,0,6
Q000104,S0008,C009,58,4
Q000105,S0008,C009,33,5
Q000106,S0009,C035,5,4
Q000107,S0009,C035,6,5
Q000108,S0009,C035,31,4
Q000109,S0009,C016,74,3
Q000110,S0009,C016,49,4
Q000111,S0009,C016,61,3
Q000112,S0009,C016,52,4
Q000113,S0009,C016,68,3
Q000114,S0009,C017,66,3
Q000115,S0009,C017,63,3
Q000116,S0009,C012,17,4
Q000117,S0009,C012,5,5
Q000118,S0009,C012,4,5
Q000119,S0009,C012,14,5
Q000120,S0009,C009,90,1
Q000121,S0009,C009,86,2
Q000122,S0010,C019,2,4
Q000123,S0010,C019,10,5
Q000124,S0010,C022,100,1
Q000125,S0010,C022,87,1
Q000126,S0010,C022,81,2
Q000127,S0010,C022,82,1
Q000128,S0010,C022,72,3
Q000129,S0010,C005,11,4
Q000130,S0010,C005,14,5
Q000131,S0010,C009,75,1
Q000132,S0010,C009,92,1
Q000133,S0010,C009,67,2
Q000134,S0010,C009,71,2
Q000135,S0010,C009,84,2
Q000136,S0010,C039,54,3
Q000137,S0010,C039,41,4
Q000138,S0010,C039,42,4
Q000139,S0010,C039,42,4
Q000140,S0011,C034,88,1
Q000141,S0011,C034,87,1
Q000142,S0011,C007,75,1
Q000143,S0011,C007,86,2
Q000144,S0011,C007,77,2
Q000145,S0011,C007,99,1
Q000146,S0011,C007,94,1
Q000147,S0011,C029,66,3
Q000148,S0011,C029,81,2
Q000149,S0011,C026,61,3
Q000150,S0011,C026,53,3
Q000151,S0011,C026,33,5
Q000152,S0011,C026,46,4
Q000153,S0011,C040,93,1
Q000154,S0011,C040,93,1
Q000155,S0011,C040,93,1
Q000156,S0011,C040,83,1
Q000157,S0011,C040,79,2
Q000158,S0012,C019,75,2
Q000159,S0012,C019,68,2
Q000160,S0012,C019,50,3
Q000161,S0012,C019,66,3
Q000162,S0012,C036,75,2
Q000163,S0012,C036,49,4
Q000164,S0013,C026,68,3
Q000165,S0013,C026,72,2
Q000166,S0013,C026,84,2
Q000167,S0013,C029,73,3
Q000168,S0013,C029,68,3
Q000169,S0013,C029,67,2
Q000170,S0013,C040,29,4
Q000171,S0013,C040,23,6
Q000172,S0013,C040,16,6
Q000173,S0013,C040,16,6
Q000174,S0013,C007,10,5
Q000175,S0013,C007,7,5
Q000176,S0013,C007,2,4
Q000177,S0013,C007,15,6
Q000178,S0014,C004,93,1
Q000179,S0014,C004,100,1
Q000180,S0014,C004,100,1
Q000181,S0014,C004,86,2
Q000182,S0014,C007,45,3
Q000183,S0014,C007,60,3
Q000184,S0014,C027,0,6
Q000185,S0014,C027,11,4
Q000186,S0014,C027,0,4
Q000187,S0014,C027,2,5
Q000188,S0014,C027,0,4
Q000189,S0015,C039,70,2
Q000190,S0015,C039,96,1
Q000191,S0015,C039,89,2
Q000192,S0015,C039,86,1
Q000193,S0015,C033,11,5
Q000194,S0015,C033,14,5
Q000195,S0015,C033,1,4
Q000196,S0015,C033,27,4
Q000197,S0015,C028,59,4
Q000198,S0015,C028,56,4
Q000199,S0015,C028,63,3
Q000200,S0016,C040,88,1
Q000201,S0016,C040,89,1
Q000202,S0016,C040,100,1
Q000203,S0016,C040,86,1
Q000204,S0016,C040,100,1
Q000205,S0016,C039,85,2
Q000206,S0016,C039,79,2
Q000207,S0016,C039,66,2
Q000208,S0016,C017,48,3
Q000209,S0016,C017,27,5
Q000210,S0016,C004,100,1
Q000211,S0016,C004,100,1
Q000212,S0016,C004,100,1
Q000213,S0017,C027,82,1
Q000214,S0017,C027,69,3
Q000215,S0017,C027,95,1
Q000216,S0017,C027,83,2
Q000217,S0017,C025,95,1
Q000218,S0017,C025,100,1
Q000219,S0017,C025,95,1
Q000220,S0017,C025,94,1
Q000221,S0017,C008,81,2
Q000222,S0017,C008,85,2
Q000223,S0017,C008,100,1
Q000224,S0017,C008,82,1
Q000225,S0017,C008,90,1
Q000226,S0017,C032,27,6
Q000227,S0017,C032,3,4
Q000228,S0018,C038,5,5
Q000229,S0018,C038,0,6
Q000230,S0018,C038,0,6
Q000231,S0018,C032,92,1
Q000232,S0018,C032,88,1
Q000233,S0018,C032,94,1
Q000234,S0019,C003,96,1
Q000235,S0019,C003,74,2
Q000236,S0019,C003,93,1
Q000237,S0019,C003,87,2
Q000238,S0019,C026,19,6
Q000239,S0019,C026,32,4
Q000240,S0020,C001,47,4
Q000241,S0020,C001,53,4
Q000242,S0020,C040,23,6
Q000243,S0020,C040,22,4
Q000244,S0020,C015,76,2
Q000245,S0020,C015,81,1
Q000246,S0020,C015,61,3
Q000247,S0021,C040,0,6
Q000248,S0021,C040,15,6
Q000249,S0021,C005,77,1
Q000250,S0021,C005,57,3
Q000251,S0021,C005,54,4
Q000252,S0021,C001,67,2
Q000253,S0021,C001,48,3
Q000254,S0021,C001,56,4
Q000255,S0021,C001,51,4
Q000256,S0021,C001,67,2
Q000257,S0021,C030,73,2
Q000258,S0021,C030,72,2
Q000259,S0021,C030,80,1
Q000260,S0021,C030,97,1
Q000261,S0021,C029,42,4
Q000262,S0021,C029,33,5
Q000263,S0022,C034,0,5
Q000264,S0022,C034,18,6
Q000265,S0022,C034,0,6
Q000266,S0022,C034,6,6
Q000267,S0022,C019,79,2
Q000268,S0022,C019,80,2
Q000269,S0022,C037,78,1
Q000270,S0022,C037,77,1
Q000271,S0022,C037,57,4
Q000272,S0022,C037,75,2
Q000273,S0022,C008,43,4
Q000274,S0022,C008,68,2
Q000275,S0022,C008,53,3
Q000276,S0022,C008,70,2
Q000277,S0023,C011,90,1
Q000278,S0023,C011,84,2
Q000279,S0023,C011,80,2
Q000280,S0023,C011,68,3
Q000281,S0023,C030,33,5
Q000282,S0023,C030,40,3
Q000283,S0023,C030,20,5
Q000284,S0023,C030,16,4
Q000285,S0023,C030,18,6
Q000286,S0024,C009,47,4
Q000287,S0024,C009,43,4
Q000288,S0024,C009,51,3
Q000289,S0024,C008,73,2
Q000290,S0024,C008,72,3
Q000291,S0024,C033,11,5
Q000292,S0024,C033,11,5
Q000293,S0024,C038,0,5
Q000294,S0024,C038,0,6
Q000295,S0024,C038,0,5
Q000296,S0024,C038,5,6
Q000297,S0024,C038,0,5
Q000298,S0024,C034,25,4
Q000299,S0024,C034,29,4
Q000300,S0024,C034,23,4
Q000301,S0024,C034,26,4
Q000302,S0024,C034,31,4
Q000303,S0025,C026,44,3
Q000304,S0025,C026,47,3
Q000305,S0025,C026,49,3
Q000306,S0025,C026,60,3
Q000307,S0025,C026,45,3
Q000308,S0025,C034,53,4
Q000309,S0025,C034,48,3
Q000310,S0025,C038,57,3
Q000311,S0025,C038,53,3
Q000312,S0025,C038,75,2
Q000313,S0026,C023,79,1
Q000314,S0026,C023,84,1
Q000315,S0026,C020,0,6
Q000316,S0026,C020,10,4
Q000317,S0026,C020,0,4
Q000318,S0026,C020,0,6
Q000319,S0026,C012,13,5
Q000320,S0026,C012,10,4
Q000321,S0027,C019,5,4
Q000322,S0027,C019,13,5
Q000323,S0027,C019,4,4
Q000324,S0027,C019,0,4
Q000325,S0027,C023,46,3
Q000326,S0027,C023,54,4
Q000327,S0027,C023,44,4
Q000328,S0028,C021,74,3
Q000329,S0028,C021,86,1
Q000330,S0028,C007,42,3
Q000331,S0028,C007,59,4
Q000332,S0028,C013,65,3
Q000333,S0028,C013,58,3
Q000334,S0028,C022,98,1
Q000335,S0028,C022,89,2
Q000336,S0028,C022,100,1
Q000337,S0028,C022,100,1
Q000338,S0028,C022,100,1
Q000339,S0029,C005,39,6
Q000340,S0029,C005,45,4
Q000341,S0029,C005,38,5
Q000342,S0029,C005,23,5
Q000343,S0029,C005,51,3
Q000344,S0029,C003,87,2
Q000345,S0029,C003,88,1
Q000346,S0029,C003,79,1
Q000347,S0030,C013,50,4
Q000348,S0030,C013,71,3
Q000349,S0030,C002,54,3
Q000350,S0030,C002,44,3
Q000351,S0031,C012,28,6
Q000352,S0031,C012,23,5
Q000353,S0031,C012,26,6
Q000354,S0031,C029,70,3
Q000355,S0031,C029,50,4
Q000356,S0031,C029,76,2
Q000357,S0031,C029,64,2
Q000358,S0031,C029,73,3
Q000359,S0031,C009,69,2
Q000360,S0031,C009,50,4
Q000361,S0031,C009,74,3
Q000362,S0031,C009,50,4
Q000363,S0031,C009,59,3
Q000364,S0031,C037,74,3
Q000365,S0031,C037,64,2
Q000366,S0031,C037,82,1
Q000367,S0031,C037,63,3
Q000368,S0031,C037,63,2
Q000369,S0031,C001,14,5
Q000370,S0031,C001,4,5
Q000371,S0031,C001,27,5
Q000372,S0031,C001,16,4
Q000373,S0032,C003,47,4
Q000374,S0032,C003,56,4
Q000375,S0032,C002,13,6
Q000376,S0032,C002,14,5
Q000377,S0032,C018,32,5
Q000378,S0032,C018,54,4
Q000379,S0032,C018,46,3
Q000380,S0032,C018,40,3
Q000381,S0033,C027,6,4
Q000382,S0033,C027,6,6
Q000383,S0033,C027,3,4
Q000384,S0033,C027,0,6
Q000385,S0033,C027,14,4
Q000386,S0033,C020,13,5
Q000387,S0033,C020,31,6
Q000388,S0033,C020,18,6
Q000389,S0033,C020,17,4
Q000390,S0033,C020,34,5
Q000391,S0034,C022,10,4
Q000392,S0034,C022,14,4
Q000393,S0034,C022,19,4
Q000394,S0034,C013,46,3
Q000395,S0034,C013,31,5
Q000396,S0034,C013,40,4
Q000397,S0034,C030,82,2
Q000398,S0034,C030,73,3
Q000399,S0034,C030,91,1
Q000400,S0035,C021,86,2
Q000401,S0035,C021,100,1
Q000402,S0035,C039,15,4
Q000403,S0035,C039,22,4
Q000404,S0035,C039,15,4
Q000405,S0035,C039,23,6
Q000406,S0035,C001,37,6
Q000407,S0035,C001,31,4
Q000408,S0035,C001,41,3
Q000409,S0035,C001,40,3
Q000410,S0035,C009,65,2
Q000411,S0035,C009,69,2
Q000412,S0035,C032,66,3
Q000413,S0035,C032,65,3
Q000414,S0035,C032,66,2
Q000415,S0035,C032,65,3
Q000416,S0035,C032,74,2
Q000417,S0036,C015,92,1
Q000418,S0036,C015,94,1
Q000419,S0036,C015,100,1
Q000420,S0036,C015,92,1
Q000421,S0036,C015,100,1
Q000422,S0036,C007,92,1
Q000423,S0036,C007,86,2
Q000424,S0036,C007,80,1
Q000425,S0036,C007,91,1
Q000426,S0036,C006,100,1
Q000427,S0036,C006,100,1
Q000428,S0036,C006,89,1
Q000429,S0036,C006,86,1
Q000430,S0036,C033,8,4
Q000431,S0036,C033,16,6
Q000432,S0036,C033,24,5
Q000433,S0036,C004,80,1
Q000434,S0036,C004,80,2
Q000435,S0036,C004,61,2
Q000436,S0036,C004,81,1
Q000437,S0036,C004,70,3
Q000438,S0037,C030,69,2
Q000439,S0037,C030,94,1
Q000440,S0037,C002,39,5
Q000441,S0037,C002,48,4
Q000442,S0037,C002,43,3
Q000443,S0037,C002,28,4
Q000444,S0037,C037,33,5
Q000445,S0037,C037,30,6
Q000446,S0037,C037,43,4
Q000447,S0037,C037,48,4
Q000448,S0038,C040,62,2
Q000449,S0038,C040,70,3
Q000450,S0038,C040,66,3
Q000451,S0038,C040,48,4
Q000452,S0038,C002,34,4
Q000453,S0038,C002,39,6
Q000454,S0039,C010,100,1
Q000455,S0039,C010,100,1
Q000456,S0039,C010,92,1
Q000457,S0039,C010,93,1
Q000458,S0039,C004,69,2
Q000459,S0039,C004,71,3
Q000460,S0039,C004,55,3
Q000461,S0039,C004,59,4
Q000462,S0039,C004,55,4
Q000463,S0039,C014,44,4
Q000464,S0039,C014,49,3
Q000465,S0039,C014,48,3
Q000466,S0040,C002,50,3
Q000467,S0040,C002,43,3
Q000468,S0040,C003,58,4
Q000469,S0040,C003,60,3
Q000470,S0040,C003,78,2
Q000471,S0040,C003,79,2
Q000472,S0040,C003,84,2
Q000473,S0040,C036,68,3
Q000474,S0040,C036,51,3
Q000475,S0040,C036,55,3
Q000476,S0040,C036,49,4
Q000477,S0040,C036,60,3
Q000478,S0041,C037,72,3
Q000479,S0041,C037,90,1
Q000480,S0041,C037,84,1
Q000481,S0041,C032,56,4
Q000482,S0041,C032,66,3
Q000483,S0041,C032,49,3
Q000484,S0041,C024,61,3
Q000485,S0041,C024,76,2
Q000486,S0041,C024,68,3
Q000487,S0041,C018,70,2
Q000488,S0041,C018,61,3
Q000489,S0042,C038,26,4
Q000490,S0042,C038,3,6
Q000491,S0042,C038,0,4
Q000492,S0042,C038,2,4
Q000493,S0042,C040,29,4
Q000494,S0042,C040,38,4
Q000495,S0042,C040,21,5
Q000496,S0042,C013,36,5
Q000497,S0042,C013,39,4
Q000498,S0042,C013,20,5
Q000499,S0043,C015,95,1
Q000500,S0043,C015,100,1
Q000501,S0043,C015,100,1
Q000502,S0043,C025,89,1
Q000503,S0043,C025,93,1
Q000504,S0043,C025,89,1
Q000505,S0043,C025,72,3
Q000506,S0043,C006,34,6
Q000507,S0043,C006,20,6
Q000508,S0043,C006,19,5
Q000509,S0043,C006,23,4
Q000510,S0043,C006,13,4
Q000511,S0044,C013,92,1
Q000512,S0044,C013,100,1
Q000513,S0044,C013,100,1
Q000514,S0044,C013,93,1
Q000515,S0044,C030,10,4
Q000516,S0044,C030,8,5
Q000517,S0044,C030,21,5
Q000518,S0044,C030,22,4
Q000519,S0044,C024,42,4
Q000520,S0044,C024,36,6
Q000521,S0044,C032,10,6
Q000522,S0044,C032,5,6
Q000523,S0044,C032,6,4
Q000524,S0044,C019,65,2
Q000525,S0044,C019,58,3
Q000526,S0044,C019,53,3
Q000527,S0044,C019,49,4
Q000528,S0044,C019,64,3
Q000529,S0045,C001,89,1
Q000530,S0045,C001,69,3
Q000531,S0045,C001,75,2
Q000532,S0045,C001,73,2
Q000533,S0045,C001,84,2
Q000534,S0045,C034,74,3
Q000535,S0045,C034,84,1
Q000536,S0045,C027,0,5
Q000537,S0045,C027,0,5
Q000538,S0045,C014,82,1
Q000539,S0045,C014,64,3
Q000540,S0045,C014,88,1
Q000541,S0045,C014,80,1
Q000542,S0045,C014,88,2
Q000543,S0045,C025,90,1
Q000544,S0045,C025,98,1
Q000545,S0045,C025,100,1
Q000546,S0046,C025,40,4
Q000547,S0046,C025,50,3
Q000548,S0046,C025,32,6
Q000549,S0046,C025,42,4
Q000550,S0046,C025,54,4
Q000551,S0046,C019,47,4
Q000552,S0046,C019,59,3
Q000553,S0046,C019,33,4
Q000554,S0046,C019,46,3
Q000555,S0046,C019,52,3
Q000556,S0046,C040,92,1
Q000557,S0046,C040,89,1
Q000558,S0046,C040,100,1
Q000559,S0046,C040,99,1
Q000560,S0046,C040,97,1
Q000561,S0046,C001,62,2
Q000562,S0046,C001,49,4
Q000563,S0046,C001,41,4
Q000564,S0046,C007,8,5
Q000565,S0046,C007,0,4
Q000566,S0046,C007,0,4
Q000567,S0046,C007,6,4
Q000568,S0047,C030,89,2
Q000569,S0047,C030,90,1
Q000570,S0047,C004,35,5
Q000571,S0047,C004,40,3
Q000572,S0048,C017,36,6
Q000573,S0048,C017,50,3
Q000574,S0048,C017,62,2
Q000575,S0048,C010,34,4
Q000576,S0048,C010,42,4
Q000577,S0048,C031,54,3
Q000578,S0048,C031,50,4
Q000579,S0048,C031,31,6
Q000580,S0048,C025,60,3
Q000581,S0048,C025,50,3
Q000582,S0048,C025,61,2
Q000583,S0049,C005,94,1
Q000584,S0049,C005,99,1
Q000585,S0049,C007,37,4
Q000586,S0049,C007,51,3
Q000587,S0049,C007,60,3
Q000588,S0050,C023,87,1
Q000589,S0050,C023,100,1
Q000590,S0050,C023,100,1
Q000591,S0050,C033,73,3
Q000592,S0050,C033,70,2
Q000593,S0050,C033,63,2
Q000594,S0050,C033,72,2
Q000595,S0050,C039,13,4
Q000596,S0050,C039,3,6
Q000597,S0050,C039,5,4
Q000598,S0050,C039,0,6
Q000599,S0050,C040,86,1
Q000600,S0050,C040,94,1
Q000601,S0051,C022,85,2
Q000602,S0051,C022,78,1
Q000603,S0051,C022,67,2
Q000604,S0051,C022,85,2
Q000605,S0051,C022,63,2
Q000606,S0051,C013,47,4
Q000607,S0051,C013,39,6
Q000608,S0051,C016,50,3
Q000609,S0051,C016,28,6
Q000610,S0051,C016,48,4
Q000611,S0051,C016,54,3
Q000612,S0051,C016,49,3
Q000613,S0051,C024,34,5
Q000614,S0051,C024,30,6
Q000615,S0051,C024,31,6
Q000616,S0051,C024,43,4
Q000617,S0051,C024,34,6
Q000618,S0052,C032,72,3
Q000619,S0052,C032,89,1
Q000620,S0052,C032,64,2
Q000621,S0052,C032,74,3
Q000622,S0052,C032,84,2
Q000623,S0052,C015,23,4
Q000624,S0052,C015,9,4
Q000625,S0052,C015,22,4
Q000626,S0052,C016,78,2
Q000627,S0052,C016,66,2
Q000628,S0052,C016,87,1
Q000629,S0052,C016,87,2
Q000630,S0052,C016,70,2
Q000631,S0052,C011,88,2
Q000632,S0052,C011,67,2
Q000633,S0052,C011,80,2
Q000634,S0052,C011,68,3
Q000635,S0052,C011,83,1
Q000636,S0052,C014,53,4
Q000637,S0052,C014,45,3
Q000638,S0052,C014,51,3
Q000639,S0053,C028,100,1
Q000640,S0053,C028,100,1
Q000641,S0053,C028,100,1
Q000642,S0053,C028,92,1
Q000643,S0053,C010,0,4
Q000644,S0053,C010,5,5
Q000645,S0053,C010,17,4
Q000646,S0054,C017,1,4
Q000647,S0054,C017,7,6
Q000648,S0054,C017,14,5
Q000649,S0054,C013,71,2
Q000650,S0054,C013,59,3
Q000651,S0054,C013,66,3
Q000652,S0054,C013,54,4
Q000653,S0055,C005,42,3
Q000654,S0055,C005,56,4
Q000655,S0055,C005,33,4
Q000656,S0055,C011,36,4
Q000657,S0055,C011,49,3
Q000658,S0055,C011,45,3
Q000659,S0055,C011,54,4
Q000660,S0055,C021,28,4
Q000661,S0055,C021,48,4
Q000662,S0055,C021,47,3
Q000663,S0056,C010,88,1
Q000664,S0056,C010,78,1
Q000665,S0056,C017,81,1
Q000666,S0056,C017,90,1
Q000667,S0056,C017,100,1
Q000668,S0056,C003,85,2
Q000669,S0056,C003,98,1
Q000670,S0056,C003,100,1
Q000671,S0057,C021,13,6
Q000672,S0057,C021,0,5
Q000673,S0057,C039,63,3
Q000674,S0057,C039,66,3
Q000675,S0057,C039,55,4
Q000676,S0057,C020,49,4
Q000677,S0057,C020,49,4
Q000678,S0057,C020,43,3
Q000679,S0057,C020,44,3
Q000680,S0057,C016,9,5
Q000681,S0057,C016,4,5
Q000682,S0057,C025,2,4
Q000683,S0057,C025,5,4
Q000684,S0057,C025,0,6
Q000685,S0057,C025,4,5
Q000686,S0058,C005,78,2
Q000687,S0058,C005,94,1
Q000688,S0058,C002,100,1
Q000689,S0058,C002,100,1
Q000690,S0058,C035,73,3
Q000691,S0058,C035,65,2
Q000692,S0058,C035,72,2
Q000693,S0058,C035,74,2
Q000694,S0058,C035,71,2
Q000695,S0059,C022,56,3
Q000696,S0059,C022,55,4
Q000697,S0059,C022,46,3
Q000698,S0059,C022,56,4
Q000699,S0059,C008,69,2
Q000700,S0059,C008,80,2
Q000701,S0059,C008,82,2
Q000702,S0059,C008,81,2
Q000703,S0059,C026,71,3
Q000704,S0059,C026,61,2
Q000705,S0059,C026,59,3
Q000706,S0059,C026,75,2
Q000707,S0059,C026,83,2
Q000708,S0060,C001,19,6
Q000709,S0060,C001,21,6
Q000710,S0060,C001,13,4
Q000711,S0060,C019,6,4
Q000712,S0060,C019,0,5
Q000713,S0060,C019,0,6
Q000714,S0060,C019,0,5
Q000715,S0060,C016,44,3
Q000716,S0060,C016,45,3
Q000717,S0060,C016,66,3
Q000718,S0060,C033,84,1
Q000719,S0060,C033,91,1
Q000720,S0060,C033,90,1
Q000721,S0061,C017,36,5
Q000722,S0061,C017,61,2
Q000723,S0061,C017,36,4
Q000724,S0061,C036,72,3
Q000725,S0061,C036,78,1
Q000726,S0061,C036,81,1
Q000727,S0061,C036,86,1
Q000728,S0061,C036,91,1
Q000729,S0061,C019,11,5
Q000730,S0061,C019,5,4
Q000731,S0061,C019,8,5
Q000732,S0062,C039,22,5
Q000733,S0062,C039,7,5
Q000734,S0062,C039,30,4
Q000735,S0062,C039,23,4
Q000736,S0062,C039,11,6
Q000737,S0062,C022,29,5
Q000738,S0062,C022,47,4
Q000739,S0062,C022,29,4
Q000740,S0062,C022,55,4
Q000741,S0062,C022,33,6
Q000742,S0062,C009,92,1
Q000743,S0062,C009,100,1
Q000744,S0062,C009,99,1
Q000745,S0062,C019,51,3
Q000746,S0062,C019,73,3
Q000747,S0062,C031,98,1
Q000748,S0062,C031,97,1
Q000749,S0062,C031,100,1
Q000750,S0063,C024,15,6
Q000751,S0063,C024,0,5
Q000752,S0063,C024,3,6
Q000753,S0063,C027,47,3
Q000754,S0063,C027,24,6
Q000755,S0063,C027,24,4
Q000756,S0063,C023,9,4
Q000757,S0063,C023,7,6
Q000758,S0063,C023,11,6
Q000759,S0063,C023,18,4
Q000760,S0063,C023,15,6
Q000761,S0063,C020,33,4
Q000762,S0063,C020,30,5
Q000763,S0063,C010,100,1
Q000764,S0063,C010,100,1
Q000765,S0063,C010,94,1
Q000766,S0064,C008,78,2
Q000767,S0064,C008,87,2
Q000768,S0064,C008,88,1
Q000769,S0064,C008,72,3
Q000770,S0064,C008,80,1
Q000771,S0064,C035,82,2
Q000772,S0064,C035,87,2
Q000773,S0064,C035,86,1
Q000774,S0065,C022,25,5
Q000775,S0065,C022,14,5
Q000776,S0065,C022,19,4
Q000777,S0065,C022,31,6
Q000778,S0065,C022,23,6
Q000779,S0065,C010,72,3
Q000780,S0065,C010,60,3
Q000781,S0065,C010,54,3
Q000782,S0065,C010,48,3
Q000783,S0065,C026,76,2
Q000784,S0065,C026,62,3
Q000785,S0065,C026,73,3
Q000786,S0065,C026,81,1
Q000787,S0066,C007,21,4
Q000788,S0066,C007,7,5
Q000789,S0066,C007,30,5
Q000790,S0066,C015,23,6
Q000791,S0066,C015,2,5
Q000792,S0066,C015,10,5
Q000793,S0066,C020,83,2
Q000794,S0066,C020,83,2
Q000795,S0066,C020,89,1
Q000796,S0066,C020,89,2
Q000797,S0067,C012,94,1
Q000798,S0067,C012,81,1
Q000799,S0067,C012,79,1
Q000800,S0067,C012,67,3
Q000801,S0067,C012,92,1
Q000802,S0067,C029,69,3
Q000803,S0067,C029,71,2
Q000804,S0067,C029,69,2
Q000805,S0067,C029,75,2
Q000806,S0067,C025,40,4
Q000807,S0067,C025,55,4
Q000808,S0067,C025,49,3
Q000809,S0067,C025,48,3
Q000810,S0067,C025,39,6
Q000811,S0067,C023,62,2
Q000812,S0067,C023,62,2
Q000813,S0067,C023,75,1
Q000814,S0068,C037,85,1
Q000815,S0068,C037,74,3
Q000816,S0068,C037,74,2
Q000817,S0068,C037,67,2
Q000818,S0068,C034,92,1
Q000819,S0068,C034,100,1
Q000820,S0068,C034,100,1
Q000821,S0068,C031,56,3
Q000822,S0068,C031,44,4
Q000823,S0068,C031,60,2
Q000824,S0068,C019,0,4
Q000825,S0068,C019,0,4
Q000826,S0068,C019,4,4
Q000827,S0068,C019,13,5
Q000828,S0068,C019,0,5
Q000829,S0068,C003,71,3
Q000830,S0068,C003,88,1
Q000831,S0068,C003,73,3
Q000832,S0068,C003,68,2
Q000833,S0069,C023,100,1
Q000834,S0069,C023,100,1
Q000835,S0069,C023,100,1
Q000836,S0069,C023,100,1
Q000837,S0069,C023,96,1
Q000838,S0069,C037,42,3
Q000839,S0069,C037,32,4
Q000840,S0069,C037,53,3
Q000841,S0069,C037,46,4
Q000842,S0069,C037,41,4
Q000843,S0070,C018,38,4
Q000844,S0070,C018,35,5
Q000845,S0070,C002,33,4
Q000846,S0070,C002,45,3
Q000847,S0070,C031,19,4
Q000848,S0070,C031,33,6
Q000849,S0070,C031,34,4
Q000850,S0070,C031,20,6
Q000851,S0070,C031,35,5
Q000852,S0070,C029,77,1
Q000853,S0070,C029,97,1
Q000854,S0070,C029,86,1
Q000855,S0070,C029,92,1
Q000856,S0070,C029,99,1
Q000857,S0070,C005,56,3
Q000858,S0070,C005,49,4
Q000859,S0070,C005,58,4
Q000860,S0070,C005,67,2
Q000861,S0070,C005,60,3
Q000862,S0071,C030,50,4
Q000863,S0071,C030,64,3
Q000864,S0071,C030,44,3
Q000865,S0071,C030,48,4
Q000866,S0071,C030,49,3
Q000867,S0071,C024,81,2
Q000868,S0071,C024,72,2
Q000869,S0071,C024,88,1
Q000870,S0071,C006,30,6
Q000871,S0071,C006,45,3
Q000872,S0071,C006,34,6
Q000873,S0071,C006,55,4
Q000874,S0072,C008,41,3
Q000875,S0072,C008,40,4
Q000876,S0072,C008,53,4
Q000877,S0072,C029,43,4
Q000878,S0072,C029,36,4
Q000879,S0072,C032,13,5
Q000880,S0072,C032,27,5
Q000881,S0072,C032,3,5
Q000882,S0072,C032,17,4
Q000883,S0072,C040,96,1
Q000884,S0072,C040,100,1
Q000885,S0072,C040,92,1
Q000886,S0072,C040,100,1
Q000887,S0073,C028,15,6
Q000888,S0073,C028,35,6
Q000889,S0073,C028,31,6
Q000890,S0073,C028,20,6
Q000891,S0073,C028,38,6
Q000892,S0073,C018,50,3
Q000893,S0073,C018,72,3
Q000894,S0073,C018,73,2
Q000895,S0073,C018,72,3
Q000896,S0073,C018,51,4
Q000897,S0073,C010,30,4
Q000898,S0073,C010,27,5
Q000899,S0073,C010,25,6
Q000900,S0073,C004,70,2
Q000901,S0073,C004,67,2
Q000902,S0074,C016,94,1
Q000903,S0074,C016,74,3
Q000904,S0074,C016,79,1
Q000905,S0074,C016,64,2
Q000906,S0074,C012,51,4
Q000907,S0074,C012,38,4
Q000908,S0074,C012,51,3
Q000909,S0074,C012,26,5
Q000910,S0074,C012,53,3
Q000911,S0074,C033,50,3
Q000912,S0074,C033,46,4
Q000913,S0075,C004,40,3
Q000914,S0075,C004,16,5
Q000915,S0075,C004,34,5
Q000916,S0075,C004,21,6
Q000917,S0075,C004,43,3
Q000918,S0075,C008,74,3
Q000919,S0075,C008,57,3
Q000920,S0075,C008,62,2
Q000921,S0075,C008,49,4
Q000922,S0075,C003,100,1
Q000923,S0075,C003,100,1
Q000924,S0075,C003,100,1
Q000925,S0075,C003,90,1
Q000926,S0075,C032,44,4
Q000927,S0075,C032,22,6
Q000928,S0075,C032,45,4
Q000929,S0075,C032,31,4
Q000930,S0075,C032,51,4
Q000931,S0075,C011,17,6
Q000932,S0075,C011,15,5
Q000933,S0075,C011,18,5
Q000934,S0075,C011,37,4
Q000935,S0075,C011,36,4
Q000936,S0076,C007,23,6
Q000937,S0076,C007,6,5
Q000938,S0076,C007,10,6
Q000939,S0076,C003,29,5
Q000940,S0076,C003,20,5
Q000941,S0076,C003,12,4
Q000942,S0076,C003,14,6
Q000943,S0076,C003,29,6
Q000944,S0076,C032,9,6
Q000945,S0076,C032,0,4
Q000946,S0076,C032,10,4
Q000947,S0076,C006,51,4
Q000948,S0076,C006,62,3
Q000949,S0076,C006,70,3
Q000950,S0076,C006,79,1
Q000951,S0076,C006,59,3
Q000952,S0077,C037,72,2
Q000953,S0077,C037,63,3
Q000954,S0077,C003,59,4
Q000955,S0077,C003,52,3
Q000956,S0077,C003,39,6
Q000957,S0077,C011,63,3
Q000958,S0077,C011,47,4
Q000959,S0077,C011,57,3
Q000960,S0077,C011,58,3
Q000961,S0078,C040,12,5
Q000962,S0078,C040,21,5
Q000963,S0078,C004,43,3
Q000964,S0078,C004,25,4
Q000965,S0078,C004,33,4
Q000966,S0078,C038,41,4
Q000967,S0078,C038,59,3
Q000968,S0078,C001,83,1
Q000969,S0078,C001,78,1
Q000970,S0078,C011,79,2
Q000971,S0078,C011,55,4
Q000972,S0078,C011,71,2
Q000973,S0079,C015,100,1
Q000974,S0079,C015,100,1
Q000975,S0079,C015,94,1
Q000976,S0079,C015,100,1
Q000977,S0079,C015,100,1
Q000978,S0079,C003,83,2
Q000979,S0079,C003,86,1
Q000980,S0079,C003,100,1
Q000981,S0079,C013,6,4
Q000982,S0079,C013,0,6
Q000983,S0079,C013,17,5
Q000984,S0079,C013,14,5
Q000985,S0079,C033,100,1
Q000986,S0079,C033,96,1
Q000987,S0079,C033,85,2
Q000988,S0080,C008,27,6
Q000989,S0080,C008,34,6
Q000990,S0080,C008,16,6
Q000991,S0080,C008,9,4
Q000992,S0080,C008,23,5
Q000993,S0080,C023,67,3
Q000994,S0080,C023,80,1
Q000995,S0080,C023,62,3
Q000996,S0080,C023,69,2
Q000997,S0081,C011,100,1
Q000998,S0081,C011,100,1
Q000999,S0081,C040,88,1
Q001000,S0081,C040,81,1
Q001001,S0081,C031,36,4
Q001002,S0081,C031,19,5
Q001003,S0081,C031,24,4
Q001004,S0081,C031,19,6
Q001005,S0081,C036,36,4
Q001006,S0081,C036,34,6
Q001007,S0081,C036,49,3
Q001008,S0081,C016,22,4
Q001009,S0081,C016,29,6
Q001010,S0082,C035,0,6
Q001011,S0082,C035,3,5
Q001012,S0082,C035,13,4
Q001013,S0082,C017,43,4
Q001014,S0082,C017,25,4
Q001015,S0083,C029,87,2
Q001016,S0083,C029,80,2
Q001017,S0083,C029,91,1
Q001018,S0083,C029,82,2
Q001019,S0083,C021,90,1
Q001020,S0083,C021,88,1
Q001021,S0083,C032,71,3
Q001022,S0083,C032,85,1
Q001023,S0084,C001,82,2
Q001024,S0084,C001,55,4
Q001025,S0084,C001,64,3
Q001026,S0084,C001,73,3
Q001027,S0084,C017,45,3
Q001028,S0084,C017,42,4
Q001029,S0084,C016,25,6
Q001030,S0084,C016,29,5
Q001031,S0084,C016,24,5
Q001032,S0084,C016,19,4
Q001033,S0084,C026,8,4
Q001034,S0084,C026,0,6
Q001035,S0084,C026,8,5
Q001036,S0085,C032,25,6
Q001037,S0085,C032,30,6
Q001038,S0085,C032,15,4
Q001039,S0085,C032,43,4
Q001040,S0085,C032,25,4
Q001041,S0085,C036,65,3
Q001042,S0085,C036,55,3
Q001043,S0085,C036,64,3
Q001044,S0085,C036,42,4
Q001045,S0085,C036,48,3
Q001046,S0086,C010,98,1
Q001047,S0086,C010,98,1
Q001048,S0086,C010,100,1
Q001049,S0086,C010,95,1
Q001050,S0086,C002,23,6
Q001051,S0086,C002,31,4
Q001052,S0086,C002,17,5
Q001053,S0086,C002,15,6
Q001054,S0086,C002,21,4
Q001055,S0087,C037,7,6
Q001056,S0087,C037,3,5
Q001057,S0087,C037,11,5
Q001058,S0087,C033,22,6
Q001059,S0087,C033,5,6
Q001060,S0087,C033,6,6
Q001061,S0087,C032,5,4
Q001062,S0087,C032,31,4
Q001063,S0087,C032,21,6
Q001064,S0087,C032,20,4
Q001065,S0087,C036,29,4
Q001066,S0087,C036,33,4
Q001067,S0087,C036,18,6
Q001068,S0087,C015,15,5
Q001069,S0087,C015,25,4
Q001070,S0087,C015,4,6
Q001071,S0087,C015,10,5
Q001072,S0087,C015,7,6
Q001073,S0088,C030,90,1
Q001074,S0088,C030,74,3
Q001075,S0088,C030,83,2
Q001076,S0088,C011,70,2
Q001077,S0088,C011,65,3
Q001078,S0088,C011,68,3
Q001079,S0088,C015,95,1
Q001080,S0088,C015,79,2
Q001081,S0088,C015,83,1
Q001082,S0088,C015,87,1
Q001083,S0088,C004,26,6
Q001084,S0088,C004,28,4
Q001085,S0088,C004,12,5
Q001086,S0088,C010,69,2
Q001087,S0088,C010,75,1
Q001088,S0088,C010,88,2
Q001089,S0089,C004,81,2
Q001090,S0089,C004,76,2
Q001091,S0089,C004,52,3
Q001092,S0089,C004,62,3
Q001093,S0089,C002,87,2
Q001094,S0089,C002,96,1
Q001095,S0089,C021,49,3
Q001096,S0089,C021,49,4
Q001097,S0089,C014,31,6
Q001098,S0089,C014,34,5
Q001099,S0089,C014,33,6
Q001100,S0090,C024,94,1
Q001101,S0090,C024,86,1
Q001102,S0090,C024,81,2
Q001103,S0090,C024,92,1
Q001104,S0090,C015,51,3
Q001105,S0090,C015,43,3
Q001106,S0090,C009,9,5
Q001107,S0090,C009,0,5
Q001108,S0090,C009,0,5
Q001109,S0090,C009,0,6
Q001110,S0090,C009,0,4
Q001111,S0090,C026,28,4
Q001112,S0090,C026,37,6
Q001113,S0090,C026,28,6
Q001114,S0090,C040,6,4
Q001115,S0090,C040,30,5
Q001116,S0090,C040,32,5
Q001117,S0090,C040,30,4
Q001118,S0091,C029,76,1
Q001119,S0091,C029,96,1
Q001120,S0091,C029,78,1
Q001121,S0091,C029,95,1
Q001122,S0091,C029,100,1
Q001123,S0091,C040,65,3
Q001124,S0091,C040,68,3
Q001125,S0091,C040,69,2
Q001126,S0091,C040,69,2
Q001127,S0092,C030,7,5
Q001128,S0092,C030,0,5
Q001129,S0092,C030,0,5
Q001130,S0092,C027,0,5
Q001131,S0092,C027,0,6
Q001132,S0092,C038,64,3
Q001133,S0092,C038,51,3
Q001134,S0092,C038,64,2
Q001135,S0092,C012,78,1
Q001136,S0092,C012,97,1
Q001137,S0092,C012,81,2
Q001138,S0092,C033,41,3
Q001139,S0092,C033,50,3
Q001140,S0093,C030,84,2
Q001141,S0093,C030,93,1
Q001142,S0093,C030,77,2
Q001143,S0093,C030,76,1
Q001144,S0093,C030,77,1
Q001145,S0093,C027,72,2
Q001146,S0093,C027,75,2
Q001147,S0093,C027,52,3
Q001148,S0093,C027,53,3
Q001149,S0094,C025,81,1
Q001150,S0094,C025,81,2
Q001151,S0094,C015,71,2
Q001152,S0094,C015,65,2
Q001153,S0094,C015,68,2
Q001154,S0094,C032,71,3
Q001155,S0094,C032,62,3
Q001156,S0094,C034,83,2
Q001157,S0094,C034,71,3
Q001158,S0094,C034,73,3
Q001159,S0094,C028,67,2
Q001160,S0094,C028,74,2
Q001161,S0094,C028,79,1
Q001162,S0094,C028,70,3
Q001163,S0094,C028,75,1
Q001164,S0095,C023,96,1
Q001165,S0095,C023,93,1
Q001166,S0095,C011,78,1
Q001167,S0095,C011,54,4
Q001168,S0095,C011,70,2
Q001169,S0095,C011,81,1
Q001170,S0095,C011,82,1
Q001171,S0095,C025,100,1
Q001172,S0095,C025,100,1
Q001173,S0095,C025,95,1
Q001174,S0095,C007,13,6
Q001175,S0095,C007,22,5
Q001176,S0095,C007,22,4
Q001177,S0095,C007,40,3
Q001178,S0095,C002,54,4
Q001179,S0095,C002,36,5
Q001180,S0095,C002,42,3
Q001181,S0096,C013,56,4
Q001182,S0096,C013,67,2
Q001183,S0096,C009,33,4
Q001184,S0096,C009,33,5
Q001185,S0096,C038,80,1
Q001186,S0096,C038,99,1
Q001187,S0096,C038,100,1
Q001188,S0096,C038,100,1
Q001189,S0096,C020,70,2
Q001190,S0096,C020,60,2
Q001191,S0096,C020,67,2
Q001192,S0096,C020,64,3
Q001193,S0096,C029,84,1
Q001194,S0096,C029,78,2
Q001195,S0096,C029,69,2
Q001196,S0097,C003,37,6
Q001197,S0097,C003,23,4
Q001198,S0097,C003,8,6
Q001199,S0097,C003,12,4
Q001200,S0097,C016,70,3
Q001201,S0097,C016,76,1
Q001202,S0097,C016,67,3
Q001203,S0097,C016,79,1
Q001204,S0097,C016,69,2
Q001205,S0097,C015,66,3
Q001206,S0097,C015,66,3
Q001207,S0097,C015,64,3
Q001208,S0097,C015,65,3
Q001209,S0097,C015,48,3
Q001210,S0097,C008,36,6
Q001211,S0097,C008,41,3
Q001212,S0097,C008,35,6
Q001213,S0097,C008,34,5
Q001214,S0097,C023,51,4
Q001215,S0097,C023,69,2
Q001216,S0097,C023,52,4
Q001217,S0097,C023,74,3
Q001218,S0098,C011,87,1
Q001219,S0098,C011,96,1
Q001220,S0098,C011,97,1
Q001221,S0098,C003,32,5
Q001222,S0098,C003,42,4
Q001223,S0098,C003,50,3
Q001224,S0098,C020,69,3
Q001225,S0098,C020,67,2
Q001226,S0098,C020,73,2
Q001227,S0098,C020,72,2
Q001228,S0098,C026,83,2
Q001229,S0098,C026,65,2
Q001230,S0098,C026,78,1
Q001231,S0098,C026,65,3
Q001232,S0099,C020,5,6
Q001233,S0099,C020,5,6
Q001234,S0099,C020,0,5
Q001235,S0099,C020,0,6
Q001236,S0099,C020,0,6
Q001237,S0099,C019,0,5
Q001238,S0099,C019,0,4
Q001239,S0099,C019,7,6
Q001240,S0099,C019,0,5
Q001241,S0099,C019,0,6
Q001242,S0099,C030,93,1
Q001243,S0099,C030,100,1
Q001244,S0099,C030,76,2
Q001245,S0099,C008,14,5
Q001246,S0099,C008,15,6
Q001247,S0099,C029,15,6
Q001248,S0099,C029,43,3
Q001249,S0099,C029,37,6
Q001250,S0100,C018,73,2
Q001251,S0100,C018,80,1
Q001252,S0100,C018,84,1
Q001253,S0100,C024,12,5
Q001254,S0100,C024,29,6
Q001255,S0100,C024,20,5
Q001256,S0100,C029,81,1
Q001257,S0100,C029,58,4
Q001258,S0100,C029,71,3
Q001259,S0100,C029,77,1
Q001260,S0100,C029,72,3
Q001261,S0101,C006,84,2
Q001262,S0101,C006,99,1
Q001263,S0101,C008,68,2
Q001264,S0101,C008,81,1
Q001265,S0101,C008,67,2
Q001266,S0101,C008,57,4
Q001267,S0101,C008,60,2
Q001268,S0102,C021,94,1
Q001269,S0102,C021,100,1
Q001270,S0102,C021,91,1
Q001271,S0102,C021,74,3
Q001272,S0102,C021,96,1
Q001273,S0102,C036,63,2
Q001274,S0102,C036,63,3
Q001275,S0103,C038,75,2
Q001276,S0103,C038,84,1
Q001277,S0103,C038,81,1
Q001278,S0103,C038,62,3
Q001279,S0103,C027,79,1
Q001280,S0103,C027,68,3
Q001281,S0103,C027,58,4
Q001282,S0103,C027,72,2
Q001283,S0103,C017,56,4
Q001284,S0103,C017,65,3
Q001285,S0103,C003,58,3
Q001286,S0103,C003,65,2
Q001287,S0103,C003,46,4
Q001288,S0104,C031,18,5
Q001289,S0104,C031,31,6
Q001290,S0104,C031,31,6
Q001291,S0104,C031,26,4
Q001292,S0104,C031,18,6
Q001293,S0104,C024,48,4
Q001294,S0104,C024,36,5
Q001295,S0104,C002,100,1
Q001296,S0104,C002,100,1
Q001297,S0104,C002,97,1
Q001298,S0105,C023,44,3
Q001299,S0105,C023,50,4
Q001300,S0105,C023,38,6
Q001301,S0105,C023,47,4
Q001302,S0105,C035,32,5
Q001303,S0105,C035,51,4
Q001304,S0105,C035,41,3
Q001305,S0105,C013,61,2
Q001306,S0105,C013,81,2
Q001307,S0106,C030,46,4
Q001308,S0106,C030,60,2
Q001309,S0106,C030,51,3
Q001310,S0106,C018,79,2
Q001311,S0106,C018,73,3
Q001312,S0106,C018,72,2
Q001313,S0106,C018,81,2
Q001314,S0106,C018,96,1
Q001315,S0106,C017,48,3
Q001316,S0106,C017,51,4
Q001317,S0106,C017,57,4
Q001318,S0106,C017,46,3
Q001319,S0107,C012,85,1
Q001320,S0107,C012,93,1
Q001321,S0107,C035,25,5
Q001322,S0107,C035,31,4
Q001323,S0107,C035,22,5
Q001324,S0107,C035,24,6
Q001325,S0107,C002,48,3
Q001326,S0107,C002,60,2
Q001327,S0107,C002,45,3
Q001328,S0107,C009,38,5
Q001329,S0107,C009,41,4
Q001330,S0107,C009,42,3
Q001331,S0107,C009,35,6
Q001332,S0108,C024,49,4
Q001333,S0108,C024,53,3
Q001334,S0108,C024,40,4
Q001335,S0108,C024,27,5
Q001336,S0108,C034,77,1
Q001337,S0108,C034,81,1
Q001338,S0108,C034,100,1
Q001339,S0108,C034,84,2
Q001340,S0108,C034,71,2
Q001341,S0109,C013,59,4
Q001342,S0109,C013,44,4
Q001343,S0109,C013,42,3
Q001344,S0109,C013,39,5
Q001345,S0109,C034,40,4
Q001346,S0109,C034,27,5
Q001347,S0109,C034,43,3
Q001348,S0109,C034,36,4
Q001349,S0110,C036,34,4
Q001350,S0110,C036,45,4
Q001351,S0110,C036,41,3
Q001352,S0110,C036,36,5
Q001353,S0110,C036,45,4
Q001354,S0110,C005,65,3
Q001355,S0110,C005,71,3
Q001356,S0110,C005,68,2
Q001357,S0110,C024,8,5
Q001358,S0110,C024,22,6
Q001359,S0110,C024,20,4
Q001360,S0110,C011,38,5
Q001361,S0110,C011,22,5
Q001362,S0110,C011,18,4
Q001363,S0110,C013,35,4
Q001364,S0110,C013,31,5
Q001365,S0110,C013,31,6
Q001366,S0111,C012,92,1
Q001367,S0111,C012,80,2
Q001368,S0111,C012,85,1
Q001369,S0111,C005,55,4
Q001370,S0111,C005,47,3
Q001371,S0111,C005,57,4
Q001372,S0112,C014,35,4
Q001373,S0112,C014,37,6
Q001374,S0112,C014,43,3
Q001375,S0112,C014,27,5
Q001376,S0112,C014,38,6
Q001377,S0112,C018,59,4
Q001378,S0112,C018,52,4
Q001379,S0112,C018,53,3
Q001380,S0112,C018,47,4
Q001381,S0112,C018,52,3
Q001382,S0112,C004,47,4
Q001383,S0112,C004,37,6
Q001384,S0112,C030,25,4
Q001385,S0112,C030,31,5
Q001386,S0112,C030,34,6
Q001387,S0112,C030,53,4
Q001388,S0112,C030,27,6
Q001389,S0113,C006,62,2
Q001390,S0113,C006,79,1
Q001391,S0113,C006,66,2
Q001392,S0113,C006,60,2
Q001393,S0113,C006,62,3
Q001394,S0113,C019,17,6
Q001395,S0113,C019,3,5
Q001396,S0113,C019,22,5
Q001397,S0113,C011,26,6
Q001398,S0113,C011,0,5
Q001399,S0113,C011,25,4
Q001400,S0113,C011,6,4
Q001401,S0113,C010,28,4
Q001402,S0113,C010,27,4
Q001403,S0113,C010,12,5
Q001404,S0113,C003,38,4
Q001405,S0113,C003,47,3
Q001406,S0113,C003,35,4
Q001407,S0114,C038,20,4
Q001408,S0114,C038,10,5
Q001409,S0114,C038,0,6
Q001410,S0114,C004,92,1
Q001411,S0114,C004,100,1
Q001412,S0114,C018,75,2
Q001413,S0114,C018,81,1
Q001414,S0114,C018,83,2
Q001415,S0114,C001,0,6
Q001416,S0114,C001,5,5
Q001417,S0114,C001,10,6
Q001418,S0114,C001,0,5
Q001419,S0114,C001,0,4
Q001420,S0115,C017,31,4
Q001421,S0115,C017,21,4
Q001422,S0115,C017,13,6
Q001423,S0115,C017,30,6
Q001424,S0115,C037,39,4
Q001425,S0115,C037,10,5
Q001426,S0115,C037,29,5
Q001427,S0115,C037,37,5
Q001428,S0116,C011,75,1
Q001429,S0116,C011,75,2
Q001430,S0116,C011,52,3
Q001431,S0116,C011,55,4
Q001432,S0116,C028,83,2
Q001433,S0116,C028,82,2
Q001434,S0116,C028,91,1
Q001435,S0116,C028,98,1
Q001436,S0116,C028,95,1
Q001437,S0116,C033,100,1
Q001438,S0116,C033,85,2
Q001439,S0116,C033,96,1
Q001440,S0116,C017,49,4
Q001441,S0116,C017,63,2
Q001442,S0117,C035,6,4
Q001443,S0117,C035,0,5
Q001444,S0117,C035,0,6
Q001445,S0117,C035,1,5
Q001446,S0117,C035,0,5
Q001447,S0117,C004,58,4
Q001448,S0117,C004,85,1
Q001449,S0117,C004,71,2
Q001450,S0117,C004,69,3
Q001451,S0117,C037,50,3
Q001452,S0117,C037,30,5
Q001453,S0117,C037,35,4
Q001454,S0118,C015,90,1
Q001455,S0118,C015,71,2
Q001456,S0118,C023,95,1
Q001457,S0118,C023,85,2
Q001458,S0118,C023,72,2
Q001459,S0118,C023,75,2
Q001460,S0118,C005,34,6
Q001461,S0118,C005,12,6
Q001462,S0118,C005,29,6
Q001463,S0118,C005,19,4
Q001464,S0118,C005,38,6
Q001465,S0118,C008,88,2
Q001466,S0118,C008,86,1
Q001467,S0118,C014,71,3
Q001468,S0118,C014,72,2
Q001469,S0118,C014,61,2
Q001470,S0118,C014,71,2
Q001471,S0118,C014,72,3
Q001472,S0119,C005,76,1
Q001473,S0119,C005,56,4
Q001474,S0119,C005,55,3
Q001475,S0119,C003,88,1
Q001476,S0119,C003,78,2
Q001477,S0119,C003,95,1
Q001478,S0119,C003,85,1
Q001479,S0119,C003,82,1
Q001480,S0120,C037,18,5
Q001481,S0120,C037,41,3
Q001482,S0120,C037,24,4
Q001483,S0120,C034,28,6
Q001484,S0120,C034,30,6
Q001485,S0120,C034,20,6
Q001486,S0120,C020,8,6
Q001487,S0120,C020,0,6
Q001488,S0120,C020,0,4
Q001489,S0120,C029,13,4
Q001490,S0120,C029,6,5
Q001491,S0121,C020,41,4
Q001492,S0121,C020,41,4
Q001493,S0121,C036,35,4
Q001494,S0121,C036,39,5
Q001495,S0121,C036,11,6
Q001496,S0121,C036,34,4
Q001497,S0121,C036,26,6
Q001498,S0121,C007,91,1
Q001499,S0121,C007,100,1
Q001500,S0121,C007,90,1
Q001501,S0121,C013,96,1
Q001502,S0121,C013,100,1
Q001503,S0121,C013,87,2
Q001504,S0122,C039,70,2
Q001505,S0122,C039,70,2
Q001506,S0122,C039,92,1
Q001507,S0122,C039,71,2
Q001508,S0122,C039,76,1
Q001509,S0122,C023,89,1
Q001510,S0122,C023,72,2
Q001511,S0122,C020,0,4
Q001512,S0122,C020,0,6
Q001513,S0122,C020,2,6
Q001514,S0122,C027,57,3
Q001515,S0122,C027,56,4
Q001516,S0122,C027,78,2
Q001517,S0122,C027,64,2
Q001518,S0122,C027,58,4
Q001519,S0122,C004,12,6
Q001520,S0122,C004,0,4
Q001521,S0123,C039,9,5
Q001522,S0123,C039,13,6
Q001523,S0123,C030,100,1
Q001524,S0123,C030,100,1
Q001525,S0124,C007,36,4
Q001526,S0124,C007,36,4
Q001527,S0124,C024,19,6
Q001528,S0124,C024,0,4
Q001529,S0125,C025,53,3
Q001530,S0125,C025,36,4
Q001531,S0125,C025,32,4
Q001532,S0125,C034,41,3
Q001533,S0125,C034,27,6
Q001534,S0125,C034,24,4
Q001535,S0125,C034,20,6
Q001536,S0125,C001,28,6
Q001537,S0125,C001,34,4
Q001538,S0125,C001,32,4
Q001539,S0125,C001,32,5
Q001540,S0125,C001,35,6
Q001541,S0126,C011,11,6
Q001542,S0126,C011,27,6
Q001543,S0126,C011,26,6
Q001544,S0126,C011,31,4
Q001545,S0126,C030,53,4
Q001546,S0126,C030,53,3
Q001547,S0126,C030,54,4
Q001548,S0126,C030,68,3
Q001549,S0126,C033,22,4
Q001550,S0126,C033,19,5
Q001551,S0126,C032,70,2
Q001552,S0126,C032,82,1
Q001553,S0126,C032,74,2
Q001554,S0126,C032,67,2
Q001555,S0126,C001,22,6
Q001556,S0126,C001,6,4
Q001557,S0126,C001,15,4
Q001558,S0127,C004,58,4
Q001559,S0127,C004,56,3
Q001560,S0127,C004,61,2
Q001561,S0127,C004,62,3
Q001562,S0127,C014,18,6
Q001563,S0127,C014,32,6
Q001564,S0127,C024,81,2
Q001565,S0127,C024,100,1
Q001566,S0127,C024,100,1
Q001567,S0127,C024,82,1
Q001568,S0128,C010,56,3
Q001569,S0128,C010,70,3
Q001570,S0128,C010,69,2
Q001571,S0128,C010,77,1
Q001572,S0128,C035,13,4
Q001573,S0128,C035,1,4
Q001574,S0128,C035,7,6
Q001575,S0128,C032,9,4
Q001576,S0128,C032,10,5
Q001577,S0129,C008,99,1
Q001578,S0129,C008,100,1
Q001579,S0129,C013,100,1
Q001580,S0129,C013,99,1
Q001581,S0129,C013,90,1
Q001582,S0129,C013,79,1
Q001583,S0129,C023,77,2
Q001584,S0129,C023,80,2
Q001585,S0129,C023,100,1
Q001586,S0130,C011,35,6
Q001587,S0130,C011,39,5
Q001588,S0130,C011,37,4
Q001589,S0130,C011,26,6
Q001590,S0130,C018,73,2
Q001591,S0130,C018,69,2
Q001592,S0130,C018,73,2
Q001593,S0131,C017,71,2
Q001594,S0131,C017,79,2
Q001595,S0131,C017,79,1
Q001596,S0131,C004,53,3
Q001597,S0131,C004,60,3
Q001598,S0131,C004,56,4
Q001599,S0131,C004,59,3
Q001600,S0131,C008,49,4
Q001601,S0131,C008,45,3
Q001602,S0132,C038,15,6
Q001603,S0132,C038,0,4
Q001604,S0132,C038,6,6
Q001605,S0132,C038,14,5
Q001606,S0132,C038,0,6
Q001607,S0132,C011,85,1
Q001608,S0132,C011,83,1
Q001609,S0132,C011,70,2
Q001610,S0132,C011,83,1
Q001611,S0132,C011,73,2
Q001612,S0132,C024,3,4
Q001613,S0132,C024,12,5
Q001614,S0132,C007,44,4
Q001615,S0132,C007,43,3
Q001616,S0132,C007,45,3
Q001617,S0132,C007,55,3
Q001618,S0132,C007,52,4
Q001619,S0132,C034,74,2
Q001620,S0132,C034,57,3
Q001621,S0132,C034,48,3
Q001622,S0132,C034,57,4
Q001623,S0133,C024,77,2
Q001624,S0133,C024,72,2
Q001625,S0133,C024,81,1
Q001626,S0133,C032,49,3
Q001627,S0133,C032,46,3
Q001628,S0133,C032,60,2
Q001629,S0133,C032,51,4
Q001630,S0134,C004,57,4
Q001631,S0134,C004,56,4
Q001632,S0134,C004,66,2
Q001633,S0134,C024,1,6
Q001634,S0134,C024,22,4
Q001635,S0135,C024,92,1
Q001636,S0135,C024,100,1
Q001637,S0135,C036,24,5
Q001638,S0135,C036,19,6
Q001639,S0135,C036,20,4
Q001640,S0135,C009,45,3
Q001641,S0135,C009,39,5
Q001642,S0135,C009,42,4
Q001643,S0135,C009,48,4
Q001644,S0135,C009,45,3
Q001645,S0136,C007,89,1
Q001646,S0136,C007,82,1
Q001647,S0136,C007,85,1
Q001648,S0136,C004,50,3
Q001649,S0136,C004,55,4
Q001650,S0136,C004,58,3
Q001651,S0136,C001,81,2
Q001652,S0136,C001,82,1
Q001653,S0136,C001,57,4
Q001654,S0136,C014,62,2
Q001655,S0136,C014,53,4
Q001656,S0137,C030,41,4
Q001657,S0137,C030,27,6
Q001658,S0137,C030,31,4
Q001659,S0137,C037,89,2
Q001660,S0137,C037,63,3
Q001661,S0137,C037,60,2
Q001662,S0137,C037,80,1
Q001663,S0137,C037,66,2
Q001664,S0137,C001,35,5
Q001665,S0137,C001,12,4
Q001666,S0137,C001,13,6
Q001667,S0137,C018,23,4
Q001668,S0137,C018,3,5
Q001669,S0137,C018,4,5
Q001670,S0138,C036,88,2
Q001671,S0138,C036,78,2
Q001672,S0138,C036,100,1
Q001673,S0138,C036,78,2
Q001674,S0138,C022,86,1
Q001675,S0138,C022,89,2
Q001676,S0139,C025,20,5
Q001677,S0139,C025,10,4
Q001678,S0139,C025,26,4
Q001679,S0139,C025,20,6
Q001680,S0139,C032,90,1
Q001681,S0139,C032,73,2
Q001682,S0139,C032,91,1
Q001683,S0139,C032,77,2
Q001684,S0139,C029,74,3
Q001685,S0139,C029,83,2
Q001686,S0139,C004,88,1
Q001687,S0139,C004,90,1
Q001688,S0139,C004,98,1
Q001689,S0139,C004,93,1
Q001690,S0139,C004,96,1
Q001691,S0140,C034,36,4
Q001692,S0140,C034,37,6
Q001693,S0140,C003,31,4
Q001694,S0140,C003,36,4
Q001695,S0140,C003,25,5
Q001696,S0140,C003,43,4
Q001697,S0140,C003,48,3
Q001698,S0141,C038,37,6
Q001699,S0141,C038,47,4
Q001700,S0141,C040,73,2
Q001701,S0141,C040,99,1
Q001702,S0141,C040,75,1
Q001703,S0141,C022,76,1
Q001704,S0141,C022,74,3
Q001705,S0141,C022,78,2
Q001706,S0141,C024,36,6
Q001707,S0141,C024,53,3
Q001708,S0141,C024,34,4
Q001709,S0141,C019,65,3
Q001710,S0141,C019,68,2
Q001711,S0141,C019,52,3
Q001712,S0141,C019,71,3
Q001713,S0141,C019,53,3
Q001714,S0142,C020,50,4
Q001715,S0142,C020,64,2
Q001716,S0142,C020,46,3
Q001717,S0142,C020,50,4
Q001718,S0142,C020,44,4
Q001719,S0142,C038,40,4
Q001720,S0142,C038,38,6
Q001721,S0142,C038,44,3
Q001722,S0142,C038,49,4
Q001723,S0142,C038,32,5
Q001724,S0142,C001,60,2
Q001725,S0142,C001,80,1
Q001726,S0142,C001,73,3
Q001727,S0142,C001,63,2
Q001728,S0142,C001,65,2
Q001729,S0142,C036,69,3
Q001730,S0142,C036,61,3
Q001731,S0142,C036,56,3
Q001732,S0142,C036,59,3
Q001733,S0142,C011,100,1
Q001734,S0142,C011,100,1
Q001735,S0142,C011,100,1
Q001736,S0142,C011,100,1
Q001737,S0143,C017,29,4
Q001738,S0143,C017,53,3
Q001739,S0143,C017,27,4
Q001740,S0143,C035,9,5
Q001741,S0143,C035,15,5
Q001742,S0143,C035,22,5
Q001743,S0143,C035,14,4
Q001744,S0143,C035,19,4
Q001745,S0143,C037,56,4
Q001746,S0143,C037,48,4
Q001747,S0143,C037,58,4
Q001748,S0143,C037,61,2
Q001749,S0143,C037,55,4
Q001750,S0144,C008,26,5
Q001751,S0144,C008,41,4
Q001752,S0144,C008,40,3
Q001753,S0144,C008,26,6
Q001754,S0144,C008,17,4
Q001755,S0144,C032,81,1
Q001756,S0144,C032,69,2
Q001757,S0144,C032,84,2
Q001758,S0144,C032,86,1
Q001759,S0144,C018,51,3
Q001760,S0144,C018,53,3
Q001761,S0144,C018,67,2
Q001762,S0144,C012,83,1
Q001763,S0144,C012,76,1
Q001764,S0145,C014,67,3
Q001765,S0145,C014,76,1
Q001766,S0145,C008,15,6
Q001767,S0145,C008,1,4
Q001768,S0145,C008,20,5
Q001769,S0145,C031,80,1
Q001770,S0145,C031,78,1
Q001771,S0145,C031,96,1
Q001772,S0145,C031,75,1
Q001773,S0145,C031,89,2
Q001774,S0146,C007,34,6
Q001775,S0146,C007,33,4
Q001776,S0146,C007,58,4
Q001777,S0146,C007,52,3
Q001778,S0146,C035,28,4
Q001779,S0146,C035,37,6
Q001780,S0146,C011,21,6
Q001781,S0146,C011,24,5
Q001782,S0146,C011,16,6
Q001783,S0147,C040,61,3
Q001784,S0147,C040,69,2
Q001785,S0147,C037,66,2
Q001786,S0147,C037,81,2
Q001787,S0147,C037,93,1
Q001788,S0147,C037,79,2
Q001789,S0147,C008,71,2
Q001790,S0147,C008,73,2
Q001791,S0147,C008,96,1
Q001792,S0147,C004,29,5
Q001793,S0147,C004,6,4
Q001794,S0147,C004,27,4
Q001795,S0147,C032,65,3
Q001796,S0147,C032,61,3
Q001797,S0147,C032,63,3
Q001798,S0147,C032,83,2
Q001799,S0147,C032,82,1
Q001800,S0148,C019,6,6
Q001801,S0148,C019,0,6
Q001802,S0148,C019,9,6
Q001803,S0148,C019,0,6
Q001804,S0148,C023,100,1
Q001805,S0148,C023,97,1
Q001806,S0148,C023,93,1
Q001807,S0148,C023,99,1
Q001808,S0148,C021,35,5
Q001809,S0148,C021,24,5
Q001810,S0148,C021,11,5
Q001811,S0148,C021,29,5
Q001812,S0148,C026,0,4
Q001813,S0148,C026,13,6
Q001814,S0148,C026,9,4
Q001815,S0148,C035,0,6
Q001816,S0148,C035,4,5
Q001817,S0148,C035,25,4
Q001818,S0148,C035,22,5
Q001819,S0148,C035,17,6
Q001820,S0149,C032,40,3
Q001821,S0149,C032,40,4
Q001822,S0149,C032,44,3
Q001823,S0149,C032,19,4
Q001824,S0149,C027,73,2
Q001825,S0149,C027,65,3
Q001826,S0149,C010,93,1
Q001827,S0149,C010,89,2
Q001828,S0149,C010,100,1
Q001829,S0149,C010,97,1
Q001830,S0150,C015,59,4
Q001831,S0150,C015,74,3
Q001832,S0150,C015,62,3
Q001833,S0150,C015,70,3
Q001834,S0150,C015,61,2
Q001835,S0150,C030,32,6
Q001836,S0150,C030,43,4
Q001837,S0150,C002,100,1
Q001838,S0150,C002,96,1
Q001839,S0150,C002,100,1
Q001840,S0151,C032,25,6
Q001841,S0151,C032,49,3
Q001842,S0151,C029,50,4
Q001843,S0151,C029,46,4
Q001844,S0151,C029,68,2
Q001845,S0151,C029,63,2
Q001846,S0151,C017,61,3
Q001847,S0151,C017,43,4
Q001848,S0151,C017,65,3
Q001849,S0151,C017,54,4
Q001850,S0151,C017,64,3
Q001851,S0152,C024,29,4
Q001852,S0152,C024,18,6
Q001853,S0152,C024,21,5
Q001854,S0152,C038,63,3
Q001855,S0152,C038,78,1
Q001856,S0152,C022,10,4
Q001857,S0152,C022,17,5
Q001858,S0152,C022,0,4
Q001859,S0152,C022,16,5
Q001860,S0152,C020,67,3
Q001861,S0152,C020,67,3
Q001862,S0152,C020,71,3
Q001863,S0153,C033,11,6
Q001864,S0153,C033,27,4
Q001865,S0153,C023,78,1
Q001866,S0153,C023,72,2
Q001867,S0153,C023,82,2
Q001868,S0153,C023,91,1
Q001869,S0153,C005,34,4
Q001870,S0153,C005,46,4
Q001871,S0154,C038,43,3
Q001872,S0154,C038,21,6
Q001873,S0154,C038,22,6
Q001874,S0154,C038,35,4
Q001875,S0154,C018,3,5
Q001876,S0154,C018,4,5
Q001877,S0154,C008,71,2
Q001878,S0154,C008,68,3
Q001879,S0154,C008,58,4
Q001880,S0154,C008,77,1
Q001881,S0154,C008,55,3
Q001882,S0155,C009,9,4
Q001883,S0155,C009,20,5
Q001884,S0155,C009,27,4
Q001885,S0155,C009,5,6
Q001886,S0155,C035,26,4
Q001887,S0155,C035,37,4
Q001888,S0155,C035,34,5
Q001889,S0156,C006,80,2
Q001890,S0156,C006,56,3
Q001891,S0156,C006,79,1
Q001892,S0156,C029,53,3
Q001893,S0156,C029,54,4
Q001894,S0156,C029,75,1
Q001895,S0156,C029,76,2
Q001896,S0157,C015,45,4
Q001897,S0157,C015,43,3
Q001898,S0157,C015,69,2
Q001899,S0157,C037,36,6
Q001900,S0157,C037,34,6
Q001901,S0157,C033,0,6
Q001902,S0157,C033,22,6
Q001903,S0157,C033,15,4
Q001904,S0157,C029,21,6
Q001905,S0157,C029,0,5
Q001906,S0157,C029,9,6
Q001907,S0157,C029,10,6
Q001908,S0157,C029,23,5
Q001909,S0158,C019,0,6
Q001910,S0158,C019,3,4
Q001911,S0158,C019,0,4
Q001912,S0158,C019,0,6
Q001913,S0158,C029,72,3
Q001914,S0158,C029,80,1
Q001915,S0158,C029,73,3
Q001916,S0158,C029,80,2
Q001917,S0158,C014,49,4
Q001918,S0158,C014,39,5
Q001919,S0158,C014,45,3
Q001920,S0158,C014,27,5
Q001921,S0158,C024,47,3
Q001922,S0158,C024,50,4
Q001923,S0158,C024,45,4
Q001924,S0158,C024,45,4
Q001925,S0159,C030,74,3
Q001926,S0159,C030,80,2
Q001927,S0159,C030,79,1
Q001928,S0159,C030,75,2
Q001929,S0159,C007,78,2
Q001930,S0159,C007,100,1
Q001931,S0159,C007,85,2
Q001932,S0160,C020,76,1
Q001933,S0160,C020,66,2
Q001934,S0160,C020,68,2
Q001935,S0160,C038,37,5
Q001936,S0160,C038,40,4
Q001937,S0161,C010,46,4
Q001938,S0161,C010,35,4
Q001939,S0161,C021,15,6
Q001940,S0161,C021,16,5
Q001941,S0162,C007,82,1
Q001942,S0162,C007,61,2
Q001943,S0162,C032,78,2
Q001944,S0162,C032,98,1
Q001945,S0162,C032,87,2
Q001946,S0162,C032,88,2
Q001947,S0162,C040,17,4
Q001948,S0162,C040,21,5
Q001949,S0162,C040,31,6
Q001950,S0162,C040,29,6
Q001951,S0162,C040,26,6
Q001952,S0162,C026,52,3
Q001953,S0162,C026,68,3
Q001954,S0162,C026,49,4
Q001955,S0163,C003,91,1
Q001956,S0163,C003,100,1
Q001957,S0163,C003,100,1
Q001958,S0163,C003,99,1
Q001959,S0163,C033,0,6
Q001960,S0163,C033,0,4
Q001961,S0164,C022,76,1
Q001962,S0164,C022,77,2
Q001963,S0164,C022,75,2
Q001964,S0164,C022,88,1
Q001965,S0164,C007,15,6
Q001966,S0164,C007,18,4
Q001967,S0164,C007,24,4
Q001968,S0164,C007,40,3
Q001969,S0164,C015,30,5
Q001970,S0164,C015,30,5
Q001971,S0164,C015,19,5
Q001972,S0164,C015,33,5
Q001973,S0164,C029,82,2
Q001974,S0164,C029,88,2
Q001975,S0164,C029,85,1
Q001976,S0164,C029,88,1
Q001977,S0164,C029,100,1
Q001978,S0165,C002,65,2
Q001979,S0165,C002,64,2
Q001980,S0165,C002,43,4
Q001981,S0165,C024,63,3
Q001982,S0165,C024,70,3
Q001983,S0165,C024,59,4
Q001984,S0166,C035,51,4
Q001985,S0166,C035,60,3
Q001986,S0166,C035,48,4
Q001987,S0166,C035,50,4
Q001988,S0166,C035,42,3
Q001989,S0166,C030,98,1
Q001990,S0166,C030,92,1
Q001991,S0166,C030,96,1
Q001992,S0166,C011,75,2
Q001993,S0166,C011,88,2
Q001994,S0166,C011,82,2
Q001995,S0166,C011,61,2
Q001996,S0167,C016,44,4
Q001997,S0167,C016,21,6
Q001998,S0167,C016,47,4
Q001999,S0167,C016,25,4
Q002000,S0167,C027,0,6
Q002001,S0167,C027,0,5
Q002002,S0167,C006,58,4
Q002003,S0167,C006,56,4
Q002004,S0167,C006,54,4
Q002005,S0167,C006,52,4
Q002006,S0167,C006,61,3
Q002007,S0167,C023,97,1
Q002008,S0167,C023,71,2
Q002009,S0167,C023,80,2
Q002010,S0167,C023,100,1
Q002011,S0167,C023,79,1
Q002012,S0167,C018,85,2
Q002013,S0167,C018,80,2
Q002014,S0167,C018,100,1
Q002015,S0168,C033,29,4
Q002016,S0168,C033,45,3
Q002017,S0168,C033,41,4
Q002018,S0168,C024,38,5
Q002019,S0168,C024,48,4
Q002020,S0168,C024,39,5
Q002021,S0168,C002,99,1
Q002022,S0168,C002,100,1
Q002023,S0168,C002,100,1
Q002024,S0168,C002,100,1
Q002025,S0168,C019,71,2
Q002026,S0168,C019,74,2
Q002027,S0168,C019,60,3
Q002028,S0168,C019,71,3
Q002029,S0169,C003,51,4
Q002030,S0169,C003,23,4
Q002031,S0169,C003,31,6
Q002032,S0169,C003,42,3
Q002033,S0169,C015,54,3
Q002034,S0169,C015,36,4
Q002035,S0169,C012,97,1
Q002036,S0169,C012,85,2
Q002037,S0169,C012,100,1
Q002038,S0170,C013,76,2
Q002039,S0170,C013,66,2
Q002040,S0170,C013,90,1
Q002041,S0170,C031,51,3
Q002042,S0170,C031,49,3
Q002043,S0170,C031,39,6
Q002044,S0170,C031,43,4
Q002045,S0170,C031,49,3
Q002046,S0170,C012,100,1
Q002047,S0170,C012,96,1
Q002048,S0171,C008,99,1
Q002049,S0171,C008,96,1
Q002050,S0171,C026,64,2
Q002051,S0171,C026,67,2
Q002052,S0171,C034,6,5
Q002053,S0171,C034,5,6
Q002054,S0171,C034,0,6
Q002055,S0171,C034,15,5
Q002056,S0171,C034,18,6
Q002057,S0171,C006,100,1
Q002058,S0171,C006,95,1
Q002059,S0171,C006,100,1
Q002060,S0171,C006,100,1
Q002061,S0171,C006,100,1
Q002062,S0172,C009,46,4
Q002063,S0172,C009,71,3
Q002064,S0172,C005,95,1
Q002065,S0172,C005,100,1
Q002066,S0172,C005,78,2
Q002067,S0172,C005,82,2
Q002068,S0172,C005,78,2
Q002069,S0172,C039,44,4
Q002070,S0172,C039,29,4
Q002071,S0172,C033,30,5
Q002072,S0172,C033,15,6
Q002073,S0172,C033,25,6
Q002074,S0172,C033,34,6
Q002075,S0172,C032,22,6
Q002076,S0172,C032,36,5
Q002077,S0173,C027,93,1
Q002078,S0173,C027,87,1
Q002079,S0173,C021,57,3
Q002080,S0173,C021,36,6
Q002081,S0173,C014,17,5
Q002082,S0173,C014,28,6
Q002083,S0173,C013,25,5
Q002084,S0173,C013,0,5
Q002085,S0173,C013,10,6
Q002086,S0173,C013,4,4
Q002087,S0174,C035,60,3
Q002088,S0174,C035,63,2
Q002089,S0174,C037,36,6
Q002090,S0174,C037,51,3
Q002091,S0174,C037,51,3
Q002092,S0174,C037,28,6
Q002093,S0174,C037,40,4
Q002094,S0174,C026,66,2
Q002095,S0174,C026,54,4
Q002096,S0174,C026,53,3
Q002097,S0174,C028,0,5
Q002098,S0174,C028,20,6
Q002099,S0174,C028,20,6
Q002100,S0174,C028,22,6
Q002101,S0175,C020,97,1
Q002102,S0175,C020,75,1
Q002103,S0175,C020,86,2
Q002104,S0175,C020,78,1
Q002105,S0175,C020,69,2
Q002106,S0175,C033,64,2
Q002107,S0175,C033,55,3
Q002108,S0175,C033,61,3
Q002109,S0175,C033,48,4
Q002110,S0175,C033,53,4
Q002111,S0175,C025,62,3
Q002112,S0175,C025,89,1
Q002113,S0175,C025,84,1
Q002114,S0175,C026,38,5
Q002115,S0175,C026,33,6
Q002116,S0175,C026,53,4
Q002117,S0175,C034,37,5
Q002118,S0175,C034,41,3
Q002119,S0175,C034,24,5
Q002120,S0175,C034,21,5
Q002121,S0176,C035,90,1
Q002122,S0176,C035,97,1
Q002123,S0176,C035,97,1
Q002124,S0176,C035,99,1
Q002125,S0176,C029,94,1
Q002126,S0176,C029,99,1
Q002127,S0176,C029,100,1
Q002128,S0176,C031,44,3
Q002129,S0176,C031,38,6
Q002130,S0176,C031,66,2
Q002131,S0176,C031,47,4
Q002132,S0176,C031,40,4
Q002133,S0177,C034,32,4
Q002134,S0177,C034,15,6
Q002135,S0177,C034,16,6
Q002136,S0177,C002,59,3
Q002137,S0177,C002,70,2
Q002138,S0177,C002,86,2
Q002139,S0177,C030,33,4
Q002140,S0177,C030,50,4
Q002141,S0177,C031,100,1
Q002142,S0177,C031,100,1
Q002143,S0178,C025,80,2
Q002144,S0178,C025,88,2
Q002145,S0178,C025,77,1
Q002146,S0178,C025,63,2
Q002147,S0178,C005,90,1
Q002148,S0178,C005,88,1
Q002149,S0178,C005,74,3
Q002150,S0178,C001,67,2
Q002151,S0178,C001,85,1
Q002152,S0178,C021,75,1
Q002153,S0178,C021,87,1
Q002154,S0178,C021,85,1
Q002155,S0178,C021,60,2
Q002156,S0178,C021,69,2
Q002157,S0178,C027,81,1
Q002158,S0178,C027,81,2
Q002159,S0178,C027,71,3
Q002160,S0179,C010,10,4
Q002161,S0179,C010,17,6
Q002162,S0179,C010,15,4
Q002163,S0179,C010,0,4
Q002164,S0179,C025,67,3
Q002165,S0179,C025,72,3
Q002166,S0179,C025,69,3
Q002167,S0179,C025,73,2
Q002168,S0179,C004,54,4
Q002169,S0179,C004,55,3
Q002170,S0179,C036,13,6
Q002171,S0179,C036,13,5
Q002172,S0180,C032,84,1
Q002173,S0180,C032,100,1
Q002174,S0180,C032,100,1
Q002175,S0180,C012,62,3
Q002176,S0180,C012,62,2
Q002177,S0180,C012,62,2
Q002178,S0180,C001,28,6
Q002179,S0180,C001,40,4
Q002180,S0180,C019,64,2
Q002181,S0180,C019,88,2
Q002182,S0180,C019,91,1
Q002183,S0180,C019,81,2
Q002184,S0180,C019,79,2
Q002185,S0180,C039,1,5
Q002186,S0180,C039,15,4
Q002187,S0180,C039,15,6
Q002188,S0181,C003,55,4
Q002189,S0181,C003,66,2
Q002190,S0181,C003,66,2
Q002191,S0181,C003,68,3
Q002192,S0181,C020,54,4
Q002193,S0181,C020,45,3
Q002194,S0181,C020,43,4
Q002195,S0181,C017,57,4
Q002196,S0181,C017,65,3
Q002197,S0182,C021,100,1
Q002198,S0182,C021,100,1
Q002199,S0182,C021,100,1
Q002200,S0182,C021,100,1
Q002201,S0182,C001,31,5
Q002202,S0182,C001,47,4
Q002203,S0182,C018,75,2
Q002204,S0182,C018,73,2
Q002205,S0182,C040,49,4
Q002206,S0182,C040,64,2
Q002207,S0182,C040,56,3
Q002208,S0182,C040,56,3
Q002209,S0182,C039,52,4
Q002210,S0182,C039,42,4
Q002211,S0182,C039,69,3
Q002212,S0182,C039,42,4
Q002213,S0183,C030,13,5
Q002214,S0183,C030,0,5
Q002215,S0183,C002,7,4
Q002216,S0183,C002,30,5
Q002217,S0183,C002,14,4
Q002218,S0183,C040,100,1
Q002219,S0183,C040,94,1
Q002220,S0183,C040,93,1
Q002221,S0183,C009,0,6
Q002222,S0183,C009,0,6
Q002223,S0183,C038,74,3
Q002224,S0183,C038,68,2
Q002225,S0183,C038,71,2
Q002226,S0183,C038,51,4
Q002227,S0183,C038,55,4
Q002228,S0184,C031,78,2
Q002229,S0184,C031,81,2
Q002230,S0184,C032,31,5
Q002231,S0184,C032,6,5
Q002232,S0184,C032,3,6
Q002233,S0184,C032,31,6
Q002234,S0184,C032,3,6
Q002235,S0184,C023,20,5
Q002236,S0184,C023,23,5
Q002237,S0184,C023,38,6
Q002238,S0184,C023,14,4
Q002239,S0184,C040,30,4
Q002240,S0184,C040,16,4
Q002241,S0184,C040,17,5
Q002242,S0184,C040,44,3
Q002243,S0184,C040,22,6
Q002244,S0184,C014,18,4
Q002245,S0184,C014,13,5
Q002246,S0184,C014,0,5
Q002247,S0185,C015,57,4
Q002248,S0185,C015,53,3
Q002249,S0185,C015,46,3
Q002250,S0185,C015,58,3
Q002251,S0185,C015,47,4
Q002252,S0185,C033,93,1
Q002253,S0185,C033,95,1
Q002254,S0185,C033,74,2
Q002255,S0185,C033,74,3
Q002256,S0185,C033,68,3
Q002257,S0185,C007,84,1
Q002258,S0185,C007,82,2
Q002259,S0185,C007,73,2
Q002260,S0185,C039,19,6
Q002261,S0185,C039,0,4
Q002262,S0185,C039,5,5
Q002263,S0185,C039,7,4
Q002264,S0186,C028,63,3
Q002265,S0186,C028,59,4
Q002266,S0186,C028,75,2
Q002267,S0186,C028,62,3
Q002268,S0186,C011,60,2
Q002269,S0186,C011,66,3
Q002270,S0186,C011,40,4
Q002271,S0186,C014,43,4
Q002272,S0186,C014,41,4
Q002273,S0186,C014,40,3
Q002274,S0186,C014,34,6
Q002275,S0186,C014,37,6
Q002276,S0186,C021,55,4
Q002277,S0186,C021,63,3
Q002278,S0187,C032,36,5
Q002279,S0187,C032,25,4
Q002280,S0187,C003,77,2
Q002281,S0187,C003,74,2
Q002282,S0187,C003,61,2
Q002283,S0187,C026,89,1
Q002284,S0187,C026,71,3
Q002285,S0187,C026,93,1
Q002286,S0187,C026,79,1
Q002287,S0187,C011,71,3
Q002288,S0187,C011,92,1
Q002289,S0187,C011,74,2
Q002290,S0188,C033,0,4
Q002291,S0188,C033,11,5
Q002292,S0188,C033,0,5
Q002293,S0188,C033,0,4
Q002294,S0188,C008,79,1
Q002295,S0188,C008,74,2
Q002296,S0188,C016,100,1
Q002297,S0188,C016,100,1
Q002298,S0188,C016,92,1
Q002299,S0189,C029,27,5
Q002300,S0189,C029,32,4
Q002301,S0189,C029,28,5
Q002302,S0189,C029,32,4
Q002303,S0189,C016,0,4
Q002304,S0189,C016,0,4
Q002305,S0189,C026,12,6
Q002306,S0189,C026,8,4
Q002307,S0189,C026,0,6
Q002308,S0189,C001,35,4
Q002309,S0189,C001,34,4
Q002310,S0189,C001,15,5
Q002311,S0190,C028,65,2
Q002312,S0190,C028,59,4
Q002313,S0190,C028,75,1
Q002314,S0190,C032,68,2
Q002315,S0190,C032,48,4
Q002316,S0190,C032,50,4
Q002317,S0190,C032,48,4
Q002318,S0190,C022,50,4
Q002319,S0190,C022,22,5
Q002320,S0190,C009,84,1
Q002321,S0190,C009,59,4
Q002322,S0190,C009,71,2
Q002323,S0190,C009,76,1
Q002324,S0190,C009,72,2
Q002325,S0190,C015,98,1
Q002326,S0190,C015,100,1
Q002327,S0190,C015,100,1
Q002328,S0191,C025,23,5
Q002329,S0191,C025,43,3
Q002330,S0191,C025,48,4
Q002331,S0191,C032,24,6
Q002332,S0191,C032,0,4
Q002333,S0191,C032,20,4
Q002334,S0191,C032,7,4
Q002335,S0191,C032,0,4
Q002336,S0191,C020,4,6
Q002337,S0191,C020,16,4
Q002338,S0192,C026,34,5
Q002339,S0192,C026,26,4
Q002340,S0192,C026,41,4
Q002341,S0192,C026,46,3
Q002342,S0192,C030,77,1
Q002343,S0192,C030,66,3
Q002344,S0192,C030,71,2
Q002345,S0192,C030,58,4
Q002346,S0193,C001,66,2
Q002347,S0193,C001,71,3
Q002348,S0193,C001,61,2
Q002349,S0193,C010,35,4
Q002350,S0193,C010,26,4
Q002351,S0193,C032,72,2
Q002352,S0193,C032,48,4
Q002353,S0193,C032,54,4
Q002354,S0193,C032,58,4
Q002355,S0193,C032,51,4
Q002356,S0194,C026,95,1
Q002357,S0194,C026,75,2
Q002358,S0194,C026,90,1
Q002359,S0194,C026,99,1
Q002360,S0194,C013,54,3
Q002361,S0194,C013,43,4
Q002362,S0194,C013,34,4
Q002363,S0195,C001,18,4
Q002364,S0195,C001,33,6
Q002365,S0195,C001,26,5
Q002366,S0195,C001,21,5
Q002367,S0195,C034,0,6
Q002368,S0195,C034,0,5
Q002369,S0195,C007,29,4
Q002370,S0195,C007,29,6
Q002371,S0195,C007,44,3
Q002372,S0195,C007,41,4
Q002373,S0195,C007,32,5
Q002374,S0196,C037,35,4
Q002375,S0196,C037,30,6
Q002376,S0196,C037,42,3
Q002377,S0196,C008,92,1
Q002378,S0196,C008,82,2
Q002379,S0196,C008,68,3
Q002380,S0196,C008,82,2
Q002381,S0196,C008,87,2
Q002382,S0196,C001,0,6
Q002383,S0196,C001,4,5
Q002384,S0196,C033,50,3
Q002385,S0196,C033,39,4
Q002386,S0197,C040,96,1
Q002387,S0197,C040,100,1
Q002388,S0197,C040,100,1
Q002389,S0197,C003,60,2
Q002390,S0197,C003,52,3
Q002391,S0197,C003,64,2
Q002392,S0198,C020,36,4
Q002393,S0198,C020,35,4
Q002394,S0198,C020,30,5
Q002395,S0198,C031,51,3
Q002396,S0198,C031,47,4
Q002397,S0198,C013,32,5
Q002398,S0198,C013,40,3
Q002399,S0198,C013,37,4
Q002400,S0198,C017,3,4
Q002401,S0198,C017,26,5
Q002402,S0198,C017,22,5
Q002403,S0198,C017,9,5
Q002404,S0198,C017,5,4
Q002405,S0199,C006,21,4
Q002406,S0199,C006,39,5
Q002407,S0199,C006,23,6
Q002408,S0199,C037,53,3
Q002409,S0199,C037,82,2
Q002410,S0199,C037,74,2
Q002411,S0199,C037,64,3
Q002412,S0199,C037,83,1
Q002413,S0199,C016,49,4
Q002414,S0199,C016,41,3
Q002415,S0199,C016,59,4
Q002416,S0199,C007,32,5
Q002417,S0199,C007,12,5
Q002418,S0199,C007,30,6
Q002419,S0199,C007,30,4
Q002420,S0199,C026,36,6
Q002421,S0199,C026,20,6
Q002422,S0199,C026,38,6
Q002423,S0199,C026,39,4
Q002424,S0199,C026,31,5
Q002425,S0200,C001,81,2
Q002426,S0200,C001,69,2
Q002427,S0200,C001,60,3
Q002428,S0200,C001,68,2
Q002429,S0200,C001,58,3
Q002430,S0200,C025,100,1
Q002431,S0200,C025,100,1
Q002432,S0200,C025,82,2
Q002433,S0200,C025,81,1
Q002434,S0200,C025,81,2
Q002435,S0200,C007,22,6
Q002436,S0200,C007,10,4
Q002437,S0200,C007,0,6
Q002438,S0201,C002,90,1
Q002439,S0201,C002,68,3
Q002440,S0201,C040,50,3
Q002441,S0201,C040,31,6
Q002442,S0201,C024,19,5
Q002443,S0201,C024,12,5
Q002444,S0201,C037,84,2
Q002445,S0201,C037,89,2
Q002446,S0201,C037,85,2
Q002447,S0201,C007,39,6
Q002448,S0201,C007,47,3
Q002449,S0201,C007,33,5
Q002450,S0202,C003,61,2
Q002451,S0202,C003,46,4
Q002452,S0202,C003,56,4
Q002453,S0202,C003,62,2
Q002454,S0202,C023,60,3
Q002455,S0202,C023,49,4
Q002456,S0202,C023,53,4
Q002457,S0202,C023,66,2
Q002458,S0202,C023,76,1
Q002459,S0202,C002,69,3
Q002460,S0202,C002,91,1
Q002461,S0202,C002,77,2
Q002462,S0202,C005,67,2
Q002463,S0202,C005,90,1
Q002464,S0203,C020,5,5
Q002465,S0203,C020,10,5
Q002466,S0203,C020,6,5
Q002467,S0203,C020,14,5
Q002468,S0203,C019,2,4
Q002469,S0203,C019,0,4
Q002470,S0203,C019,0,4
Q002471,S0204,C033,31,6
Q002472,S0204,C033,53,4
Q002473,S0204,C015,29,6
Q002474,S0204,C015,37,6
Q002475,S0204,C015,24,4
Q002476,S0204,C028,70,2
Q002477,S0204,C028,89,2
Q002478,S0204,C028,97,1
Q002479,S0204,C029,70,3
Q002480,S0204,C029,68,3
Q002481,S0204,C029,59,3
Q002482,S0205,C031,87,2
Q002483,S0205,C031,100,1
Q002484,S0205,C031,87,1
Q002485,S0205,C031,100,1
Q002486,S0205,C032,34,4
Q002487,S0205,C032,37,5
Q002488,S0205,C032,31,4
Q002489,S0205,C032,27,5
Q002490,S0205,C032,41,3
Q002491,S0205,C004,94,1
Q002492,S0205,C004,97,1
Q002493,S0206,C005,92,1
Q002494,S0206,C005,100,1
Q002495,S0206,C005,98,1
Q002496,S0206,C005,86,2
Q002497,S0206,C019,49,3
Q002498,S0206,C019,59,4
Q002499,S0207,C028,100,1
Q002500,S0207,C028,84,2
Q002501,S0207,C028,100,1
Q002502,S0207,C028,85,2
Q002503,S0207,C035,20,6
Q002504,S0207,C035,0,5
Q002505,S0207,C035,0,4
Q002506,S0207,C035,20,4
Q002507,S0207,C019,57,3
Q002508,S0207,C019,38,6
Q002509,S0207,C015,61,2
Q002510,S0207,C015,52,3
Q002511,S0207,C015,40,4
Q002512,S0207,C004,55,3
Q002513,S0207,C004,41,4
Q002514,S0208,C007,82,1
Q002515,S0208,C007,77,1
Q002516,S0208,C001,61,3
Q002517,S0208,C001,52,3
Q002518,S0208,C014,38,4
Q002519,S0208,C014,31,6
Q002520,S0208,C016,66,2
Q002521,S0208,C016,92,1
Q002522,S0208,C016,94,1
Q002523,S0208,C016,73,3
Q002524,S0208,C016,73,2
Q002525,S0209,C040,89,1
Q002526,S0209,C040,90,1
Q002527,S0209,C008,80,2
Q002528,S0209,C008,81,2
Q002529,S0209,C008,77,2
Q002530,S0209,C008,79,2
Q002531,S0209,C033,76,1
Q002532,S0209,C033,53,4
Q002533,S0209,C033,60,3
Q002534,S0209,C033,78,1
Q002535,S0209,C015,83,2
Q002536,S0209,C015,91,1
Q002537,S0209,C015,92,1
Q002538,S0209,C015,91,1
Q002539,S0209,C015,91,1
Q002540,S0210,C006,27,5
Q002541,S0210,C006,9,5
Q002542,S0210,C006,7,5
Q002543,S0210,C006,4,5
Q002544,S0210,C006,15,6
Q002545,S0210,C034,5,5
Q002546,S0210,C034,0,6
Q002547,S0210,C023,44,3
Q002548,S0210,C023,50,4
Q002549,S0210,C032,77,1
Q002550,S0210,C032,91,1
Q002551,S0210,C032,89,2
Q002552,S0211,C008,100,1
Q002553,S0211,C008,86,1
Q002554,S0211,C008,100,1
Q002555,S0211,C008,96,1
Q002556,S0211,C008,98,1
Q002557,S0211,C039,18,5
Q002558,S0211,C039,21,5
Q002559,S0211,C020,56,4
Q002560,S0211,C020,44,3
Q002561,S0211,C020,47,3
Q002562,S0211,C020,49,3
Q002563,S0211,C018,78,1
Q002564,S0211,C018,85,1
Q002565,S0211,C018,100,1
Q002566,S0211,C018,89,2
Q002567,S0212,C032,0,5
Q002568,S0212,C032,10,6
Q002569,S0212,C032,7,6
Q002570,S0212,C032,0,5
Q002571,S0212,C032,15,4
Q002572,S0212,C009,16,6
Q002573,S0212,C009,16,6
Q002574,S0212,C035,0,6
Q002575,S0212,C035,0,4
Q002576,S0212,C017,49,3
Q002577,S0212,C017,34,4
Q002578,S0212,C017,40,3
Q002579,S0212,C017,39,6
Q002580,S0212,C017,37,4
Q002581,S0212,C027,53,4
Q002582,S0212,C027,41,3
Q002583,S0212,C027,50,3
Q002584,S0212,C027,66,3
Q002585,S0213,C039,46,4
Q002586,S0213,C039,59,4
Q002587,S0213,C039,57,3
Q002588,S0213,C039,33,5
Q002589,S0213,C039,61,2
Q002590,S0213,C001,88,1
Q002591,S0213,C001,89,1
Q002592,S0213,C001,85,2
Q002593,S0213,C001,75,1
Q002594,S0213,C001,79,2
Q002595,S0213,C013,27,5
Q002596,S0213,C013,3,4
Q002597,S0214,C006,14,6
Q002598,S0214,C006,19,5
Q002599,S0214,C006,14,6
Q002600,S0214,C033,14,4
Q002601,S0214,C033,8,4
Q002602,S0214,C033,0,6
Q002603,S0214,C036,58,3
Q002604,S0214,C036,61,2
Q002605,S0214,C036,60,2
Q002606,S0214,C036,72,2
Q002607,S0214,C007,75,2
Q002608,S0214,C007,82,2
Q002609,S0214,C007,71,2
Q002610,S0214,C007,92,1
Q002611,S0214,C007,77,1
Q002612,S0214,C013,69,2
Q002613,S0214,C013,93,1
Q002614,S0214,C013,78,1
Q002615,S0214,C013,71,2
Q002616,S0214,C013,68,3
Q002617,S0215,C010,37,6
Q002618,S0215,C010,13,5
Q002619,S0215,C010,20,6
Q002620,S0215,C010,16,5
Q002621,S0215,C010,22,6
Q002622,S0215,C031,100,1
Q002623,S0215,C031,100,1
Q002624,S0215,C032,27,5
Q002625,S0215,C032,47,3
Q002626,S0215,C032,46,4
Q002627,S0215,C032,47,3
Q002628,S0215,C003,24,6
Q002629,S0215,C003,18,5
Q002630,S0216,C034,81,2
Q002631,S0216,C034,77,2
Q002632,S0216,C016,0,4
Q002633,S0216,C016,5,6
Q002634,S0216,C016,0,4
Q002635,S0216,C010,60,3
Q002636,S0216,C010,55,3
Q002637,S0216,C010,59,3
Q002638,S0216,C040,1,5
Q002639,S0216,C040,21,4
Q002640,S0216,C040,12,4
Q002641,S0216,C040,17,6
Q002642,S0216,C040,2,4
Q002643,S0217,C007,77,2
Q002644,S0217,C007,65,2
Q002645,S0217,C007,62,2
Q002646,S0217,C040,0,6
Q002647,S0217,C040,0,6
Q002648,S0217,C040,13,5
Q002649,S0217,C013,54,3
Q002650,S0217,C013,48,4
Q002651,S0218,C020,79,1
Q002652,S0218,C020,87,2
Q002653,S0218,C020,70,2
Q002654,S0218,C020,65,2
Q002655,S0218,C027,46,3
Q002656,S0218,C027,61,3
Q002657,S0218,C027,56,3
Q002658,S0218,C027,63,2
Q002659,S0218,C027,68,3
Q002660,S0219,C017,0,6
Q002661,S0219,C017,10,6
Q002662,S0219,C017,10,5
Q002663,S0219,C017,0,6
Q002664,S0219,C022,59,4
Q002665,S0219,C022,47,3
Q002666,S0219,C022,35,6
Q002667,S0219,C022,56,3
Q002668,S0219,C022,51,3
Q002669,S0219,C004,84,2
Q002670,S0219,C004,79,2
Q002671,S0219,C003,34,5
Q002672,S0219,C003,34,6
Q002673,S0220,C024,71,2
Q002674,S0220,C024,80,2
Q002675,S0220,C024,67,3
Q002676,S0220,C031,54,3
Q002677,S0220,C031,65,2
Q002678,S0220,C031,55,3
Q002679,S0221,C002,9,4
Q002680,S0221,C002,30,4
Q002681,S0221,C013,56,3
Q002682,S0221,C013,68,2
Q002683,S0221,C013,74,3
Q002684,S0221,C032,78,1
Q002685,S0221,C032,65,2
Q002686,S0221,C032,66,2
Q002687,S0221,C032,90,1
Q002688,S0221,C040,59,3
Q002689,S0221,C040,76,1
Q002690,S0221,C040,57,3
Q002691,S0221,C040,59,4
Q002692,S0221,C040,72,3
Q002693,S0222,C033,45,4
Q002694,S0222,C033,29,5
Q002695,S0222,C033,48,4
Q002696,S0222,C033,42,4
Q002697,S0222,C033,40,3
Q002698,S0222,C012,78,2
Q002699,S0222,C012,59,3
Q002700,S0222,C012,76,2
Q002701,S0222,C012,60,3
Q002702,S0222,C012,80,1
Q002703,S0222,C018,81,1
Q002704,S0222,C018,80,2
Q002705,S0222,C018,71,2
Q002706,S0222,C018,75,1
Q002707,S0222,C018,73,2
Q002708,S0222,C009,51,3
Q002709,S0222,C009,32,5
Q002710,S0222,C009,28,4
Q002711,S0223,C022,81,1
Q002712,S0223,C022,73,3
Q002713,S0223,C022,68,2
Q002714,S0223,C024,98,1
Q002715,S0223,C024,89,2
Q002716,S0223,C024,79,2
Q002717,S0223,C024,96,1
Q002718,S0223,C024,96,1
Q002719,S0223,C021,42,4
Q002720,S0223,C021,39,4
Q002721,S0223,C021,41,4
Q002722,S0223,C033,7,5
Q002723,S0223,C033,4,6
Q002724,S0223,C040,80,2
Q002725,S0223,C040,84,2
Q002726,S0223,C040,67,2
Q002727,S0223,C040,86,1
Q002728,S0224,C021,91,1
Q002729,S0224,C021,84,1
Q002730,S0224,C021,86,1
Q002731,S0224,C021,82,1
Q002732,S0224,C014,53,3
Q002733,S0224,C014,59,3
Q002734,S0224,C014,44,4
Q002735,S0224,C014,34,4
Q002736,S0224,C024,4,4
Q002737,S0224,C024,0,6
Q002738,S0225,C022,13,6
Q002739,S0225,C022,11,6
Q002740,S0225,C022,0,5
Q002741,S0225,C022,8,6
Q002742,S0225,C010,100,1
Q002743,S0225,C010,95,1
Q002744,S0226,C009,91,1
Q002745,S0226,C009,79,2
Q002746,S0226,C009,99,1
Q002747,S0226,C009,76,2
Q002748,S0226,C009,83,2
Q002749,S0226,C013,3,5
Q002750,S0226,C013,22,4
Q002751,S0226,C013,8,6
Q002752,S0226,C013,16,5
Q002753,S0226,C011,100,1
Q002754,S0226,C011,100,1
Q002755,S0226,C011,86,2
Q002756,S0226,C011,100,1
Q002757,S0226,C011,94,1
Q002758,S0226,C010,100,1
Q002759,S0226,C010,100,1
Q002760,S0226,C010,100,1
Q002761,S0226,C010,100,1
Q002762,S0226,C010,100,1
Q002763,S0227,C028,47,3
Q002764,S0227,C028,54,4
Q002765,S0227,C028,35,6
Q002766,S0227,C018,25,5
Q002767,S0227,C018,37,5
Q002768,S0227,C018,16,6
Q002769,S0227,C018,30,6
Q002770,S0227,C018,37,5
Q002771,S0227,C002,26,5
Q002772,S0227,C002,20,4
Q002773,S0227,C002,5,4
Q002774,S0227,C002,6,4
Q002775,S0227,C002,25,4
Q002776,S0228,C038,56,4
Q002777,S0228,C038,60,2
Q002778,S0228,C036,9,6
Q002779,S0228,C036,25,4
Q002780,S0229,C035,1,4
Q002781,S0229,C035,0,4
Q002782,S0229,C013,50,3
Q002783,S0229,C013,62,2
Q002784,S0229,C013,48,3
Q002785,S0229,C013,50,4
Q002786,S0229,C013,50,3
Q002787,S0229,C030,69,2
Q002788,S0229,C030,62,3
Q002789,S0229,C030,87,2
Q002790,S0229,C030,64,2
Q002791,S0230,C027,18,4
Q002792,S0230,C027,15,5
Q002793,S0230,C027,13,4
Q002794,S0230,C027,0,4
Q002795,S0230,C015,82,2
Q002796,S0230,C015,80,1
Q002797,S0230,C006,69,3
Q002798,S0230,C006,70,2
Q002799,S0231,C035,17,6
Q002800,S0231,C035,17,4
Q002801,S0231,C035,6,6
Q002802,S0231,C035,16,4
Q002803,S0231,C027,36,6
Q002804,S0231,C027,56,3
Q002805,S0231,C027,54,4
Q002806,S0231,C027,32,4
Q002807,S0231,C006,100,1
Q002808,S0231,C006,97,1
Q002809,S0231,C006,92,1
Q002810,S0231,C006,86,2
Q002811,S0231,C002,33,5
Q002812,S0231,C002,30,6
Q002813,S0232,C031,87,2
Q002814,S0232,C031,96,1
Q002815,S0232,C038,0,5
Q002816,S0232,C038,6,5
Q002817,S0232,C038,12,6
Q002818,S0232,C038,0,5
Q002819,S0232,C038,2,4
Q002820,S0232,C024,15,4
Q002821,S0232,C024,16,5
Q002822,S0232,C012,19,4
Q002823,S0232,C012,9,4
Q002824,S0232,C012,0,6
Q002825,S0232,C005,14,6
Q002826,S0232,C005,0,4
Q002827,S0232,C005,0,6
Q002828,S0232,C005,12,4
Q002829,S0233,C023,18,5
Q002830,S0233,C023,20,6
Q002831,S0233,C023,0,5
Q002832,S0233,C023,3,5
Q002833,S0233,C028,37,6
Q002834,S0233,C028,50,3
Q002835,S0233,C028,51,4
Q002836,S0233,C021,34,6
Q002837,S0233,C021,26,5
Q002838,S0233,C006,24,6
Q002839,S0233,C006,21,4
Q002840,S0233,C006,27,5
Q002841,S0233,C006,13,6
Q002842,S0233,C035,53,4
Q002843,S0233,C035,57,4
Q002844,S0233,C035,57,4
Q002845,S0233,C035,40,3
Q002846,S0234,C024,32,6
Q002847,S0234,C024,28,6
Q002848,S0234,C024,17,5
Q002849,S0234,C024,37,5
Q002850,S0234,C004,90,1
Q002851,S0234,C004,100,1
Q002852,S0234,C004,93,1
Q002853,S0234,C004,97,1
Q002854,S0234,C004,100,1
Q002855,S0235,C003,50,4
Q002856,S0235,C003,34,5
Q002857,S0235,C003,54,4
Q002858,S0235,C004,11,4
Q002859,S0235,C004,15,5
Q002860,S0235,C008,74,3
Q002861,S0235,C008,74,2
Q002862,S0235,C030,55,4
Q002863,S0235,C030,69,2
Q002864,S0235,C030,67,3
Q002865,S0235,C010,100,1
Q002866,S0235,C010,100,1
Q002867,S0235,C010,100,1
Q002868,S0235,C010,94,1
Q002869,S0236,C024,41,4
Q002870,S0236,C024,69,3
Q002871,S0236,C024,59,3
Q002872,S0236,C024,50,4
Q002873,S0236,C024,67,3
Q002874,S0236,C032,62,3
Q002875,S0236,C032,50,4
Q002876,S0236,C017,0,6
Q002877,S0236,C017,23,5
Q002878,S0237,C023,46,4
Q002879,S0237,C023,36,5
Q002880,S0237,C023,59,3
Q002881,S0237,C023,37,5
Q002882,S0237,C031,16,6
Q002883,S0237,C031,34,5
Q002884,S0237,C031,20,4
Q002885,S0237,C001,72,3
Q002886,S0237,C001,77,1
Q002887,S0237,C001,80,1
Q002888,S0237,C001,96,1
Q002889,S0237,C001,77,2
Q002890,S0237,C025,88,2
Q002891,S0237,C025,71,3
Q002892,S0237,C025,85,2
Q002893,S0237,C025,82,2
Q002894,S0237,C016,94,1
Q002895,S0237,C016,81,2
Q002896,S0237,C016,90,1
Q002897,S0238,C010,42,3
Q002898,S0238,C010,53,3
Q002899,S0238,C010,45,4
Q002900,S0238,C010,60,3
Q002901,S0238,C010,51,3
Q002902,S0238,C008,42,3
Q002903,S0238,C008,35,5
Q002904,S0238,C008,29,5
Q002905,S0238,C008,46,4
Q002906,S0238,C002,8,6
Q002907,S0238,C002,27,5
Q002908,S0238,C002,13,4
Q002909,S0238,C002,17,4
Q002910,S0238,C002,26,6
Q002911,S0238,C012,22,6
Q002912,S0238,C012,16,4
Q002913,S0239,C009,2,6
Q002914,S0239,C009,0,5
Q002915,S0239,C009,0,4
Q002916,S0239,C039,54,3
Q002917,S0239,C039,39,6
Q002918,S0239,C039,49,3
Q002919,S0239,C039,63,3
Q002920,S0239,C039,58,4
Q002921,S0239,C025,52,3
Q002922,S0239,C025,58,4
Q002923,S0239,C025,43,3
Q002924,S0239,C037,100,1
Q002925,S0239,C037,100,1
Q002926,S0240,C032,52,3
Q002927,S0240,C032,51,3
Q002928,S0240,C032,40,3
Q002929,S0240,C026,4,6
Q002930,S0240,C026,4,6
Q002931,S0240,C026,12,4
Q002932,S0240,C027,55,3
Q002933,S0240,C027,49,3
Q002934,S0240,C027,35,5
Q002935,S0240,C027,60,2
Q002936,S0240,C027,62,3
Q002937,S0241,C038,31,4
Q002938,S0241,C038,20,5
Q002939,S0241,C038,17,5
Q002940,S0241,C038,34,4
Q002941,S0241,C001,86,1
Q002942,S0241,C001,70,3
Q002943,S0241,C001,67,3
Q002944,S0241,C001,92,1
Q002945,S0241,C001,87,2
Q002946,S0241,C010,100,1
Q002947,S0241,C010,96,1
Q002948,S0241,C010,94,1
Q002949,S0241,C010,77,1
Q002950,S0241,C036,45,4
Q002951,S0241,C036,49,4
Q002952,S0242,C009,77,1
Q002953,S0242,C009,77,1
Q002954,S0242,C009,96,1
Q002955,S0242,C009,94,1
Q002956,S0242,C009,75,2
Q002957,S0242,C007,90,1
Q002958,S0242,C007,72,3
Q002959,S0243,C021,72,2
Q002960,S0243,C021,44,4
Q002961,S0243,C021,51,3
Q002962,S0243,C021,72,2
Q002963,S0243,C021,65,3
Q002964,S0243,C001,90,1
Q002965,S0243,C001,71,2
Q002966,S0243,C001,89,2
Q002967,S0243,C001,78,1
Q002968,S0243,C038,35,6
Q002969,S0243,C038,35,5
Q002970,S0243,C038,41,3
Q002971,S0243,C038,55,3
Q002972,S0243,C040,92,1
Q002973,S0243,C040,94,1
Q002974,S0243,C040,68,3
Q002975,S0243,C036,87,2
Q002976,S0243,C036,62,2
Q002977,S0244,C017,41,3
Q002978,S0244,C017,59,3
Q002979,S0244,C017,31,5
Q002980,S0244,C017,61,3
Q002981,S0244,C017,58,3
Q002982,S0244,C015,29,4
Q002983,S0244,C015,30,4
Q002984,S0244,C015,42,4
Q002985,S0244,C015,39,6
Q002986,S0244,C015,44,3
Q002987,S0244,C001,39,5
Q002988,S0244,C001,25,4
Q002989,S0244,C001,44,3
Q002990,S0244,C001,16,5
Q002991,S0244,C033,75,2
Q002992,S0244,C033,68,2
Q002993,S0244,C033,73,3
Q002994,S0244,C033,79,2
Q002995,S0244,C003,57,3
Q002996,S0244,C003,38,6
Q002997,S0244,C003,50,4
Q002998,S0244,C003,41,4
Q002999,S0245,C018,16,6
Q003000,S0245,C018,12,6
Q003001,S0245,C033,58,4
Q003002,S0245,C033,50,3
Q003003,S0245,C033,52,3
Q003004,S0245,C033,56,3
Q003005,S0245,C033,52,4
Q003006,S0245,C032,51,3
Q003007,S0245,C032,47,4
Q003008,S0245,C032,34,4
Q003009,S0245,C032,39,4
Q003010,S0245,C032,32,6
Q003011,S0246,C014,52,3
Q003012,S0246,C014,54,3
Q003013,S0246,C014,34,5
Q003014,S0246,C014,36,4
Q003015,S0246,C004,43,4
Q003016,S0246,C004,39,5
Q003017,S0246,C004,47,3
Q003018,S0246,C019,71,3
Q003019,S0246,C019,88,1
Q003020,S0246,C031,61,3
Q003021,S0246,C031,76,2
Q003022,S0247,C005,73,3
Q003023,S0247,C005,58,3
Q003024,S0247,C030,26,4
Q003025,S0247,C030,1,5
Q003026,S0247,C038,71,2
Q003027,S0247,C038,67,2
Q003028,S0247,C038,58,4
Q003029,S0247,C038,74,3
Q003030,S0248,C024,69,3
Q003031,S0248,C024,76,2
Q003032,S0248,C024,62,2
Q003033,S0248,C028,62,3
Q003034,S0248,C028,73,3
Q003035,S0248,C028,69,3
Q003036,S0248,C028,68,2
Q003037,S0248,C017,77,1
Q003038,S0248,C017,50,3
Q003039,S0248,C017,74,3
Q003040,S0248,C017,76,1
Q003041,S0249,C004,15,5
Q003042,S0249,C004,20,5
Q003043,S0249,C004,4,5
Q003044,S0249,C004,17,5
Q003045,S0249,C004,5,4
Q003046,S0249,C034,43,4
Q003047,S0249,C034,43,4
Q003048,S0249,C034,58,4
Q003049,S0249,C029,30,4
Q003050,S0249,C029,23,4
Q003051,S0249,C029,36,5
Q003052,S0250,C018,55,4
Q003053,S0250,C018,68,3
Q003054,S0250,C037,69,3
Q003055,S0250,C037,62,3
Q003056,S0250,C037,42,4
Q003057,S0251,C038,67,3
Q003058,S0251,C038,71,3
Q003059,S0251,C038,67,2
Q003060,S0251,C038,58,4
Q003061,S0251,C016,44,3
Q003062,S0251,C016,67,3
Q003063,S0251,C016,51,3
Q003064,S0251,C016,49,4
Q003065,S0251,C018,52,4
Q003066,S0251,C018,30,6
Q003067,S0251,C018,47,4
Q003068,S0252,C029,12,6
Q003069,S0252,C029,14,4
Q003070,S0252,C029,7,6
Q003071,S0252,C031,17,6
Q003072,S0252,C031,14,4
Q003073,S0252,C031,9,4
Q003074,S0252,C031,18,5
Q003075,S0252,C031,5,4
Q003076,S0253,C021,74,2
Q003077,S0253,C021,100,1
Q003078,S0253,C019,86,2
Q003079,S0253,C019,74,2
Q003080,S0253,C019,66,3
Q003081,S0253,C010,68,3
Q003082,S0253,C010,48,4
Q003083,S0253,C010,76,2
Q003084,S0253,C010,60,2
Q003085,S0253,C040,59,3
Q003086,S0253,C040,79,1
Q003087,S0253,C040,72,3
Q003088,S0253,C023,85,2
Q003089,S0253,C023,74,3
Q003090,S0253,C023,93,1
Q003091,S0253,C023,91,1
Q003092,S0253,C023,84,1
Q003093,S0254,C025,89,2
Q003094,S0254,C025,86,1
Q003095,S0254,C025,86,2
Q003096,S0254,C025,88,2
Q003097,S0254,C025,99,1
Q003098,S0254,C028,76,2
Q003099,S0254,C028,87,1
Q003100,S0254,C013,85,1
Q003101,S0254,C013,100,1
Q003102,S0254,C013,98,1
Q003103,S0254,C017,33,6
Q003104,S0254,C017,17,4
Q003105,S0254,C017,24,6
Q003106,S0254,C017,30,5
Q003107,S0254,C026,16,4
Q003108,S0254,C026,4,4
Q003109,S0254,C026,13,5
Q003110,S0254,C026,0,4
Q003111,S0254,C026,0,6
Q003112,S0255,C009,19,5
Q003113,S0255,C009,30,6
Q003114,S0255,C009,18,6
Q003115,S0255,C009,28,5
Q003116,S0255,C009,29,4
Q003117,S0255,C038,38,5
Q003118,S0255,C038,40,3
Q003119,S0255,C038,52,4
Q003120,S0255,C038,52,3
Q003121,S0255,C010,20,5
Q003122,S0255,C010,29,4
Q003123,S0255,C010,8,6
Q003124,S0256,C023,49,4
Q003125,S0256,C023,54,4
Q003126,S0256,C038,4,4
Q003127,S0256,C038,14,4
Q003128,S0256,C038,14,5
Q003129,S0256,C007,46,3
Q003130,S0256,C007,56,3
Q003131,S0256,C007,60,2
Q003132,S0256,C007,48,4
Q003133,S0257,C015,85,2
Q003134,S0257,C015,92,1
Q003135,S0257,C007,98,1
Q003136,S0257,C007,96,1
Q003137,S0258,C030,82,1
Q003138,S0258,C030,76,2
Q003139,S0258,C030,85,1
Q003140,S0258,C030,84,2
Q003141,S0258,C020,54,3
Q003142,S0258,C020,63,3
Q003143,S0258,C020,46,3
Q003144,S0258,C040,37,5
Q003145,S0258,C040,43,4
Q003146,S0258,C040,25,5
Q003147,S0258,C040,36,6
Q003148,S0258,C007,59,3
Q003149,S0258,C007,80,1
Q003150,S0258,C007,61,2
Q003151,S0258,C007,61,2
Q003152,S0258,C023,46,4
Q003153,S0258,C023,69,2
Q003154,S0258,C023,48,4
Q003155,S0258,C023,51,3
Q003156,S0259,C021,50,3
Q003157,S0259,C021,60,3
Q003158,S0259,C021,56,4
Q003159,S0259,C021,49,3
Q003160,S0259,C040,100,1
Q003161,S0259,C040,87,2
Q003162,S0259,C040,85,1
Q003163,S0259,C040,88,2
Q003164,S0259,C018,66,2
Q003165,S0259,C018,77,2
Q003166,S0259,C018,67,3
Q003167,S0259,C018,68,2
Q003168,S0259,C038,22,4
Q003169,S0259,C038,31,6
Q003170,S0259,C038,30,6
Q003171,S0259,C006,80,1
Q003172,S0259,C006,78,1
Q003173,S0259,C006,66,3
Q003174,S0259,C006,91,1
Q003175,S0260,C029,25,6
Q003176,S0260,C029,28,5
Q003177,S0260,C029,18,5
Q003178,S0260,C026,0,4
Q003179,S0260,C026,11,5
Q003180,S0260,C026,0,6
Q003181,S0260,C026,0,5
Q003182,S0260,C026,0,6
Q003183,S0260,C021,39,6
Q003184,S0260,C021,40,4
Q003185,S0260,C021,35,4
Q003186,S0260,C021,31,5
Q003187,S0260,C035,89,2
Q003188,S0260,C035,87,2
Q003189,S0260,C035,76,2
Q003190,S0261,C001,11,6
Q003191,S0261,C001,0,6
Q003192,S0261,C001,0,4
Q003193,S0261,C001,0,5
Q003194,S0261,C037,47,4
Q003195,S0261,C037,57,4
Q003196,S0261,C037,50,4
Q003197,S0261,C021,86,1
Q003198,S0261,C021,100,1
Q003199,S0262,C029,96,1
Q003200,S0262,C029,100,1
Q003201,S0262,C030,82,2
Q003202,S0262,C030,74,2
Q003203,S0263,C009,34,4
Q003204,S0263,C009,17,5
Q003205,S0263,C009,23,6
Q003206,S0263,C024,74,2
Q003207,S0263,C024,75,2
Q003208,S0263,C024,64,3
Q003209,S0264,C013,80,2
Q003210,S0264,C013,59,4
Q003211,S0264,C031,21,5
Q003212,S0264,C031,37,6
Q003213,S0265,C015,53,4
Q003214,S0265,C015,64,2
Q003215,S0265,C008,26,6
Q003216,S0265,C008,41,4
Q003217,S0265,C008,22,6
Q003218,S0265,C008,23,4
Q003219,S0265,C002,83,2
Q003220,S0265,C002,84,1
Q003221,S0265,C002,67,2
Q003222,S0265,C012,59,3
Q003223,S0265,C012,47,3
Q003224,S0265,C012,50,4
Q003225,S0266,C027,2,5
Q003226,S0266,C027,2,5
Q003227,S0266,C027,18,5
Q003228,S0266,C012,47,3
Q003229,S0266,C012,50,3
Q003230,S0266,C012,63,2
Q003231,S0266,C012,49,3
Q003232,S0266,C012,53,4
Q003233,S0266,C010,72,3
Q003234,S0266,C010,64,2
Q003235,S0266,C010,59,4
Q003236,S0266,C010,76,1
Q003237,S0266,C016,26,4
Q003238,S0266,C016,34,6
Q003239,S0266,C016,18,6
Q003240,S0266,C016,25,5
Q003241,S0266,C016,33,4
Q003242,S0267,C028,45,4
Q003243,S0267,C028,46,3
Q003244,S0267,C028,49,3
Q003245,S0267,C028,49,3
Q003246,S0267,C030,33,5
Q003247,S0267,C030,21,4
Q003248,S0267,C030,36,4
Q003249,S0267,C030,30,6
Q003250,S0268,C027,81,2
Q003251,S0268,C027,90,1
Q003252,S0268,C027,76,1
Q003253,S0268,C027,100,1
Q003254,S0268,C001,36,4
Q003255,S0268,C001,19,6
Q003256,S0268,C001,46,3
Q003257,S0268,C001,35,4
Q003258,S0268,C008,68,3
Q003259,S0268,C008,58,3
Q003260,S0268,C035,87,2
Q003261,S0268,C035,88,1
Q003262,S0268,C035,83,1
Q003263,S0268,C035,73,3
Q003264,S0269,C025,49,4
Q003265,S0269,C025,42,3
Q003266,S0269,C037,82,2
Q003267,S0269,C037,76,2
Q003268,S0269,C037,61,2
Q003269,S0269,C037,62,2
Q003270,S0269,C037,71,3
Q003271,S0270,C015,65,2
Q003272,S0270,C015,65,3
Q003273,S0270,C015,39,5
Q003274,S0270,C020,7,4
Q003275,S0270,C020,0,4
Q003276,S0270,C004,30,5
Q003277,S0270,C004,34,6
Q003278,S0270,C038,0,5
Q003279,S0270,C038,1,5
Q003280,S0270,C038,16,4
Q003281,S0270,C038,0,5
Q003282,S0271,C035,54,4
Q003283,S0271,C035,59,3
Q003284,S0271,C014,29,5
Q003285,S0271,C014,45,3
Q003286,S0272,C015,25,4
Q003287,S0272,C015,26,5
Q003288,S0272,C015,11,6
Q003289,S0272,C015,14,4
Q003290,S0272,C015,16,6
Q003291,S0272,C003,77,1
Q003292,S0272,C003,100,1
Q003293,S0272,C003,85,1
Q003294,S0272,C003,100,1
Q003295,S0272,C017,50,3
Q003296,S0272,C017,76,2
Q003297,S0273,C023,76,1
Q003298,S0273,C023,79,2
Q003299,S0273,C009,22,4
Q003300,S0273,C009,37,6
Q003301,S0273,C009,41,4
Q003302,S0273,C009,38,5
Q003303,S0273,C009,19,6
Q003304,S0273,C016,0,6
Q003305,S0273,C016,0,5
Q003306,S0273,C016,0,4
Q003307,S0273,C016,0,6
Q003308,S0273,C016,0,6
Q003309,S0273,C021,18,6
Q003310,S0273,C021,42,4
Q003311,S0273,C021,12,6
Q003312,S0273,C038,16,6
Q003313,S0273,C038,11,6
Q003314,S0273,C038,19,4
Q003315,S0273,C038,31,5
Q003316,S0273,C038,26,6
Q003317,S0274,C031,36,5
Q003318,S0274,C031,34,5
Q003319,S0274,C031,44,4
Q003320,S0274,C031,38,6
Q003321,S0274,C022,96,1
Q003322,S0274,C022,87,2
Q003323,S0275,C035,8,5
Q003324,S0275,C035,37,4
Q003325,S0275,C035,25,4
Q003326,S0275,C035,14,6
Q003327,S0275,C040,59,3
Q003328,S0275,C040,45,3
Q003329,S0275,C017,2,5
Q003330,S0275,C017,4,4
Q003331,S0275,C017,1,6
Q003332,S0275,C020,16,5
Q003333,S0275,C020,0,5
Q003334,S0276,C027,27,4
Q003335,S0276,C027,44,4
Q003336,S0276,C027,30,6
Q003337,S0276,C038,47,3
Q003338,S0276,C038,61,3
Q003339,S0276,C038,58,3
Q003340,S0276,C038,63,2
Q003341,S0276,C040,30,5
Q003342,S0276,C040,21,6
Q003343,S0276,C040,37,5
Q003344,S0276,C040,45,4
Q003345,S0276,C018,88,1
Q003346,S0276,C018,82,2
Q003347,S0276,C018,80,2
Q003348,S0276,C012,34,5
Q003349,S0276,C012,28,6
Q003350,S0276,C012,7,4
Q003351,S0277,C013,79,1
Q003352,S0277,C013,100,1
Q003353,S0277,C013,83,2
Q003354,S0277,C013,98,1
Q003355,S0277,C013,88,1
Q003356,S0277,C020,34,4
Q003357,S0277,C020,26,4
Q003358,S0277,C020,14,5
Q003359,S0277,C032,55,4
Q003360,S0277,C032,57,3
Q003361,S0277,C032,56,3
Q003362,S0277,C032,35,5
Q003363,S0277,C032,53,3
Q003364,S0277,C001,56,3
Q003365,S0277,C001,34,5
Q003366,S0277,C001,63,3
Q003367,S0277,C001,63,3
Q003368,S0277,C039,100,1
Q003369,S0277,C039,81,2
Q003370,S0277,C039,100,1
Q003371,S0277,C039,93,1
Q003372,S0278,C001,43,4
Q003373,S0278,C001,40,4
Q003374,S0278,C029,59,4
Q003375,S0278,C029,75,2
Q003376,S0278,C033,92,1
Q003377,S0278,C033,100,1
Q003378,S0278,C013,85,1
Q003379,S0278,C013,100,1
Q003380,S0278,C024,23,5
Q003381,S0278,C024,33,5
Q003382,S0278,C024,34,4
Q003383,S0278,C024,38,5
Q003384,S0279,C026,56,4
Q003385,S0279,C026,73,2
Q003386,S0279,C029,2,6
Q003387,S0279,C029,13,4
Q003388,S0279,C031,66,2
Q003389,S0279,C031,83,2
Q003390,S0280,C003,94,1
Q003391,S0280,C003,100,1
Q003392,S0280,C003,85,2
Q003393,S0280,C002,93,1
Q003394,S0280,C002,100,1
Q003395,S0280,C002,100,1
Q003396,S0280,C002,100,1
Q003397,S0280,C002,93,1
Q003398,S0280,C015,44,4
Q003399,S0280,C015,28,4
Q003400,S0280,C015,34,6
Q003401,S0280,C015,46,4
Q003402,S0280,C038,0,6
Q003403,S0280,C038,17,4
Q003404,S0280,C038,0,6
Q003405,S0280,C038,11,5
Q003406,S0281,C035,84,2
Q003407,S0281,C035,80,1
Q003408,S0281,C035,87,2
Q003409,S0281,C030,59,4
Q003410,S0281,C030,66,2
Q003411,S0281,C023,87,2
Q003412,S0281,C023,66,3
Q003413,S0281,C023,72,3
Q003414,S0281,C009,5,4
Q003415,S0281,C009,16,6
Q003416,S0281,C009,9,4
Q003417,S0281,C009,2,4
Q003418,S0281,C014,52,4
Q003419,S0281,C014,59,4
Q003420,S0281,C014,55,4
Q003421,S0282,C020,34,5
Q003422,S0282,C020,20,4
Q003423,S0282,C020,11,6
Q003424,S0282,C020,30,4
Q003425,S0282,C020,12,4
Q003426,S0282,C018,42,3
Q003427,S0282,C018,48,3
Q003428,S0282,C018,52,4
Q003429,S0282,C018,58,4
Q003430,S0282,C002,69,3
Q003431,S0282,C002,97,1
Q003432,S0282,C038,9,4
Q003433,S0282,C038,11,4
Q003434,S0283,C038,85,2
Q003435,S0283,C038,87,2
Q003436,S0283,C038,89,1
Q003437,S0283,C024,10,6
Q003438,S0283,C024,13,4
Q003439,S0283,C024,0,5
Q003440,S0283,C024,8,4
Q003441,S0283,C024,7,6
Q003442,S0283,C028,86,2
Q003443,S0283,C028,76,1
Q003444,S0283,C028,90,1
Q003445,S0284,C026,54,3
Q003446,S0284,C026,47,4
Q003447,S0284,C026,67,2
Q003448,S0284,C026,60,3
Q003449,S0284,C032,61,2
Q003450,S0284,C032,86,1
Q003451,S0284,C032,75,2
Q003452,S0284,C032,73,3
Q003453,S0284,C032,85,2
Q003454,S0284,C001,22,5
Q003455,S0284,C001,41,4
Q003456,S0284,C008,14,6
Q003457,S0284,C008,13,4
Q003458,S0284,C003,57,3
Q003459,S0284,C003,82,1
Q003460,S0285,C005,38,5
Q003461,S0285,C005,49,4
Q003462,S0285,C005,54,4
Q003463,S0285,C009,49,3
Q003464,S0285,C009,55,4
Q003465,S0285,C009,66,2
Q003466,S0285,C009,57,4
Q003467,S0286,C015,49,4
Q003468,S0286,C015,34,5
Q003469,S0286,C011,9,5
Q003470,S0286,C011,9,4
Q003471,S0286,C011,6,6
Q003472,S0286,C011,31,5
Q003473,S0287,C008,66,2
Q003474,S0287,C008,78,2
Q003475,S0287,C024,5,6
Q003476,S0287,C024,0,6
Q003477,S0287,C038,68,2
Q003478,S0287,C038,46,3
Q003479,S0287,C038,49,4
Q003480,S0287,C038,49,3
Q003481,S0287,C033,0,4
Q003482,S0287,C033,0,6
Q003483,S0287,C033,0,4
Q003484,S0287,C033,0,4
Q003485,S0287,C033,0,6
Q003486,S0288,C040,34,4
Q003487,S0288,C040,8,5
Q003488,S0288,C040,13,6
Q003489,S0288,C040,33,5
Q003490,S0288,C040,31,4
Q003491,S0288,C023,65,3
Q003492,S0288,C023,51,3
Q003493,S0288,C023,67,3
Q003494,S0289,C040,40,3
Q003495,S0289,C040,35,6
Q003496,S0289,C040,19,4
Q003497,S0289,C016,47,3
Q003498,S0289,C016,44,3
Q003499,S0289,C016,32,5
Q003500,S0289,C016,49,4
Q003501,S0289,C028,29,6
Q003502,S0289,C028,17,4
Q003503,S0289,C028,35,5
Q003504,S0289,C028,31,5
Q003505,S0289,C028,12,6
Q003506,S0289,C019,45,3
Q003507,S0289,C019,28,4
Q003508,S0289,C019,52,3
Q003509,S0290,C037,100,1
Q003510,S0290,C037,96,1
Q003511,S0290,C037,100,1
Q003512,S0290,C037,100,1
Q003513,S0290,C037,100,1
Q003514,S0290,C001,93,1
Q003515,S0290,C001,91,1
Q003516,S0290,C021,99,1
Q003517,S0290,C021,100,1
Q003518,S0290,C021,100,1
Q003519,S0290,C006,60,2
Q003520,S0290,C006,78,2
Q003521,S0290,C006,72,3
Q003522,S0290,C006,57,4
Q003523,S0290,C014,0,6
Q003524,S0290,C014,21,6
Q003525,S0290,C014,27,6
Q003526,S0290,C014,24,4
Q003527,S0291,C029,57,4
Q003528,S0291,C029,45,3
Q003529,S0291,C029,48,3
Q003530,S0291,C029,52,3
Q003531,S0291,C029,47,4
Q003532,S0291,C023,51,3
Q003533,S0291,C023,67,3
Q003534,S0292,C018,71,2
Q003535,S0292,C018,64,2
Q003536,S0292,C018,65,2
Q003537,S0292,C013,28,4
Q003538,S0292,C013,50,4
Q003539,S0293,C010,56,4
Q003540,S0293,C010,54,3
Q003541,S0293,C010,68,2
Q003542,S0293,C010,73,2
Q003543,S0293,C010,72,3
Q003544,S0293,C015,63,3
Q003545,S0293,C015,59,4
Q003546,S0293,C015,50,4
Q003547,S0293,C015,76,1
Q003548,S0294,C008,52,3
Q003549,S0294,C008,45,3
Q003550,S0294,C008,53,3
Q003551,S0294,C008,32,5
Q003552,S0294,C020,94,1
Q003553,S0294,C020,79,1
Q003554,S0294,C028,0,6
Q003555,S0294,C028,20,5
Q003556,S0294,C028,21,6
Q003557,S0294,C028,1,6
Q003558,S0294,C028,12,5
Q003559,S0294,C030,85,2
Q003560,S0294,C030,80,1
Q003561,S0294,C018,26,6
Q003562,S0294,C018,7,5
Q003563,S0294,C018,7,5
Q003564,S0294,C018,8,5
Q003565,S0294,C018,6,6
Q003566,S0295,C037,49,3
Q003567,S0295,C037,53,4
Q003568,S0295,C037,67,3
Q003569,S0295,C023,0,4
Q003570,S0295,C023,5,6
Q003571,S0295,C023,16,4
Q003572,S0295,C023,0,6
Q003573,S0295,C023,20,4
Q003574,S0295,C030,16,6
Q003575,S0295,C030,4,6
Q003576,S0295,C030,0,5
Q003577,S0295,C030,0,5
Q003578,S0295,C031,55,4
Q003579,S0295,C031,70,2
Q003580,S0295,C031,64,3
Q003581,S0295,C031,66,3
Q003582,S0295,C022,32,5
Q003583,S0295,C022,19,6
Q003584,S0296,C031,88,1
Q003585,S0296,C031,87,2
Q003586,S0296,C031,93,1
Q003587,S0296,C031,76,1
Q003588,S0296,C011,33,5
Q003589,S0296,C011,49,3
Q003590,S0296,C011,33,6
Q003591,S0296,C032,85,2
Q003592,S0296,C032,75,1
Q003593,S0296,C032,81,2
Q003594,S0296,C023,100,1
Q003595,S0296,C023,87,2
Q003596,S0296,C022,22,5
Q003597,S0296,C022,40,4
Q003598,S0297,C003,100,1
Q003599,S0297,C003,92,1
Q003600,S0297,C003,94,1
Q003601,S0297,C003,100,1
Q003602,S0297,C015,94,1
Q003603,S0297,C015,86,2
Q003604,S0297,C029,8,6
Q003605,S0297,C029,5,5
Q003606,S0297,C029,1,5
Q003607,S0297,C029,0,5
Q003608,S0297,C029,6,6
Q003609,S0297,C004,18,5
Q003610,S0297,C004,20,5
Q003611,S0297,C004,34,4
Q003612,S0298,C019,75,1
Q003613,S0298,C019,83,2
Q003614,S0298,C007,30,5
Q003615,S0298,C007,31,6
Q003616,S0298,C007,45,4
Q003617,S0298,C031,70,3
Q003618,S0298,C031,71,2
Q003619,S0298,C005,43,4
Q003620,S0298,C005,31,6
Q003621,S0298,C005,33,5
Q003622,S0298,C005,50,3
Q003623,S0299,C019,25,4
Q003624,S0299,C019,16,4
Q003625,S0299,C019,15,4
Q003626,S0299,C019,31,4
Q003627,S0299,C019,13,6
Q003628,S0299,C023,76,1
Q003629,S0299,C023,79,2
Q003630,S0299,C023,82,1
Q003631,S0299,C020,86,2
Q003632,S0299,C020,84,2
Q003633,S0299,C020,82,1
Q003634,S0299,C020,69,2
Q003635,S0299,C020,88,1
Q003636,S0299,C035,79,1
Q003637,S0299,C035,95,1
Q003638,S0299,C035,86,1
Q003639,S0299,C032,51,4
Q003640,S0299,C032,32,4
Q003641,S0299,C032,37,4
Q003642,S0300,C021,64,3
Q003643,S0300,C021,50,3
Q003644,S0300,C021,47,4
Q003645,S0300,C021,38,5
Q003646,S0300,C027,52,4
Q003647,S0300,C027,54,4
Q003648,S0300,C027,53,4
Q003649,S0300,C027,50,4
Q003650,S0301,C031,57,4
Q003651,S0301,C031,81,2
Q003652,S0301,C016,98,1
Q003653,S0301,C016,91,1
Q003654,S0301,C016,85,2
Q003655,S0301,C016,80,2
Q003656,S0301,C016,88,1
Q003657,S0301,C033,49,3
Q003658,S0301,C033,46,4
Q003659,S0301,C033,44,3
Q003660,S0301,C033,22,6
Q003661,S0301,C033,31,6
Q003662,S0302,C019,28,6
Q003663,S0302,C019,26,6
Q003664,S0302,C017,9,5
Q003665,S0302,C017,23,5
Q003666,S0302,C017,28,5
Q003667,S0302,C017,15,6
Q003668,S0302,C017,13,5
Q003669,S0302,C021,64,2
Q003670,S0302,C021,44,3
Q003671,S0302,C021,63,2
Q003672,S0302,C021,70,2
Q003673,S0302,C024,44,4
Q003674,S0302,C024,57,4
Q003675,S0303,C006,74,3
Q003676,S0303,C006,61,2
Q003677,S0303,C002,3,4
Q003678,S0303,C002,3,4
Q003679,S0303,C002,15,4
Q003680,S0304,C018,11,5
Q003681,S0304,C018,16,5
Q003682,S0304,C033,59,4
Q003683,S0304,C033,52,4
Q003684,S0304,C033,57,3
Q003685,S0304,C033,52,4
Q003686,S0304,C013,11,6
Q003687,S0304,C013,10,4
Q003688,S0304,C013,26,6
Q003689,S0304,C025,87,2
Q003690,S0304,C025,84,2
Q003691,S0304,C025,83,1
Q003692,S0304,C025,100,1
Q003693,S0304,C025,77,1
Q003694,S0304,C032,72,2
Q003695,S0304,C032,51,3
Q003696,S0304,C032,70,3
Q003697,S0304,C032,62,3
Q003698,S0304,C032,73,2
Q003699,S0305,C017,62,3
Q003700,S0305,C017,49,3
Q003701,S0305,C017,62,2
Q003702,S0305,C024,36,4
Q003703,S0305,C024,32,6
Q003704,S0305,C024,56,3
Q003705,S0305,C024,45,3
Q003706,S0305,C024,30,4
Q003707,S0305,C018,19,5
Q003708,S0305,C018,24,5
Q003709,S0306,C037,93,1
Q003710,S0306,C037,84,2
Q003711,S0306,C037,94,1
Q003712,S0306,C033,72,3
Q003713,S0306,C033,59,4
Q003714,S0306,C033,72,2
Q003715,S0306,C033,58,4
Q003716,S0306,C033,66,2
Q003717,S0306,C006,35,5
Q003718,S0306,C006,37,6
Q003719,S0306,C026,48,3
Q003720,S0306,C026,58,3
Q003721,S0306,C026,66,3
Q003722,S0306,C026,44,4
Q003723,S0306,C040,61,2
Q003724,S0306,C040,39,4
Q003725,S0306,C040,38,6
Q003726,S0306,C040,68,2
Q003727,S0306,C040,67,3
Q003728,S0307,C011,44,3
Q003729,S0307,C011,33,4
Q003730,S0307,C007,27,5
Q003731,S0307,C007,28,6
Q003732,S0307,C007,40,3
Q003733,S0307,C007,53,4
Q003734,S0307,C016,28,6
Q003735,S0307,C016,21,4
Q003736,S0307,C016,35,6
Q003737,S0307,C016,23,4
Q003738,S0307,C016,48,4
Q003739,S0307,C036,47,4
Q003740,S0307,C036,59,3
Q003741,S0307,C036,54,3
Q003742,S0307,C036,72,2
Q003743,S0307,C036,45,3
Q003744,S0307,C002,76,1
Q003745,S0307,C002,83,2
Q003746,S0308,C030,56,3
Q003747,S0308,C030,53,4
Q003748,S0308,C024,1,5
Q003749,S0308,C024,9,5
Q003750,S0308,C024,0,4
Q003751,S0308,C024,8,6
Q003752,S0308,C024,0,6
Q003753,S0308,C017,100,1
Q003754,S0308,C017,82,2
Q003755,S0308,C017,82,1
Q003756,S0308,C017,83,1
Q003757,S0308,C022,43,4
Q003758,S0308,C022,49,3
Q003759,S0308,C022,43,4
Q003760,S0308,C022,48,3
Q003761,S0308,C022,62,3
Q003762,S0309,C001,0,4
Q003763,S0309,C001,3,6
Q003764,S0309,C001,0,6
Q003765,S0309,C001,0,6
Q003766,S0309,C016,61,2
Q003767,S0309,C016,63,3
Q003768,S0309,C027,73,3
Q003769,S0309,C027,89,2
Q003770,S0309,C027,78,2
Q003771,S0309,C027,71,2
Q003772,S0309,C007,19,4
Q003773,S0309,C007,12,6
Q003774,S0309,C007,5,4
Q003775,S0309,C007,19,5
Q003776,S0309,C007,0,4
Q003777,S0309,C021,30,5
Q003778,S0309,C021,27,4
Q003779,S0310,C004,65,3
Q003780,S0310,C004,55,4
Q003781,S0310,C025,87,2
Q003782,S0310,C025,69,2
Q003783,S0310,C025,74,2
Q003784,S0310,C030,66,3
Q003785,S0310,C030,75,2
Q003786,S0310,C040,82,2
Q003787,S0310,C040,60,2
Q003788,S0310,C040,83,2
Q003789,S0310,C040,81,1
Q003790,S0310,C040,56,4
Q003791,S0311,C027,70,2
Q003792,S0311,C027,83,1
Q003793,S0311,C027,80,2
Q003794,S0311,C027,76,1
Q003795,S0311,C028,94,1
Q003796,S0311,C028,73,3
Q003797,S0311,C028,82,1
Q003798,S0311,C028,75,2
Q003799,S0311,C020,73,2
Q003800,S0311,C020,49,4
Q003801,S0311,C010,13,4
Q003802,S0311,C010,9,4
Q003803,S0311,C010,19,4
Q003804,S0311,C010,6,6
Q003805,S0312,C036,52,3
Q003806,S0312,C036,50,3
Q003807,S0312,C036,30,6
Q003808,S0312,C036,31,6
Q003809,S0312,C024,36,6
Q003810,S0312,C024,53,3
Q003811,S0312,C003,37,5
Q003812,S0312,C003,54,4
Q003813,S0312,C029,44,4
Q003814,S0312,C029,48,3
Q003815,S0312,C029,47,3
Q003816,S0312,C021,22,5
Q003817,S0312,C021,25,5
Q003818,S0312,C021,27,5
Q003819,S0312,C021,32,6
Q003820,S0312,C021,34,6
Q003821,S0313,C024,14,5
Q003822,S0313,C024,2,5
Q003823,S0313,C015,40,4
Q003824,S0313,C015,23,6
Q003825,S0313,C015,19,6
Q003826,S0313,C015,41,4
Q003827,S0314,C036,37,5
Q003828,S0314,C036,46,4
Q003829,S0314,C037,34,5
Q003830,S0314,C037,25,6
Q003831,S0314,C025,9,6
Q003832,S0314,C025,0,4
Q003833,S0314,C025,19,5
Q003834,S0314,C018,84,1
Q003835,S0314,C018,72,3
Q003836,S0314,C018,80,2
Q003837,S0314,C023,46,3
Q003838,S0314,C023,36,5
Q003839,S0315,C004,42,3
Q003840,S0315,C004,57,3
Q003841,S0315,C004,28,4
Q003842,S0315,C004,31,5
Q003843,S0315,C004,46,3
Q003844,S0315,C030,67,3
Q003845,S0315,C030,88,1
Q003846,S0315,C030,80,1
Q003847,S0315,C030,96,1
Q003848,S0315,C030,73,3
Q003849,S0315,C031,100,1
Q003850,S0315,C031,99,1
Q003851,S0315,C031,83,2
Q003852,S0315,C007,97,1
Q003853,S0315,C007,70,3
Q003854,S0316,C028,35,6
Q003855,S0316,C028,21,6
Q003856,S0316,C028,44,4
Q003857,S0316,C009,0,6
Q003858,S0316,C009,0,4
Q003859,S0316,C009,0,4
Q003860,S0316,C019,66,3
Q003861,S0316,C019,78,2
Q003862,S0316,C019,72,3
Q003863,S0316,C019,58,3
Q003864,S0317,C008,75,2
Q003865,S0317,C008,89,2
Q003866,S0317,C020,16,6
Q003867,S0317,C020,0,4
Q003868,S0317,C020,0,4
Q003869,S0317,C011,100,1
Q003870,S0317,C011,100,1
Q003871,S0317,C011,100,1
Q003872,S0317,C011,100,1
Q003873,S0317,C011,100,1
Q003874,S0317,C035,10,6
Q003875,S0317,C035,14,4
Q003876,S0317,C035,24,6
Q003877,S0317,C035,18,5
Q003878,S0317,C026,6,6
Q003879,S0317,C026,31,6
Q003880,S0317,C026,26,5
Q003881,S0317,C026,11,5
Q003882,S0318,C005,55,3
Q003883,S0318,C005,67,3
Q003884,S0318,C025,16,4
Q003885,S0318,C025,34,6
Q003886,S0318,C025,29,4
Q003887,S0318,C004,69,3
Q003888,S0318,C004,72,2
Q003889,S0318,C004,72,2
Q003890,S0318,C004,85,2
Q003891,S0318,C020,75,2
Q003892,S0318,C020,53,3
Q003893,S0318,C008,9,4
Q003894,S0318,C008,30,5
Q003895,S0318,C008,12,6
Q003896,S0318,C008,24,5
Q003897,S0319,C017,89,2
Q003898,S0319,C017,81,1
Q003899,S0319,C017,78,2
Q003900,S0319,C038,52,3
Q003901,S0319,C038,44,3
Q003902,S0319,C040,84,1
Q003903,S0319,C040,72,3
Q003904,S0319,C040,69,2
Q003905,S0319,C040,72,2
Q003906,S0319,C035,50,4
Q003907,S0319,C035,62,2
Q003908,S0319,C035,45,3
Q003909,S0319,C029,93,1
Q003910,S0319,C029,91,1
Q003911,S0319,C029,93,1
Q003912,S0319,C029,85,1
Q003913,S0320,C018,65,3
Q003914,S0320,C018,62,2
Q003915,S0320,C018,45,3
Q003916,S0320,C018,65,2
Q003917,S0320,C022,38,5
Q003918,S0320,C022,34,6
Q003919,S0320,C039,88,2
Q003920,S0320,C039,90,1
Q003921,S0320,C039,88,1
Q003922,S0321,C023,57,3
Q003923,S0321,C023,68,3
Q003924,S0321,C023,46,3
Q003925,S0321,C023,63,3
Q003926,S0321,C022,44,4
Q003927,S0321,C022,36,6
Q003928,S0321,C002,23,6
Q003929,S0321,C002,25,4
Q003930,S0321,C025,76,1
Q003931,S0321,C025,93,1
Q003932,S0321,C026,95,1
Q003933,S0321,C026,81,2
Q003934,S0322,C015,92,1
Q003935,S0322,C015,75,1
Q003936,S0322,C015,75,1
Q003937,S0322,C015,83,2
Q003938,S0322,C015,96,1
Q003939,S0322,C023,97,1
Q003940,S0322,C023,100,1
Q003941,S0322,C023,89,2
Q003942,S0322,C027,54,3
Q003943,S0322,C027,66,3
Q003944,S0322,C005,76,2
Q003945,S0322,C005,59,4
Q003946,S0322,C035,73,3
Q003947,S0322,C035,48,4
Q003948,S0322,C035,71,3
Q003949,S0322,C035,53,3
Q003950,S0322,C035,76,1
Q003951,S0323,C014,35,6
Q003952,S0323,C014,35,6
Q003953,S0323,C014,12,5
Q003954,S0323,C014,28,4
Q003955,S0323,C040,22,6
Q003956,S0323,C040,21,6
Q003957,S0323,C040,45,4
Q003958,S0323,C022,75,1
Q003959,S0323,C022,64,3
Q003960,S0323,C022,48,3
Q003961,S0323,C022,52,4
Q003962,S0324,C011,100,1
Q003963,S0324,C011,85,2
Q003964,S0324,C011,88,2
Q003965,S0324,C033,53,4
Q003966,S0324,C033,49,4
Q003967,S0324,C033,65,3
Q003968,S0325,C037,78,1
Q003969,S0325,C037,96,1
Q003970,S0325,C037,82,1
Q003971,S0325,C011,81,2
Q003972,S0325,C011,60,2
Q003973,S0325,C011,74,3
Q003974,S0325,C006,28,4
Q003975,S0325,C006,28,6
Q003976,S0325,C006,19,6
Q003977,S0325,C006,32,4
Q003978,S0325,C006,32,5
Q003979,S0326,C027,34,4
Q003980,S0326,C027,31,4
Q003981,S0326,C027,46,3
Q003982,S0326,C032,78,1
Q003983,S0326,C032,63,3
Q003984,S0326,C032,68,2
Q003985,S0326,C020,0,6
Q003986,S0326,C020,17,6
Q003987,S0326,C011,99,1
Q003988,S0326,C011,100,1
Q003989,S0326,C011,93,1
Q003990,S0326,C011,100,1
Q003991,S0326,C002,25,6
Q003992,S0326,C002,23,5
Q003993,S0327,C008,88,1
Q003994,S0327,C008,100,1
Q003995,S0327,C008,100,1
Q003996,S0327,C009,63,2
Q003997,S0327,C009,79,2
Q003998,S0327,C009,62,3
Q003999,S0327,C009,77,1
Q004000,S0327,C014,67,2
Q004001,S0327,C014,45,3
Q004002,S0327,C014,61,2
Q004003,S0327,C003,27,6
Q004004,S0327,C003,43,4
Q004005,S0327,C003,42,3
Q004006,S0327,C003,24,4
Q004007,S0327,C003,30,5
Q004008,S0327,C017,20,6
Q004009,S0327,C017,40,3
Q004010,S0328,C036,46,4
Q004011,S0328,C036,50,3
Q004012,S0328,C036,57,4
Q004013,S0328,C036,41,3
Q004014,S0328,C036,39,4
Q004015,S0328,C032,53,3
Q004016,S0328,C032,50,3
Q004017,S0328,C032,39,4
Q004018,S0328,C032,55,3
Q004019,S0328,C032,39,4
Q004020,S0328,C034,78,1
Q004021,S0328,C034,93,1
Q004022,S0328,C034,86,2
Q004023,S0328,C034,75,1
Q004024,S0328,C034,83,2
Q004025,S0328,C030,25,4
Q004026,S0328,C030,8,5
Q004027,S0328,C030,34,4
Q004028,S0328,C030,28,6
Q004029,S0328,C030,22,4
Q004030,S0328,C017,0,5
Q004031,S0328,C017,7,4
Q004032,S0329,C011,100,1
Q004033,S0329,C011,100,1
Q004034,S0329,C011,85,1
Q004035,S0329,C011,94,1
Q004036,S0329,C011,99,1
Q004037,S0329,C022,29,5
Q004038,S0329,C022,34,5
Q004039,S0329,C022,8,4
Q004040,S0329,C022,32,6
Q004041,S0329,C018,2,5
Q004042,S0329,C018,21,6
Q004043,S0329,C018,22,5
Q004044,S0329,C018,10,6
Q004045,S0329,C018,12,6
Q004046,S0329,C028,91,1
Q004047,S0329,C028,73,3
Q004048,S0329,C028,82,1
Q004049,S0329,C028,91,1
Q004050,S0329,C028,77,1
Q004051,S0330,C001,61,3
Q004052,S0330,C001,68,3
Q004053,S0330,C031,3,6
Q004054,S0330,C031,25,6
Q004055,S0330,C031,25,6
Q004056,S0330,C031,6,5
Q004057,S0330,C006,42,4
Q004058,S0330,C006,39,5
Q004059,S0330,C006,46,3
Q004060,S0331,C027,46,4
Q004061,S0331,C027,41,4
Q004062,S0331,C027,27,5
Q004063,S0331,C027,49,3
Q004064,S0331,C027,50,4
Q004065,S0331,C013,18,5
Q004066,S0331,C013,34,5
Q004067,S0331,C014,41,3
Q004068,S0331,C014,40,4
Q004069,S0331,C014,47,3
Q004070,S0331,C026,45,4
Q004071,S0331,C026,57,3
Q004072,S0331,C026,40,4
Q004073,S0331,C022,48,3
Q004074,S0331,C022,61,2
Q004075,S0331,C022,49,3
Q004076,S0331,C022,48,3
Q004077,S0332,C025,57,3
Q004078,S0332,C025,51,3
Q004079,S0332,C025,54,3
Q004080,S0332,C025,47,4
Q004081,S0332,C030,35,4
Q004082,S0332,C030,13,4
Q004083,S0332,C030,28,6
Q004084,S0332,C030,24,6
Q004085,S0332,C024,28,6
Q004086,S0332,C024,30,5
Q004087,S0332,C035,62,2
Q004088,S0332,C035,38,4
Q004089,S0332,C034,76,2
Q004090,S0332,C034,85,1
Q004091,S0333,C037,62,2
Q004092,S0333,C037,69,3
Q004093,S0333,C037,83,1
Q004094,S0333,C037,67,3
Q004095,S0333,C037,63,3
Q004096,S0333,C021,15,6
Q004097,S0333,C021,7,6
Q004098,S0333,C021,9,6
Q004099,S0333,C019,21,6
Q004100,S0333,C019,38,6
Q004101,S0333,C019,16,5
Q004102,S0333,C019,25,6
Q004103,S0333,C019,27,4
Q004104,S0334,C031,100,1
Q004105,S0334,C031,100,1
Q004106,S0334,C031,92,1
Q004107,S0334,C031,99,1
Q004108,S0334,C003,27,6
Q004109,S0334,C003,22,6
Q004110,S0334,C003,24,5
Q004111,S0334,C009,66,3
Q004112,S0334,C009,75,2
Q004113,S0334,C009,91,1
Q004114,S0334,C026,24,6
Q004115,S0334,C026,48,3
Q004116,S0334,C026,41,4
Q004117,S0334,C026,45,3
Q004118,S0335,C025,64,2
Q004119,S0335,C025,48,3
Q004120,S0335,C025,63,2
Q004121,S0335,C008,87,1
Q004122,S0335,C008,68,3
Q004123,S0335,C008,73,3
Q004124,S0335,C008,83,1
Q004125,S0335,C008,87,2
Q004126,S0335,C036,22,5
Q004127,S0335,C036,9,5
Q004128,S0335,C036,12,4
Q004129,S0335,C036,30,5
Q004130,S0335,C002,100,1
Q004131,S0335,C002,100,1
Q004132,S0336,C021,100,1
Q004133,S0336,C021,100,1
Q004134,S0336,C021,96,1
Q004135,S0336,C021,100,1
Q004136,S0336,C039,85,1
Q004137,S0336,C039,59,3
Q004138,S0336,C008,100,1
Q004139,S0336,C008,84,2
Q004140,S0337,C017,54,4
Q004141,S0337,C017,77,1
Q004142,S0337,C017,59,3
Q004143,S0337,C017,71,3
Q004144,S0337,C019,70,3
Q004145,S0337,C019,72,2
Q004146,S0337,C001,65,2
Q004147,S0337,C001,63,3
Q004148,S0338,C018,89,1
Q004149,S0338,C018,100,1
Q004150,S0338,C018,80,2
Q004151,S0338,C022,19,4
Q004152,S0338,C022,2,5
Q004153,S0339,C004,1,4
Q004154,S0339,C004,0,5
Q004155,S0339,C004,27,4
Q004156,S0339,C004,0,5
Q004157,S0339,C019,84,1
Q004158,S0339,C019,83,1
Q004159,S0339,C019,78,1
Q004160,S0339,C019,80,2
Q004161,S0339,C030,22,6
Q004162,S0339,C030,17,6
Q004163,S0339,C030,39,6
Q004164,S0340,C021,26,6
Q004165,S0340,C021,23,6
Q004166,S0340,C007,39,4
Q004167,S0340,C007,41,3
Q004168,S0340,C007,50,4
Q004169,S0341,C009,56,4
Q004170,S0341,C009,39,6
Q004171,S0341,C009,35,4
Q004172,S0341,C009,48,3
Q004173,S0341,C016,87,2
Q004174,S0341,C016,100,1
Q004175,S0341,C016,93,1
Q004176,S0341,C016,91,1
Q004177,S0341,C016,100,1
Q004178,S0342,C019,58,3
Q004179,S0342,C019,73,3
Q004180,S0342,C019,77,1
Q004181,S0342,C019,66,2
Q004182,S0342,C019,49,3
Q004183,S0342,C024,7,6
Q004184,S0342,C024,0,4
Q004185,S0342,C024,0,6
Q004186,S0342,C024,12,4
Q004187,S0342,C024,0,4
Q004188,S0342,C006,59,4
Q004189,S0342,C006,72,2
Q004190,S0342,C006,70,2
Q004191,S0342,C006,69,2
Q004192,S0342,C006,65,2
Q004193,S0342,C018,37,4
Q004194,S0342,C018,11,6
Q004195,S0342,C018,30,5
Q004196,S0342,C009,0,5
Q004197,S0342,C009,7,5
Q004198,S0343,C032,0,6
Q004199,S0343,C032,0,4
Q004200,S0343,C032,0,5
Q004201,S0343,C032,0,6
Q004202,S0343,C004,54,3
Q004203,S0343,C004,62,3
Q004204,S0343,C004,64,3
Q004205,S0343,C004,59,4
Q004206,S0343,C004,55,4
Q004207,S0343,C012,43,3
Q004208,S0343,C012,37,6
Q004209,S0343,C005,86,2
Q004210,S0343,C005,66,2
Q004211,S0344,C034,85,1
Q004212,S0344,C034,100,1
Q004213,S0344,C034,100,1
Q004214,S0344,C034,96,1
Q004215,S0344,C034,88,2
Q004216,S0344,C039,50,3
Q004217,S0344,C039,48,4
Q004218,S0344,C039,53,4
Q004219,S0344,C039,59,4
Q004220,S0344,C010,100,1
Q004221,S0344,C010,100,1
Q004222,S0344,C010,100,1
Q004223,S0344,C010,95,1
Q004224,S0344,C010,100,1
Q004225,S0344,C004,100,1
Q004226,S0344,C004,100,1
Q004227,S0344,C004,90,1
Q004228,S0344,C028,63,3
Q004229,S0344,C028,45,4
Q004230,S0344,C028,57,3
Q004231,S0344,C028,58,4
Q004232,S0345,C031,82,2
Q004233,S0345,C031,100,1
Q004234,S0345,C031,84,2
Q004235,S0345,C005,91,1
Q004236,S0345,C005,96,1
Q004237,S0345,C005,83,2
Q004238,S0345,C036,81,1
Q004239,S0345,C036,93,1
Q004240,S0345,C036,100,1
Q004241,S0345,C036,97,1
Q004242,S0346,C006,67,3
Q004243,S0346,C006,72,3
Q004244,S0346,C006,70,2
Q004245,S0346,C006,56,4
Q004246,S0346,C006,62,3
Q004247,S0346,C020,82,2
Q004248,S0346,C020,58,3
Q004249,S0346,C020,75,2
Q004250,S0346,C020,77,1
Q004251,S0346,C028,45,4
Q004252,S0346,C028,34,5
Q004253,S0346,C028,58,4
Q004254,S0346,C003,47,3
Q004255,S0346,C003,67,3
Q004256,S0346,C003,43,3
Q004257,S0346,C003,66,2
Q004258,S0346,C003,41,3
Q004259,S0346,C011,16,6
Q004260,S0346,C011,34,4
Q004261,S0346,C011,32,6
Q004262,S0346,C011,27,6
Q004263,S0347,C012,100,1
Q004264,S0347,C012,97,1
Q004265,S0347,C012,100,1
Q004266,S0347,C012,100,1
Q004267,S0347,C015,60,3
Q004268,S0347,C015,43,3
Q004269,S0347,C015,47,3
Q004270,S0348,C011,89,1
Q004271,S0348,C011,83,1
Q004272,S0348,C011,79,1
Q004273,S0348,C028,59,4
Q004274,S0348,C028,67,3
Q004275,S0348,C028,64,2
Q004276,S0348,C028,72,2
Q004277,S0348,C028,55,3
Q004278,S0348,C014,48,3
Q004279,S0348,C014,40,4
Q004280,S0348,C014,56,4
Q004281,S0348,C014,53,3
Q004282,S0348,C014,43,3
Q004283,S0349,C038,95,1
Q004284,S0349,C038,70,3
Q004285,S0349,C038,71,3
Q004286,S0349,C038,77,2
Q004287,S0349,C038,71,3
Q004288,S0349,C020,27,5
Q004289,S0349,C020,34,5
Q004290,S0349,C020,28,4
Q004291,S0349,C039,52,4
Q004292,S0349,C039,69,2
Q004293,S0349,C036,79,1
Q004294,S0349,C036,64,2
Q004295,S0349,C036,88,2
Q004296,S0349,C036,69,3
Q004297,S0349,C036,64,2
Q004298,S0350,C026,21,5
Q004299,S0350,C026,27,4
Q004300,S0350,C026,29,4
Q004301,S0350,C026,9,4
Q004302,S0350,C030,24,4
Q004303,S0350,C030,0,6
Q004304,S0351,C034,72,3
Q004305,S0351,C034,86,2
Q004306,S0351,C034,76,1
Q004307,S0351,C010,54,3
Q004308,S0351,C010,47,4
Q004309,S0351,C003,75,1
Q004310,S0351,C003,82,2
Q004311,S0351,C003,81,1
Q004312,S0351,C003,64,2
Q004313,S0351,C003,85,2
Q004314,S0351,C007,7,6
Q004315,S0351,C007,0,5
Q004316,S0351,C007,14,6
Q004317,S0351,C026,75,2
Q004318,S0351,C026,57,4
Q004319,S0351,C026,68,2
Q004320,S0351,C026,85,1
Q004321,S0352,C037,29,4
Q004322,S0352,C037,21,5
Q004323,S0352,C037,14,5
Q004324,S0352,C037,21,6
Q004325,S0352,C018,9,4
Q004326,S0352,C018,22,6
Q004327,S0352,C018,21,6
Q004328,S0352,C018,36,4
Q004329,S0352,C018,18,5
Q004330,S0352,C021,91,1
Q004331,S0352,C021,87,2
Q004332,S0352,C021,95,1
Q004333,S0352,C021,77,2
Q004334,S0352,C014,44,4
Q004335,S0352,C014,31,5
Q004336,S0352,C014,45,4
Q004337,S0352,C005,0,4
Q004338,S0352,C005,0,4
Q004339,S0352,C005,22,5
Q004340,S0353,C011,54,4
Q004341,S0353,C011,39,5
Q004342,S0353,C011,45,3
Q004343,S0353,C011,36,4
Q004344,S0353,C011,50,3
Q004345,S0353,C025,43,4
Q004346,S0353,C025,41,3
Q004347,S0354,C034,87,2
Q004348,S0354,C034,87,1
Q004349,S0354,C034,83,2
Q004350,S0354,C017,36,6
Q004351,S0354,C017,45,4
Q004352,S0354,C017,16,4
Q004353,S0355,C015,57,3
Q004354,S0355,C015,48,3
Q004355,S0355,C015,58,3
Q004356,S0355,C025,3,6
Q004357,S0355,C025,0,6
Q004358,S0355,C025,15,5
Q004359,S0355,C025,2,5
Q004360,S0355,C025,0,4
Q004361,S0355,C028,56,4
Q004362,S0355,C028,27,4
Q004363,S0355,C028,52,3
Q004364,S0355,C028,50,3
Q004365,S0356,C031,64,2
Q004366,S0356,C031,73,3
Q004367,S0356,C006,25,6
Q004368,S0356,C006,33,5
Q004369,S0356,C006,34,4
Q004370,S0356,C006,47,3
Q004371,S0356,C006,47,3
Q004372,S0356,C032,82,2
Q004373,S0356,C032,85,2
Q004374,S0356,C009,31,4
Q004375,S0356,C009,33,6
Q004376,S0356,C009,25,5
Q004377,S0357,C001,0,6
Q004378,S0357,C001,0,5
Q004379,S0357,C001,1,5
Q004380,S0357,C001,0,4
Q004381,S0357,C003,51,3
Q004382,S0357,C003,33,5
Q004383,S0357,C003,28,6
Q004384,S0357,C011,90,1
Q004385,S0357,C011,88,2
Q004386,S0358,C027,12,4
Q004387,S0358,C027,16,5
Q004388,S0358,C037,70,3
Q004389,S0358,C037,71,2
Q004390,S0358,C037,65,3
Q004391,S0358,C037,69,3
Q004392,S0358,C038,16,6
Q004393,S0358,C038,15,4
Q004394,S0358,C038,30,5
Q004395,S0359,C016,28,6
Q004396,S0359,C016,19,6
Q004397,S0359,C016,16,6
Q004398,S0359,C016,21,5
Q004399,S0359,C016,12,4
Q004400,S0359,C004,49,3
Q004401,S0359,C004,27,6
Q004402,S0360,C002,23,5
Q004403,S0360,C002,10,4
Q004404,S0360,C002,17,4
Q004405,S0360,C002,13,5
Q004406,S0360,C037,30,4
Q004407,S0360,C037,53,4
Q004408,S0360,C037,59,3
Q004409,S0360,C037,36,5
Q004410,S0360,C024,0,6
Q004411,S0360,C024,8,5
Q004412,S0360,C024,11,6
Q004413,S0360,C024,1,5
Q004414,S0360,C022,11,4
Q004415,S0360,C022,4,5
Q004416,S0360,C022,26,4
Q004417,S0361,C010,100,1
Q004418,S0361,C010,100,1
Q004419,S0361,C010,100,1
Q004420,S0361,C010,100,1
Q004421,S0361,C010,100,1
Q004422,S0361,C005,70,3
Q004423,S0361,C005,63,2
Q004424,S0361,C005,77,2
Q004425,S0361,C040,95,1
Q004426,S0361,C040,93,1
Q004427,S0361,C040,87,1
Q004428,S0361,C040,99,1
Q004429,S0361,C040,90,1
Q004430,S0362,C035,0,5
Q004431,S0362,C035,5,5
Q004432,S0362,C035,16,4
Q004433,S0362,C030,65,2
Q004434,S0362,C030,77,1
Q004435,S0362,C031,100,1
Q004436,S0362,C031,100,1
Q004437,S0362,C011,16,6
Q004438,S0362,C011,34,6
Q004439,S0362,C011,31,5
Q004440,S0363,C015,20,4
Q004441,S0363,C015,16,4
Q004442,S0363,C026,36,4
Q004443,S0363,C026,48,4
Q004444,S0363,C026,59,3
Q004445,S0363,C008,77,2
Q004446,S0363,C008,100,1
Q004447,S0363,C018,52,3
Q004448,S0363,C018,32,6
Q004449,S0363,C018,58,3
Q004450,S0363,C018,50,4
Q004451,S0363,C018,49,4
Q004452,S0364,C019,80,1
Q004453,S0364,C019,88,2
Q004454,S0364,C028,76,2
Q004455,S0364,C028,98,1
Q004456,S0364,C021,40,4
Q004457,S0364,C021,59,4
Q004458,S0364,C021,51,3
Q004459,S0364,C021,48,3
Q004460,S0364,C030,73,2
Q004461,S0364,C030,99,1
Q004462,S0364,C030,84,2
Q004463,S0364,C030,100,1
Q004464,S0364,C030,85,2
Q004465,S0365,C018,0,5
Q004466,S0365,C018,0,4
Q004467,S0365,C018,5,6
Q004468,S0365,C018,0,4
Q004469,S0365,C018,8,4
Q004470,S0365,C017,42,4
Q004471,S0365,C017,37,6
Q004472,S0365,C017,34,6
Q004473,S0365,C017,19,4
Q004474,S0365,C017,40,4
Q004475,S0365,C025,52,3
Q004476,S0365,C025,46,3
Q004477,S0365,C025,59,4
Q004478,S0365,C025,57,3
Q004479,S0365,C025,42,3
Q004480,S0365,C031,51,3
Q004481,S0365,C031,63,2
Q004482,S0365,C031,58,4
Q004483,S0366,C021,37,4
Q004484,S0366,C021,38,5
Q004485,S0366,C021,47,4
Q004486,S0366,C015,49,4
Q004487,S0366,C015,46,4
Q004488,S0366,C015,46,3
Q004489,S0366,C015,59,4
Q004490,S0366,C010,71,3
Q004491,S0366,C010,73,2
Q004492,S0367,C003,78,1
Q004493,S0367,C003,94,1
Q004494,S0367,C003,76,2
Q004495,S0367,C003,98,1
Q004496,S0367,C003,74,3
Q004497,S0367,C018,75,2
Q004498,S0367,C018,58,3
Q004499,S0367,C018,64,3
Q004500,S0367,C018,74,3
Q004501,S0367,C018,66,3
Q004502,S0367,C017,49,3
Q004503,S0367,C017,45,3
Q004504,S0367,C017,32,6
Q004505,S0367,C017,58,3
Q004506,S0367,C017,28,4
Q004507,S0367,C016,4,6
Q004508,S0367,C016,2,4
Q004509,S0367,C007,34,4
Q004510,S0367,C007,26,6
Q004511,S0367,C007,33,6
Q004512,S0367,C007,39,5
Q004513,S0367,C007,52,4
Q004514,S0368,C003,21,4
Q004515,S0368,C003,43,3
Q004516,S0368,C003,31,6
Q004517,S0368,C003,23,6
Q004518,S0368,C009,20,5
Q004519,S0368,C009,24,6
Q004520,S0368,C009,32,6
Q004521,S0368,C032,66,3
Q004522,S0368,C032,54,4
Q004523,S0368,C031,32,5
Q004524,S0368,C031,28,4
Q004525,S0368,C031,18,4
Q004526,S0369,C034,91,1
Q004527,S0369,C034,99,1
Q004528,S0369,C034,100,1
Q004529,S0369,C010,95,1
Q004530,S0369,C010,93,1
Q004531,S0369,C010,100,1
Q004532,S0369,C010,100,1
Q004533,S0369,C010,93,1
Q004534,S0370,C023,0,4
Q004535,S0370,C023,11,4
Q004536,S0370,C023,24,4
Q004537,S0370,C006,94,1
Q004538,S0370,C006,100,1
Q004539,S0370,C006,95,1
Q004540,S0370,C006,100,1
Q004541,S0370,C006,95,1
Q004542,S0371,C024,34,5
Q004543,S0371,C024,48,4
Q004544,S0371,C024,59,3
Q004545,S0371,C013,97,1
Q004546,S0371,C013,87,1
Q004547,S0371,C013,88,2
Q004548,S0371,C013,93,1
Q004549,S0371,C013,94,1
Q004550,S0371,C035,4,5
Q004551,S0371,C035,7,6
Q004552,S0371,C035,0,4
Q004553,S0371,C035,0,5
Q004554,S0371,C035,0,6
Q004555,S0371,C017,29,6
Q004556,S0371,C017,33,4
Q004557,S0371,C017,45,3
Q004558,S0371,C021,100,1
Q004559,S0371,C021,100,1
Q004560,S0371,C021,100,1
Q004561,S0371,C021,92,1
Q004562,S0371,C021,100,1
Q004563,S0372,C026,59,3
Q004564,S0372,C026,57,3
Q004565,S0372,C037,37,5
Q004566,S0372,C037,33,6
Q004567,S0372,C009,77,2
Q004568,S0372,C009,72,3
Q004569,S0372,C009,67,3
Q004570,S0372,C009,69,2
Q004571,S0372,C009,71,2
Q004572,S0372,C023,0,6
Q004573,S0372,C023,12,6
Q004574,S0372,C034,76,2
Q004575,S0372,C034,73,3
Q004576,S0372,C034,81,1
Q004577,S0372,C034,75,2
Q004578,S0372,C034,96,1
Q004579,S0373,C027,25,5
Q004580,S0373,C027,26,6
Q004581,S0373,C027,40,4
Q004582,S0373,C027,41,4
Q004583,S0373,C027,38,5
Q004584,S0373,C001,0,4
Q004585,S0373,C001,21,6
Q004586,S0373,C013,45,4
Q004587,S0373,C013,37,6
Q004588,S0373,C013,21,6
Q004589,S0373,C013,22,4
Q004590,S0373,C015,63,3
Q004591,S0373,C015,75,2
Q004592,S0373,C015,70,3
Q004593,S0373,C006,98,1
Q004594,S0373,C006,100,1
Q004595,S0373,C006,100,1
Q004596,S0373,C006,100,1
Q004597,S0373,C006,100,1
Q004598,S0374,C014,100,1
Q004599,S0374,C014,100,1
Q004600,S0374,C014,90,1
Q004601,S0374,C028,80,2
Q004602,S0374,C028,71,2
Q004603,S0374,C028,57,4
Q004604,S0374,C028,80,1
Q004605,S0375,C005,0,5
Q004606,S0375,C005,9,6
Q004607,S0375,C012,48,3
Q004608,S0375,C012,50,3
Q004609,S0375,C012,39,6
Q004610,S0375,C012,61,3
Q004611,S0375,C007,85,1
Q004612,S0375,C007,65,2
Q004613,S0375,C007,83,2
Q004614,S0375,C009,77,1
Q004615,S0375,C009,50,4
Q004616,S0375,C009,65,3
Q004617,S0375,C009,65,3
Q004618,S0375,C009,76,1
Q004619,S0376,C023,95,1
Q004620,S0376,C023,100,1
Q004621,S0376,C023,100,1
Q004622,S0376,C023,85,2
Q004623,S0376,C011,100,1
Q004624,S0376,C011,100,1
Q004625,S0376,C026,16,5
Q004626,S0376,C026,20,5
Q004627,S0376,C026,16,6
Q004628,S0376,C026,8,4
Q004629,S0376,C003,52,3
Q004630,S0376,C003,67,2
Q004631,S0376,C033,32,4
Q004632,S0376,C033,10,4
Q004633,S0377,C010,53,3
Q004634,S0377,C010,61,2
Q004635,S0377,C010,59,3
Q004636,S0377,C038,56,4
Q004637,S0377,C038,73,3
Q004638,S0377,C038,46,3
Q004639,S0377,C038,59,4
Q004640,S0377,C038,75,2
Q004641,S0377,C034,53,4
Q004642,S0377,C034,48,3
Q004643,S0377,C034,51,4
Q004644,S0377,C017,73,2
Q004645,S0377,C017,57,3
Q004646,S0377,C017,61,3
Q004647,S0377,C020,45,4
Q004648,S0377,C020,64,3
Q004649,S0377,C020,67,2
Q004650,S0377,C020,46,4
Q004651,S0378,C007,77,1
Q004652,S0378,C007,67,3
Q004653,S0378,C007,65,2
Q004654,S0378,C007,61,3
Q004655,S0378,C007,69,3
Q004656,S0378,C024,50,3
Q004657,S0378,C024,70,2
Q004658,S0378,C024,53,4
Q004659,S0378,C024,63,3
Q004660,S0378,C024,51,3
Q004661,S0378,C035,39,5
Q004662,S0378,C035,23,4
Q004663,S0378,C035,19,5
Q004664,S0378,C035,36,5
Q004665,S0378,C035,30,5
Q004666,S0378,C021,69,2
Q004667,S0378,C021,57,4
Q004668,S0379,C033,16,6
Q004669,S0379,C033,30,4
Q004670,S0379,C006,24,4
Q004671,S0379,C006,20,6
Q004672,S0379,C021,36,6
Q004673,S0379,C021,34,4
Q004674,S0379,C021,31,5
Q004675,S0379,C021,46,4
Q004676,S0379,C004,66,3
Q004677,S0379,C004,78,2
Q004678,S0379,C004,86,1
Q004679,S0379,C004,95,1
Q004680,S0380,C035,18,4
Q004681,S0380,C035,5,6
Q004682,S0380,C031,30,6
Q004683,S0380,C031,30,6
Q004684,S0381,C013,51,4
Q004685,S0381,C013,59,4
Q004686,S0381,C013,67,2
Q004687,S0381,C013,76,1
Q004688,S0381,C013,61,2
Q004689,S0381,C011,59,3
Q004690,S0381,C011,82,2
Q004691,S0381,C011,76,1
Q004692,S0381,C011,72,3
Q004693,S0381,C011,71,2
Q004694,S0382,C039,45,4
Q004695,S0382,C039,26,4
Q004696,S0382,C039,24,5
Q004697,S0382,C021,100,1
Q004698,S0382,C021,90,1
Q004699,S0382,C021,93,1
Q004700,S0382,C021,97,1
Q004701,S0383,C007,0,6
Q004702,S0383,C007,0,6
Q004703,S0383,C004,87,2
Q004704,S0383,C004,100,1
Q004705,S0383,C004,100,1
Q004706,S0383,C004,100,1
Q004707,S0383,C004,95,1
Q004708,S0384,C034,83,1
Q004709,S0384,C034,100,1
Q004710,S0384,C034,99,1
Q004711,S0384,C034,98,1
Q004712,S0384,C034,93,1
Q004713,S0384,C024,35,6
Q004714,S0384,C024,18,6
Q004715,S0384,C024,43,3
Q004716,S0384,C024,19,4
Q004717,S0384,C024,21,4
Q004718,S0384,C012,56,4
Q004719,S0384,C012,67,3
Q004720,S0384,C012,49,3
Q004721,S0385,C013,55,4
Q004722,S0385,C013,51,4
Q004723,S0385,C013,40,3
Q004724,S0385,C013,32,6
Q004725,S0385,C013,30,5
Q004726,S0385,C023,96,1
Q004727,S0385,C023,99,1
Q004728,S0385,C023,100,1
Q004729,S0386,C021,57,4
Q004730,S0386,C021,66,3
Q004731,S0386,C021,62,2
Q004732,S0386,C021,59,3
Q004733,S0386,C021,69,3
Q004734,S0386,C003,47,4
Q004735,S0386,C003,44,3
Q004736,S0386,C023,52,4
Q004737,S0386,C023,57,4
Q004738,S0386,C023,47,4
Q004739,S0386,C012,74,3
Q004740,S0386,C012,75,1
Q004741,S0386,C012,78,1
Q004742,S0386,C012,71,2
Q004743,S0387,C014,43,3
Q004744,S0387,C014,37,4
Q004745,S0387,C014,26,5
Q004746,S0387,C014,40,4
Q004747,S0387,C017,71,2
Q004748,S0387,C017,67,3
Q004749,S0387,C017,78,2
Q004750,S0387,C017,95,1
Q004751,S0388,C035,60,3
Q004752,S0388,C035,39,6
Q004753,S0388,C035,43,4
Q004754,S0388,C035,57,3
Q004755,S0388,C035,51,4
Q004756,S0388,C014,53,4
Q004757,S0388,C014,53,4
Q004758,S0388,C014,46,4
Q004759,S0388,C028,30,6
Q004760,S0388,C028,38,5
Q004761,S0388,C028,31,6
Q004762,S0388,C011,68,2
Q004763,S0388,C011,71,3
Q004764,S0388,C011,74,3
Q004765,S0388,C011,92,1
Q004766,S0389,C003,81,1
Q004767,S0389,C003,83,2
Q004768,S0389,C003,100,1
Q004769,S0389,C022,51,3
Q004770,S0389,C022,50,3
Q004771,S0389,C022,40,3
Q004772,S0389,C030,100,1
Q004773,S0389,C030,91,1
Q004774,S0389,C030,98,1
Q004775,S0389,C030,100,1
Q004776,S0389,C030,75,1
Q004777,S0390,C012,62,2
Q004778,S0390,C012,62,2
Q004779,S0390,C012,57,4
Q004780,S0390,C038,5,5
Q004781,S0390,C038,14,5
Q004782,S0390,C008,24,4
Q004783,S0390,C008,15,6
Q004784,S0391,C034,40,4
Q004785,S0391,C034,50,4
Q004786,S0391,C034,52,3
Q004787,S0391,C034,30,4
Q004788,S0391,C034,39,6
Q004789,S0391,C014,57,4
Q004790,S0391,C014,50,4
Q004791,S0391,C014,47,3
Q004792,S0391,C014,45,3
Q004793,S0391,C013,20,6
Q004794,S0391,C013,11,5
Q004795,S0391,C013,0,5
Q004796,S0391,C013,24,4
Q004797,S0391,C004,69,2
Q004798,S0391,C004,79,2
Q004799,S0391,C004,79,1
Q004800,S0391,C028,19,5
Q004801,S0391,C028,16,4
Q004802,S0391,C028,35,4
Q004803,S0391,C028,33,6
Q004804,S0392,C003,10,6
Q004805,S0392,C003,27,6
Q004806,S0392,C003,20,6
Q004807,S0392,C028,80,2
Q004808,S0392,C028,83,1
Q004809,S0392,C028,93,1
Q004810,S0392,C028,100,1
Q004811,S0392,C028,85,2
Q004812,S0392,C040,86,1
Q004813,S0392,C040,79,2
Q004814,S0392,C040,84,2
Q004815,S0392,C006,79,1
Q004816,S0392,C006,96,1
Q004817,S0392,C006,99,1
Q004818,S0392,C006,94,1
Q004819,S0392,C006,81,1
Q004820,S0392,C010,38,6
Q004821,S0392,C010,55,4
Q004822,S0392,C010,46,3
Q004823,S0392,C010,52,4
Q004824,S0392,C010,46,3
Q004825,S0393,C017,26,5
Q004826,S0393,C017,35,5
Q004827,S0393,C017,10,6
Q004828,S0393,C017,16,5
Q004829,S0393,C034,69,2
Q004830,S0393,C034,65,3
Q004831,S0393,C034,82,2
Q004832,S0393,C034,89,2
Q004833,S0393,C034,74,3
Q004834,S0393,C014,11,5
Q004835,S0393,C014,3,6
Q004836,S0393,C029,53,4
Q004837,S0393,C029,57,4
Q004838,S0393,C029,61,3
Q004839,S0393,C029,76,2
Q004840,S0393,C029,66,2
Q004841,S0394,C005,26,6
Q004842,S0394,C005,42,4
Q004843,S0394,C005,50,3
Q004844,S0394,C027,63,3
Q004845,S0394,C027,55,3
Q004846,S0394,C027,46,3
Q004847,S0394,C027,36,4
Q004848,S0394,C027,41,4
Q004849,S0394,C011,26,5
Q004850,S0394,C011,32,5
Q004851,S0395,C004,66,3
Q004852,S0395,C004,80,2
Q004853,S0395,C004,83,1
Q004854,S0395,C004,58,4
Q004855,S0395,C037,39,6
Q004856,S0395,C037,40,3
Q004857,S0395,C037,42,3
Q004858,S0395,C009,63,2
Q004859,S0395,C009,61,3
Q004860,S0395,C009,62,3
Q004861,S0395,C009,57,4
Q004862,S0396,C022,100,1
Q004863,S0396,C022,88,2
Q004864,S0396,C022,90,1
Q004865,S0396,C022,100,1
Q004866,S0396,C022,100,1
Q004867,S0396,C024,96,1
Q004868,S0396,C024,90,1
Q004869,S0396,C037,78,2
Q004870,S0396,C037,66,2
Q004871,S0396,C037,61,3
Q004872,S0396,C037,82,1
Q004873,S0396,C037,68,3
Q004874,S0396,C018,77,2
Q004875,S0396,C018,49,4
Q004876,S0397,C004,71,2
Q004877,S0397,C004,55,3
Q004878,S0397,C004,81,1
Q004879,S0397,C004,73,2
Q004880,S0397,C004,80,2
Q004881,S0397,C027,60,2
Q004882,S0397,C027,73,3
Q004883,S0397,C014,18,4
Q004884,S0397,C014,19,4
Q004885,S0397,C014,17,4
Q004886,S0397,C011,47,4
Q004887,S0397,C011,45,4
Q004888,S0397,C023,100,1
Q004889,S0397,C023,79,1
Q004890,S0398,C002,100,1
Q004891,S0398,C002,100,1
Q004892,S0398,C002,96,1
Q004893,S0398,C002,100,1
Q004894,S0398,C002,100,1
Q004895,S0398,C033,10,5
Q004896,S0398,C033,23,4
Q004897,S0399,C008,78,1
Q004898,S0399,C008,55,3
Q004899,S0399,C008,58,4
Q004900,S0399,C008,58,4
Q004901,S0399,C008,77,2
Q004902,S0399,C019,100,1
Q004903,S0399,C019,94,1
Q004904,S0399,C019,100,1
Q004905,S0399,C019,81,1
Q004906,S0400,C040,29,5
Q004907,S0400,C040,10,4
Q004908,S0400,C040,9,4
Q004909,S0400,C013,100,1
Q004910,S0400,C013,99,1
Q004911,S0400,C013,93,1
Q004912,S0400,C013,100,1
Q004913,S0400,C013,100,1
Q004914,S0401,C007,81,2
Q004915,S0401,C007,84,2
Q004916,S0401,C023,53,3
Q004917,S0401,C023,61,3
Q004918,S0401,C023,58,3
Q004919,S0401,C023,49,4
Q004920,S0401,C024,71,3
Q004921,S0401,C024,80,2
Q004922,S0401,C024,70,3
Q004923,S0401,C024,67,3
Q004924,S0401,C024,87,2
Q004925,S0401,C034,28,4
Q004926,S0401,C034,39,5
Q004927,S0401,C034,14,4
Q004928,S0401,C034,36,4
Q004929,S0401,C034,37,4
Q004930,S0402,C040,82,2
Q004931,S0402,C040,100,1
Q004932,S0402,C021,32,5
Q004933,S0402,C021,53,4
Q004934,S0402,C021,54,4
Q004935,S0402,C021,50,3
Q004936,S0402,C021,39,4
Q004937,S0402,C002,26,5
Q004938,S0402,C002,27,5
Q004939,S0403,C035,32,4
Q004940,S0403,C035,43,3
Q004941,S0403,C035,31,6
Q004942,S0403,C035,25,6
Q004943,S0403,C016,56,3
Q004944,S0403,C016,50,3
Q004945,S0403,C016,42,4
Q004946,S0403,C039,12,5
Q004947,S0403,C039,14,4
Q004948,S0403,C039,25,6
Q004949,S0403,C039,11,4
Q004950,S0403,C001,62,3
Q004951,S0403,C001,39,5
Q004952,S0404,C005,0,4
Q004953,S0404,C005,8,4
Q004954,S0404,C005,22,6
Q004955,S0404,C013,37,5
Q004956,S0404,C013,44,4
Q004957,S0404,C013,63,3
Q004958,S0404,C013,67,2
Q004959,S0404,C013,43,3
Q004960,S0405,C023,82,1
Q004961,S0405,C023,92,1
Q004962,S0405,C004,21,4
Q004963,S0405,C004,35,6
Q004964,S0405,C004,11,5
Q004965,S0405,C004,23,4
Q004966,S0405,C004,39,4
Q004967,S0405,C006,66,2
Q004968,S0405,C006,52,4
Q004969,S0406,C021,25,5
Q004970,S0406,C021,22,6
Q004971,S0406,C025,100,1
Q004972,S0406,C025,90,1
Q004973,S0407,C021,53,3
Q004974,S0407,C021,81,1
Q004975,S0407,C021,71,2
Q004976,S0407,C021,58,3
Q004977,S0407,C021,80,2
Q004978,S0407,C017,8,6
Q004979,S0407,C017,17,6
Q004980,S0407,C017,17,6
Q004981,S0407,C014,8,4
Q004982,S0407,C014,3,5
Q004983,S0407,C014,15,5
Q004984,S0407,C001,22,4
Q004985,S0407,C001,34,5
Q004986,S0407,C001,31,4
Q004987,S0407,C019,44,4
Q004988,S0407,C019,59,3
Q004989,S0407,C019,61,3
Q004990,S0408,C004,61,3
Q004991,S0408,C004,59,4
Q004992,S0408,C004,55,3
Q004993,S0408,C006,30,5
Q004994,S0408,C006,38,4
Q004995,S0408,C006,44,4
Q004996,S0409,C007,77,2
Q004997,S0409,C007,76,2
Q004998,S0409,C007,89,1
Q004999,S0409,C005,4,5
Q005000,S0409,C005,26,4
Q005001,S0409,C024,40,3
Q005002,S0409,C024,36,5
Q005003,S0409,C024,49,3
Q005004,S0409,C024,62,2
Q005005,S0409,C008,65,3
Q005006,S0409,C008,83,2
Q005007,S0409,C008,77,2
Q005008,S0409,C008,83,2
Q005009,S0409,C008,83,1
Q005010,S0409,C030,19,5
Q005011,S0409,C030,12,4
Q005012,S0409,C030,15,4
Q005013,S0409,C030,3,5
Q005014,S0409,C030,11,6
Q005015,S0410,C028,85,1
Q005016,S0410,C028,100,1
Q005017,S0410,C001,7,5
Q005018,S0410,C001,21,6
Q005019,S0410,C001,21,6
Q005020,S0410,C031,22,4
Q005021,S0410,C031,45,3
Q005022,S0411,C005,35,4
Q005023,S0411,C005,47,3
Q005024,S0411,C005,38,4
Q005025,S0411,C039,0,4
Q005026,S0411,C039,0,6
Q005027,S0411,C039,9,4
Q005028,S0411,C039,0,5
Q005029,S0411,C022,38,4
Q005030,S0411,C022,56,3
Q005031,S0411,C022,39,6
Q005032,S0411,C022,33,6
Q005033,S0411,C022,60,3
Q005034,S0411,C008,6,4
Q005035,S0411,C008,5,5
Q005036,S0412,C020,0,4
Q005037,S0412,C020,13,5
Q005038,S0412,C020,17,5
Q005039,S0412,C020,9,6
Q005040,S0412,C022,10,4
Q005041,S0412,C022,21,4
Q005042,S0412,C022,13,4
Q005043,S0413,C028,93,1
Q005044,S0413,C028,91,1
Q005045,S0413,C028,100,1
Q005046,S0413,C006,31,6
Q005047,S0413,C006,45,3
Q005048,S0413,C006,45,3
Q005049,S0413,C002,59,3
Q005050,S0413,C002,65,2
Q005051,S0413,C002,63,3
Q005052,S0413,C019,85,1
Q005053,S0413,C019,83,1
Q005054,S0413,C013,100,1
Q005055,S0413,C013,93,1
Q005056,S0413,C013,82,2
Q005057,S0413,C013,100,1
Q005058,S0414,C011,19,5
Q005059,S0414,C011,35,5
Q005060,S0414,C011,36,5
Q005061,S0414,C022,74,3
Q005062,S0414,C022,72,3
Q005063,S0414,C022,70,2
Q005064,S0414,C022,84,1
Q005065,S0414,C025,43,4
Q005066,S0414,C025,19,5
Q005067,S0415,C025,37,4
Q005068,S0415,C025,60,2
Q005069,S0415,C025,44,3
Q005070,S0415,C039,22,5
Q005071,S0415,C039,17,5
Q005072,S0415,C039,34,4
Q005073,S0415,C039,21,4
Q005074,S0415,C002,100,1
Q005075,S0415,C002,83,1
Q005076,S0416,C008,63,3
Q005077,S0416,C008,68,3
Q005078,S0416,C008,55,4
Q005079,S0416,C008,54,3
Q005080,S0416,C028,100,1
Q005081,S0416,C028,89,2
Q005082,S0416,C010,26,6
Q005083,S0416,C010,5,4
Q005084,S0416,C010,24,5
Q005085,S0416,C040,14,5
Q005086,S0416,C040,22,5
Q005087,S0416,C040,29,6
Q005088,S0416,C018,92,1
Q005089,S0416,C018,67,3
Q005090,S0416,C018,86,1
Q005091,S0416,C018,70,2
Q005092,S0416,C018,88,1
Q005093,S0417,C002,84,1
Q005094,S0417,C002,82,2
Q005095,S0417,C002,99,1
Q005096,S0417,C002,82,2
Q005097,S0417,C004,38,4
Q005098,S0417,C004,29,6
Q005099,S0417,C004,59,3
Q005100,S0417,C004,39,5
Q005101,S0418,C011,71,3
Q005102,S0418,C011,72,2
Q005103,S0418,C011,79,2
Q005104,S0418,C028,37,6
Q005105,S0418,C028,37,6
Q005106,S0418,C001,22,4
Q005107,S0418,C001,10,6
Q005108,S0418,C001,17,5
Q005109,S0418,C001,16,6
Q005110,S0418,C022,67,3
Q005111,S0418,C022,82,2
Q005112,S0418,C022,84,2
Q005113,S0418,C022,70,2
Q005114,S0418,C013,6,6
Q005115,S0418,C013,27,5
Q005116,S0418,C013,11,4
Q005117,S0419,C020,47,3
Q005118,S0419,C020,53,4
Q005119,S0419,C020,36,5
Q005120,S0419,C026,100,1
Q005121,S0419,C026,79,2
Q005122,S0419,C006,96,1
Q005123,S0419,C006,100,1
Q005124,S0419,C006,100,1
Q005125,S0419,C018,63,2
Q005126,S0419,C018,71,3
Q005127,S0419,C018,63,3
Q005128,S0419,C017,38,5
Q005129,S0419,C017,40,3
Q005130,S0419,C017,40,4
Q005131,S0419,C017,26,5
Q005132,S0419,C017,43,4
Q005133,S0420,C038,72,2
Q005134,S0420,C038,92,1
Q005135,S0420,C007,15,5
Q005136,S0420,C007,15,5
Q005137,S0421,C019,30,6
Q005138,S0421,C019,23,6
Q005139,S0421,C019,21,4
Q005140,S0421,C016,74,3
Q005141,S0421,C016,78,2
Q005142,S0421,C016,86,2
Q005143,S0421,C016,70,2
Q005144,S0422,C028,94,1
Q005145,S0422,C028,80,2
Q005146,S0422,C028,100,1
Q005147,S0422,C028,100,1
Q005148,S0422,C002,96,1
Q005149,S0422,C002,85,2
Q005150,S0422,C009,0,5
Q005151,S0422,C009,0,4
Q005152,S0422,C009,5,4
Q005153,S0422,C017,61,3
Q005154,S0422,C017,39,6
Q005155,S0422,C017,54,4
Q005156,S0422,C017,41,3
Q005157,S0422,C017,40,3
Q005158,S0423,C010,66,2
Q005159,S0423,C010,65,3
Q005160,S0423,C010,55,4
Q005161,S0423,C015,100,1
Q005162,S0423,C015,90,1
Q005163,S0423,C015,100,1
Q005164,S0423,C015,93,1
Q005165,S0423,C026,37,4
Q005166,S0423,C026,55,3
Q005167,S0423,C026,63,2
Q005168,S0423,C007,41,3
Q005169,S0423,C007,21,6
Q005170,S0423,C003,30,5
Q005171,S0423,C003,20,5
Q005172,S0423,C003,17,6
Q005173,S0423,C003,11,4
Q005174,S0423,C003,24,4
Q005175,S0424,C039,49,3
Q005176,S0424,C039,54,3
Q005177,S0424,C018,0,4
Q005178,S0424,C018,4,5
Q005179,S0424,C018,15,4
Q005180,S0424,C018,7,5
Q005181,S0424,C018,16,5
Q005182,S0424,C009,10,6
Q005183,S0424,C009,8,4
Q005184,S0424,C009,12,6
Q005185,S0424,C009,0,6
Q005186,S0424,C022,48,3
Q005187,S0424,C022,48,4
Q005188,S0425,C008,69,2
Q005189,S0425,C008,56,4
Q005190,S0425,C008,56,3
Q005191,S0425,C008,40,4
Q005192,S0425,C018,81,1
Q005193,S0425,C018,86,2
Q005194,S0425,C018,79,2
Q005195,S0425,C018,65,2
Q005196,S0425,C018,60,2
Q005197,S0426,C018,6,6
Q005198,S0426,C018,5,4
Q005199,S0426,C018,15,4
Q005200,S0426,C012,45,3
Q005201,S0426,C012,43,4
Q005202,S0426,C013,81,2
Q005203,S0426,C013,94,1
Q005204,S0427,C025,13,4
Q005205,S0427,C025,38,6
Q005206,S0427,C025,18,6
Q005207,S0427,C025,20,4
Q005208,S0427,C025,15,6
Q005209,S0427,C018,0,6
Q005210,S0427,C018,0,6
Q005211,S0427,C018,17,4
Q005212,S0427,C023,100,1
Q005213,S0427,C023,76,2
Q005214,S0428,C005,71,2
Q005215,S0428,C005,61,2
Q005216,S0428,C011,100,1
Q005217,S0428,C011,100,1
Q005218,S0428,C011,100,1
Q005219,S0428,C040,53,3
Q005220,S0428,C040,48,4
Q005221,S0428,C040,46,4
Q005222,S0428,C040,75,2
Q005223,S0428,C040,56,3
Q005224,S0428,C018,9,4
Q005225,S0428,C018,2,5
Q005226,S0428,C018,16,6
Q005227,S0428,C018,8,6
Q005228,S0429,C031,34,4
Q005229,S0429,C031,27,6
Q005230,S0429,C031,21,4
Q005231,S0429,C031,33,4
Q005232,S0429,C014,71,2
Q005233,S0429,C014,82,2
Q005234,S0429,C014,84,2
Q005235,S0429,C014,98,1
Q005236,S0429,C038,90,1
Q005237,S0429,C038,85,1
Q005238,S0429,C038,100,1
Q005239,S0429,C038,100,1
Q005240,S0429,C038,100,1
Q005241,S0429,C012,70,3
Q005242,S0429,C012,84,2
Q005243,S0429,C012,80,2
Q005244,S0429,C012,79,2
Q005245,S0429,C003,74,2
Q005246,S0429,C003,67,3
Q005247,S0429,C003,60,3
Q005248,S0429,C003,76,2
Q005249,S0429,C003,73,3
Q005250,S0430,C039,30,5
Q005251,S0430,C039,26,6
Q005252,S0430,C039,40,4
Q005253,S0430,C039,27,6
Q005254,S0430,C028,89,2
Q005255,S0430,C028,89,1
Q005256,S0430,C028,76,1
Q005257,S0430,C028,79,1
Q005258,S0430,C028,68,3
Q005259,S0430,C013,100,1
Q005260,S0430,C013,100,1
Q005261,S0430,C013,98,1
Q005262,S0430,C013,100,1
Q005263,S0430,C013,100,1
Q005264,S0430,C006,95,1
Q005265,S0430,C006,83,2
Q005266,S0430,C006,100,1
Q005267,S0430,C006,97,1
Q005268,S0430,C006,100,1
Q005269,S0430,C026,14,6
Q005270,S0430,C026,17,6
Q005271,S0431,C027,37,5
Q005272,S0431,C027,35,6
Q005273,S0431,C027,25,6
Q005274,S0431,C033,88,2
Q005275,S0431,C033,84,2
Q005276,S0431,C032,78,1
Q005277,S0431,C032,100,1
Q005278,S0431,C032,93,1
Q005279,S0431,C032,78,2
Q005280,S0431,C034,74,2
Q005281,S0431,C034,69,2
Q005282,S0432,C025,94,1
Q005283,S0432,C025,95,1
Q005284,S0432,C025,100,1
Q005285,S0432,C034,64,2
Q005286,S0432,C034,70,3
Q005287,S0432,C034,53,3
Q005288,S0432,C034,60,2
Q005289,S0432,C034,68,3
Q005290,S0432,C024,100,1
Q005291,S0432,C024,100,1
Q005292,S0433,C028,10,5
Q005293,S0433,C028,28,5
Q005294,S0433,C028,6,4
Q005295,S0433,C017,61,2
Q005296,S0433,C017,56,3
Q005297,S0433,C017,58,4
Q005298,S0433,C017,54,4
Q005299,S0433,C025,32,6
Q005300,S0433,C025,18,4
Q005301,S0433,C025,48,3
Q005302,S0433,C025,30,5
Q005303,S0433,C002,100,1
Q005304,S0433,C002,96,1
Q005305,S0433,C002,100,1
Q005306,S0433,C002,93,1
Q005307,S0434,C020,37,4
Q005308,S0434,C020,19,5
Q005309,S0434,C001,76,1
Q005310,S0434,C001,82,1
Q005311,S0434,C027,22,5
Q005312,S0434,C027,11,5
Q005313,S0434,C027,18,4
Q005314,S0434,C027,25,6
Q005315,S0434,C012,51,4
Q005316,S0434,C012,41,4
Q005317,S0434,C012,58,3
Q005318,S0434,C004,83,2
Q005319,S0434,C004,81,1
Q005320,S0434,C004,92,1
Q005321,S0434,C004,74,2
Q005322,S0435,C028,85,2
Q005323,S0435,C028,82,2
Q005324,S0435,C028,90,1
Q005325,S0435,C028,79,1
Q005326,S0435,C028,99,1
Q005327,S0435,C019,23,5
Q005328,S0435,C019,18,4
Q005329,S0436,C012,92,1
Q005330,S0436,C012,83,2
Q005331,S0436,C012,78,2
Q005332,S0436,C011,100,1
Q005333,S0436,C011,100,1
Q005334,S0436,C011,100,1
Q005335,S0436,C011,100,1
Q005336,S0436,C002,66,2
Q005337,S0436,C002,87,1
Q005338,S0436,C002,92,1
Q005339,S0436,C009,66,2
Q005340,S0436,C009,51,4
Q005341,S0436,C009,64,2
Q005342,S0436,C009,72,2
Q005343,S0437,C023,36,5
Q005344,S0437,C023,42,3
Q005345,S0437,C023,46,4
Q005346,S0437,C023,50,3
Q005347,S0437,C023,40,3
Q005348,S0437,C020,46,3
Q005349,S0437,C020,41,4
Q005350,S0437,C020,45,4
Q005351,S0437,C020,68,2
Q005352,S0437,C020,39,5
Q005353,S0437,C001,40,4
Q005354,S0437,C001,51,4
Q005355,S0437,C005,17,6
Q005356,S0437,C005,4,4
Q005357,S0437,C005,2,6
Q005358,S0437,C005,13,6
Q005359,S0438,C039,47,3
Q005360,S0438,C039,59,3
Q005361,S0438,C016,48,4
Q005362,S0438,C016,67,3
Q005363,S0438,C029,91,1
Q005364,S0438,C029,83,2
Q005365,S0438,C029,88,2
Q005366,S0438,C029,83,1
Q005367,S0438,C001,48,3
Q005368,S0438,C001,53,4
Q005369,S0438,C001,54,3
Q005370,S0438,C001,58,3
Q005371,S0439,C023,70,2
Q005372,S0439,C023,54,4
Q005373,S0439,C023,47,3
Q005374,S0439,C015,61,2
Q005375,S0439,C015,35,4
Q005376,S0439,C015,41,3
Q005377,S0439,C022,67,3
Q005378,S0439,C022,66,2
Q005379,S0439,C022,83,1
Q005380,S0439,C022,58,3
Q005381,S0439,C022,65,2
Q005382,S0439,C003,13,5
Q005383,S0439,C003,10,5
Q005384,S0439,C003,18,4
Q005385,S0439,C003,29,6
Q005386,S0440,C021,62,3
Q005387,S0440,C021,42,3
Q005388,S0440,C028,23,5
Q005389,S0440,C028,13,5
Q005390,S0440,C028,18,4
Q005391,S0440,C028,40,3
Q005392,S0440,C030,89,1
Q005393,S0440,C030,85,1
Q005394,S0440,C030,70,2
Q005395,S0440,C030,76,1
Q005396,S0440,C030,90,1
Q005397,S0440,C001,11,5
Q005398,S0440,C001,0,6
Q005399,S0441,C023,62,2
Q005400,S0441,C023,51,3
Q005401,S0441,C023,69,2
Q005402,S0441,C014,15,6
Q005403,S0441,C014,23,4
Q005404,S0441,C014,5,4
Q005405,S0441,C008,81,1
Q005406,S0441,C008,100,1
Q005407,S0441,C008,81,2
Q005408,S0441,C008,100,1
Q005409,S0442,C030,86,1
Q005410,S0442,C030,82,2
Q005411,S0442,C027,32,4
Q005412,S0442,C027,37,4
Q005413,S0442,C027,29,5
Q005414,S0442,C027,33,4
Q005415,S0442,C027,17,5
Q005416,S0442,C028,65,2
Q005417,S0442,C028,52,3
Q005418,S0442,C028,49,3
Q005419,S0442,C028,65,3
Q005420,S0442,C034,83,1
Q005421,S0442,C034,75,2
Q005422,S0442,C021,11,5
Q005423,S0442,C021,25,6
Q005424,S0442,C021,32,4
Q005425,S0442,C021,26,6
Q005426,S0442,C021,29,4
Q005427,S0443,C020,0,5
Q005428,S0443,C020,0,5
Q005429,S0443,C020,10,4
Q005430,S0443,C011,99,1
Q005431,S0443,C011,94,1
Q005432,S0443,C011,78,1
Q005433,S0443,C011,100,1
Q005434,S0443,C011,88,2
Q005435,S0443,C029,70,2
Q005436,S0443,C029,71,3
Q005437,S0443,C008,26,4
Q005438,S0443,C008,22,5
Q005439,S0444,C023,62,3
Q005440,S0444,C023,77,1
Q005441,S0444,C023,82,2
Q005442,S0444,C023,90,1
Q005443,S0444,C038,43,4
Q005444,S0444,C038,47,4
Q005445,S0444,C038,28,4
Q005446,S0444,C007,52,3
Q005447,S0444,C007,52,3
Q005448,S0444,C007,64,3
Q005449,S0444,C007,50,3
Q005450,S0444,C034,63,3
Q005451,S0444,C034,92,1
Q005452,S0444,C034,66,3
Q005453,S0445,C002,64,2
Q005454,S0445,C002,73,3
Q005455,S0445,C002,67,2
Q005456,S0445,C002,73,3
Q005457,S0445,C002,88,1
Q005458,S0445,C023,100,1
Q005459,S0445,C023,99,1
Q005460,S0445,C023,100,1
Q005461,S0445,C017,70,2
Q005462,S0445,C017,51,3
Q005463,S0445,C017,52,3
Q005464,S0445,C017,46,3
Q005465,S0445,C038,36,4
Q005466,S0445,C038,12,5
Q005467,S0445,C026,49,3
Q005468,S0445,C026,55,4
Q005469,S0446,C031,10,5
Q005470,S0446,C031,16,6
Q005471,S0446,C031,14,6
Q005472,S0446,C031,14,6
Q005473,S0446,C015,30,4
Q005474,S0446,C015,31,5
Q005475,S0446,C015,27,5
Q005476,S0446,C015,45,4
Q005477,S0446,C001,70,3
Q005478,S0446,C001,54,3
Q005479,S0447,C005,26,6
Q005480,S0447,C005,5,6
Q005481,S0447,C005,18,6
Q005482,S0447,C023,89,1
Q005483,S0447,C023,97,1
Q005484,S0447,C023,99,1
Q005485,S0447,C030,18,4
Q005486,S0447,C030,18,4
Q005487,S0447,C030,28,6
Q005488,S0447,C030,26,4
Q005489,S0447,C013,82,1
Q005490,S0447,C013,80,2
Q005491,S0447,C013,84,1
Q005492,S0447,C013,100,1
Q005493,S0447,C013,80,1
Q005494,S0448,C024,85,1
Q005495,S0448,C024,68,2
Q005496,S0448,C024,62,2
Q005497,S0448,C024,66,2
Q005498,S0448,C026,0,6
Q005499,S0448,C026,0,4
Q005500,S0448,C026,1,6
Q005501,S0448,C026,17,6
Q005502,S0448,C026,0,5
Q005503,S0448,C023,0,5
Q005504,S0448,C023,14,4
Q005505,S0448,C023,16,5
Q005506,S0448,C023,0,6
Q005507,S0448,C023,5,5
Q005508,S0448,C002,64,2
Q005509,S0448,C002,42,3
Q005510,S0448,C002,64,2
Q005511,S0449,C039,45,3
Q005512,S0449,C039,32,4
Q005513,S0449,C039,40,4
Q005514,S0449,C039,43,4
Q005515,S0449,C039,43,4
Q005516,S0449,C011,100,1
Q005517,S0449,C011,89,2
Q005518,S0449,C031,93,1
Q005519,S0449,C031,100,1
Q005520,S0449,C025,28,4
Q005521,S0449,C025,2,6
Q005522,S0450,C037,64,2
Q005523,S0450,C037,67,3
Q005524,S0450,C037,60,3
Q005525,S0450,C037,73,2
Q005526,S0450,C037,61,2
Q005527,S0450,C008,43,3
Q005528,S0450,C008,51,4
Q005529,S0450,C008,37,6
Q005530,S0450,C008,36,4
Q005531,S0450,C024,88,1
Q005532,S0450,C024,72,3
Q005533,S0450,C024,70,2
Q005534,S0450,C024,95,1
Q005535,S0450,C031,94,1
Q005536,S0450,C031,100,1
Q005537,S0450,C031,89,1
Q005538,S0451,C016,51,4
Q005539,S0451,C016,54,4
Q005540,S0451,C016,53,3
Q005541,S0451,C016,53,3
Q005542,S0451,C013,31,5
Q005543,S0451,C013,9,5
Q005544,S0451,C013,15,5
Q005545,S0451,C013,32,6
Q005546,S0451,C013,31,6
Q005547,S0451,C003,47,3
Q005548,S0451,C003,50,3
Q005549,S0451,C003,46,4
Q005550,S0451,C015,14,5
Q005551,S0451,C015,20,5
Q005552,S0451,C015,31,6
Q005553,S0451,C015,30,4
Q005554,S0451,C015,29,5
Q005555,S0452,C040,46,4
Q005556,S0452,C040,38,4
Q005557,S0452,C040,38,5
Q005558,S0452,C040,39,4
Q005559,S0452,C040,53,4
Q005560,S0452,C009,2,4
Q005561,S0452,C009,0,4
Q005562,S0452,C009,3,5
Q005563,S0452,C033,0,4
Q005564,S0452,C033,11,6
Q005565,S0452,C033,0,4
Q005566,S0452,C033,9,5
Q005567,S0453,C010,92,1
Q005568,S0453,C010,86,1
Q005569,S0453,C032,57,4
Q005570,S0453,C032,85,1
Q005571,S0453,C037,3,6
Q005572,S0453,C037,4,5
Q005573,S0453,C037,11,6
Q005574,S0453,C037,7,4
Q005575,S0453,C037,4,5
Q005576,S0453,C033,94,1
Q005577,S0453,C033,69,3
Q005578,S0453,C033,73,2
Q005579,S0453,C033,75,1
Q005580,S0454,C028,87,1
Q005581,S0454,C028,82,2
Q005582,S0454,C022,61,3
Q005583,S0454,C022,47,4
Q005584,S0454,C022,51,4
Q005585,S0454,C022,57,3
Q005586,S0454,C016,31,4
Q005587,S0454,C016,29,6
Q005588,S0454,C016,19,4
Q005589,S0454,C016,16,4
Q005590,S0454,C034,55,4
Q005591,S0454,C034,63,2
Q005592,S0454,C034,59,3
Q005593,S0454,C034,66,3
Q005594,S0454,C034,50,3
Q005595,S0454,C021,27,6
Q005596,S0454,C021,42,3
Q005597,S0455,C008,41,3
Q005598,S0455,C008,41,4
Q005599,S0455,C008,39,6
Q005600,S0455,C008,34,6
Q005601,S0455,C005,83,2
Q005602,S0455,C005,70,3
Q005603,S0455,C005,86,1
Q005604,S0455,C005,87,2
Q005605,S0455,C005,85,1
Q005606,S0455,C012,14,4
Q005607,S0455,C012,0,6
Q005608,S0455,C012,0,6
Q005609,S0455,C012,9,6
Q005610,S0455,C012,0,6
Q005611,S0455,C039,34,5
Q005612,S0455,C039,59,3
Q005613,S0456,C023,56,4
Q005614,S0456,C023,44,3
Q005615,S0456,C023,62,2
Q005616,S0456,C023,54,3
Q005617,S0456,C004,29,5
Q005618,S0456,C004,28,4
Q005619,S0456,C004,13,6
Q005620,S0456,C004,4,6
Q005621,S0456,C008,37,6
Q005622,S0456,C008,40,4
Q005623,S0456,C008,45,4
Q005624,S0456,C008,43,4
Q005625,S0456,C008,36,4
Q005626,S0456,C009,17,6
Q005627,S0456,C009,17,4
Q005628,S0456,C009,0,5
Q005629,S0457,C016,32,6
Q005630,S0457,C016,30,6
Q005631,S0457,C016,34,4
Q005632,S0457,C025,43,4
Q005633,S0457,C025,32,5
Q005634,S0457,C025,32,6
Q005635,S0457,C025,34,4
Q005636,S0458,C031,46,4
Q005637,S0458,C031,23,6
Q005638,S0458,C035,60,3
Q005639,S0458,C035,54,4
Q005640,S0458,C035,67,2
Q005641,S0458,C035,54,4
Q005642,S0458,C038,95,1
Q005643,S0458,C038,94,1
Q005644,S0458,C038,73,2
Q005645,S0458,C038,88,2
Q005646,S0458,C014,59,3
Q005647,S0458,C014,60,3
Q005648,S0459,C015,100,1
Q005649,S0459,C015,100,1
Q005650,S0459,C015,100,1
Q005651,S0459,C015,100,1
Q005652,S0459,C013,84,2
Q005653,S0459,C013,81,2
Q005654,S0459,C013,100,1
Q005655,S0459,C003,82,1
Q005656,S0459,C003,88,1
Q005657,S0459,C003,95,1
Q005658,S0459,C003,100,1
Q005659,S0459,C003,78,1
Q005660,S0460,C020,45,3
Q005661,S0460,C020,33,6
Q005662,S0460,C037,50,3
Q005663,S0460,C037,66,2
Q005664,S0460,C037,42,4
Q005665,S0460,C037,55,4
Q005666,S0460,C009,39,5
Q005667,S0460,C009,41,3
Q005668,S0460,C009,37,5
Q005669,S0460,C024,23,6
Q005670,S0460,C024,0,4
Q005671,S0461,C032,13,6
Q005672,S0461,C032,41,4
Q005673,S0461,C032,19,6
Q005674,S0461,C010,100,1
Q005675,S0461,C010,100,1
Q005676,S0461,C010,100,1
Q005677,S0461,C010,88,2
Q005678,S0461,C010,100,1
Q005679,S0461,C021,93,1
Q005680,S0461,C021,78,1
Q005681,S0461,C021,91,1
Q005682,S0462,C029,23,4
Q005683,S0462,C029,26,5
Q005684,S0462,C029,17,4
Q005685,S0462,C029,18,5
Q005686,S0462,C009,30,4
Q005687,S0462,C009,41,4
Q005688,S0462,C009,44,4
Q005689,S0462,C004,45,4
Q005690,S0462,C004,50,3
Q005691,S0462,C004,37,5
Q005692,S0462,C020,74,2
Q005693,S0462,C020,66,2
Q005694,S0462,C020,57,4
Q005695,S0462,C020,77,1
Q005696,S0462,C020,55,4
Q005697,S0463,C031,28,4
Q005698,S0463,C031,5,5
Q005699,S0463,C031,26,6
Q005700,S0463,C004,40,4
Q005701,S0463,C004,54,3
Q005702,S0463,C004,38,6
Q005703,S0463,C032,61,3
Q005704,S0463,C032,62,2
Q005705,S0463,C032,74,2
Q005706,S0463,C032,49,4
Q005707,S0463,C032,53,4
Q005708,S0464,C027,25,4
Q005709,S0464,C027,0,6
Q005710,S0464,C024,80,2
Q005711,S0464,C024,65,3
Q005712,S0464,C024,74,3
Q005713,S0464,C024,77,2
Q005714,S0464,C024,61,3
Q005715,S0464,C036,92,1
Q005716,S0464,C036,99,1
Q005717,S0464,C036,93,1
Q005718,S0464,C036,95,1
Q005719,S0464,C036,96,1
Q005720,S0465,C013,29,4
Q005721,S0465,C013,22,4
Q005722,S0465,C022,47,3
Q005723,S0465,C022,38,6
Q005724,S0465,C022,61,3
Q005725,S0465,C022,57,3
Q005726,S0465,C022,58,4
Q005727,S0465,C014,73,2
Q005728,S0465,C014,84,1
Q005729,S0465,C014,85,2
Q005730,S0465,C014,77,2
Q005731,S0465,C027,10,6
Q005732,S0465,C027,40,3
Q005733,S0465,C027,36,6
Q005734,S0465,C027,22,5
Q005735,S0465,C004,40,4
Q005736,S0465,C004,28,4
Q005737,S0466,C029,87,2
Q005738,S0466,C029,90,1
Q005739,S0466,C029,87,2
Q005740,S0466,C029,87,2
Q005741,S0466,C029,72,3
Q005742,S0466,C013,55,4
Q005743,S0466,C013,61,2
Q005744,S0466,C013,60,3
Q005745,S0466,C020,7,4
Q005746,S0466,C020,0,6
Q005747,S0466,C024,0,5
Q005748,S0466,C024,0,6
Q005749,S0466,C024,9,5
Q005750,S0466,C024,0,5
Q005751,S0466,C024,0,4
Q005752,S0467,C028,80,2
Q005753,S0467,C028,73,3
Q005754,S0467,C028,72,2
Q005755,S0467,C028,97,1
Q005756,S0467,C015,36,6
Q005757,S0467,C015,27,6
Q005758,S0467,C015,23,4
Q005759,S0467,C015,29,5
Q005760,S0467,C022,15,6
Q005761,S0467,C022,14,5
Q005762,S0467,C022,17,6
Q005763,S0467,C022,2,5
Q005764,S0467,C022,25,4
Q005765,S0468,C027,63,3
Q005766,S0468,C027,46,3
Q005767,S0468,C027,56,4
Q005768,S0468,C008,86,2
Q005769,S0468,C008,92,1
Q005770,S0468,C008,100,1
Q005771,S0468,C008,96,1
Q005772,S0468,C008,91,1
Q005773,S0469,C040,100,1
Q005774,S0469,C040,100,1
Q005775,S0469,C040,100,1
Q005776,S0469,C008,26,4
Q005777,S0469,C008,15,5
Q005778,S0469,C008,23,6
Q005779,S0469,C008,17,4
Q005780,S0470,C013,52,3
Q005781,S0470,C013,53,4
Q005782,S0470,C013,57,4
Q005783,S0470,C014,57,3
Q005784,S0470,C014,63,3
Q005785,S0470,C038,22,4
Q005786,S0470,C038,28,4
Q005787,S0470,C038,15,6
Q005788,S0470,C003,53,4
Q005789,S0470,C003,57,4
Q005790,S0470,C003,35,6
Q005791,S0471,C009,92,1
Q005792,S0471,C009,64,2
Q005793,S0471,C037,21,4
Q005794,S0471,C037,44,4
Q005795,S0471,C037,33,5
Q005796,S0471,C037,46,3
Q005797,S0471,C037,31,4
Q005798,S0471,C018,100,1
Q005799,S0471,C018,87,1
Q005800,S0471,C018,100,1
Q005801,S0471,C018,94,1
Q005802,S0471,C018,95,1
Q005803,S0471,C039,83,2
Q005804,S0471,C039,72,2
Q005805,S0471,C006,58,4
Q005806,S0471,C006,37,6
Q005807,S0471,C006,38,4
Q005808,S0471,C006,53,3
Q005809,S0472,C005,56,4
Q005810,S0472,C005,45,4
Q005811,S0472,C005,60,2
Q005812,S0472,C005,32,4
Q005813,S0472,C008,56,3
Q005814,S0472,C008,44,4
Q005815,S0473,C008,85,1
Q005816,S0473,C008,69,2
Q005817,S0473,C008,63,2
Q005818,S0473,C008,89,2
Q005819,S0473,C030,57,4
Q005820,S0473,C030,61,2
Q005821,S0473,C017,78,1
Q005822,S0473,C017,91,1
Q005823,S0473,C017,86,2
Q005824,S0473,C028,2,6
Q005825,S0473,C028,14,4
Q005826,S0473,C028,0,6
Q005827,S0473,C028,0,4
Q005828,S0473,C025,13,5
Q005829,S0473,C025,16,4
Q005830,S0474,C021,100,1
Q005831,S0474,C021,86,1
Q005832,S0474,C021,100,1
Q005833,S0474,C021,81,1
Q005834,S0474,C011,69,2
Q005835,S0474,C011,67,2
Q005836,S0474,C011,58,4
Q005837,S0474,C011,66,3
Q005838,S0474,C011,73,2
Q005839,S0475,C007,39,4
Q005840,S0475,C007,34,6
Q005841,S0475,C007,33,6
Q005842,S0475,C030,0,5
Q005843,S0475,C030,0,4
Q005844,S0475,C030,0,5
Q005845,S0475,C023,62,2
Q005846,S0475,C023,44,4
Q005847,S0475,C023,44,4
Q005848,S0475,C023,62,3
Q005849,S0475,C001,62,3
Q005850,S0475,C001,58,4
Q005851,S0475,C001,57,3
Q005852,S0475,C001,66,2
Q005853,S0475,C001,69,2
Q005854,S0475,C018,100,1
Q005855,S0475,C018,90,1
Q005856,S0475,C018,100,1
Q005857,S0476,C020,72,2
Q005858,S0476,C020,71,3
Q005859,S0476,C020,54,3
Q005860,S0476,C020,49,3
Q005861,S0476,C020,63,3
Q005862,S0476,C039,69,3
Q005863,S0476,C039,74,2
Q005864,S0476,C039,76,2
Q005865,S0476,C039,95,1
Q005866,S0476,C019,48,4
Q005867,S0476,C019,46,3
Q005868,S0476,C019,46,3
Q005869,S0476,C019,70,3
Q005870,S0476,C019,64,3
Q005871,S0476,C029,20,5
Q005872,S0476,C029,28,4
Q005873,S0476,C029,49,4
Q005874,S0477,C025,32,4
Q005875,S0477,C025,47,3
Q005876,S0477,C025,51,4
Q005877,S0477,C025,28,4
Q005878,S0477,C006,68,2
Q005879,S0477,C006,68,3
Q005880,S0477,C006,62,3
Q005881,S0477,C007,75,2
Q005882,S0477,C007,100,1
Q005883,S0478,C005,32,5
Q005884,S0478,C005,35,6
Q005885,S0478,C005,43,4
Q005886,S0478,C005,33,5
Q005887,S0478,C005,31,5
Q005888,S0478,C015,38,4
Q005889,S0478,C015,41,3
Q005890,S0479,C031,8,5
Q005891,S0479,C031,11,5
Q005892,S0479,C031,17,5
Q005893,S0479,C020,1,4
Q005894,S0479,C020,30,6
Q005895,S0479,C020,1,4
Q005896,S0479,C020,25,6
Q005897,S0479,C020,6,6
Q005898,S0480,C009,80,2
Q005899,S0480,C009,94,1
Q005900,S0480,C009,98,1
Q005901,S0480,C009,97,1
Q005902,S0480,C009,90,1
Q005903,S0480,C008,61,2
Q005904,S0480,C008,63,2
Q005905,S0480,C008,40,3
Q005906,S0480,C001,7,5
Q005907,S0480,C001,8,6
Q005908,S0480,C034,73,3
Q005909,S0480,C034,70,3
Q005910,S0480,C034,68,3
Q005911,S0480,C034,72,2
Q005912,S0480,C034,77,2
Q005913,S0480,C032,86,2
Q005914,S0480,C032,100,1
Q005915,S0480,C032,100,1
Q005916,S0480,C032,100,1
Q005917,S0480,C032,100,1
Q005918,S0481,C035,30,6
Q005919,S0481,C035,23,6
Q005920,S0481,C035,37,4
Q005921,S0481,C035,36,6
Q005922,S0481,C035,38,6
Q005923,S0481,C040,85,2
Q005924,S0481,C040,95,1
Q005925,S0481,C040,79,2
Q005926,S0481,C040,89,1
Q005927,S0481,C040,84,2
Q005928,S0482,C009,40,4
Q005929,S0482,C009,60,2
Q005930,S0482,C009,61,2
Q005931,S0482,C009,47,3
Q005932,S0482,C009,42,3
Q005933,S0482,C022,16,5
Q005934,S0482,C022,19,6
Q005935,S0482,C022,26,4
Q005936,S0482,C022,10,4
Q005937,S0482,C004,64,3
Q005938,S0482,C004,74,2
Q005939,S0482,C006,31,5
Q005940,S0482,C006,50,4
Q005941,S0482,C006,44,3
Q005942,S0482,C006,45,3
Q005943,S0482,C006,24,4
Q005944,S0482,C021,100,1
Q005945,S0482,C021,100,1
Q005946,S0482,C021,83,2
Q005947,S0483,C024,51,3
Q005948,S0483,C024,37,6
Q005949,S0483,C024,54,3
Q005950,S0483,C024,51,3
Q005951,S0483,C024,37,5
Q005952,S0483,C033,71,3
Q005953,S0483,C033,69,3
Q005954,S0483,C033,70,3
Q005955,S0483,C033,85,1
Q005956,S0483,C033,72,3
Q005957,S0483,C010,64,2
Q005958,S0483,C010,65,2
Q005959,S0483,C010,54,4
Q005960,S0484,C039,35,6
Q005961,S0484,C039,34,4
Q005962,S0484,C036,60,2
Q005963,S0484,C036,63,3
Q005964,S0484,C005,75,2
Q005965,S0484,C005,76,2
Q005966,S0484,C005,81,1
Q005967,S0484,C005,86,2
Q005968,S0484,C033,29,6
Q005969,S0484,C033,27,5
Q005970,S0484,C033,34,6
Q005971,S0484,C033,27,6
Q005972,S0484,C007,0,4
Q005973,S0484,C007,10,6
Q005974,S0484,C007,22,6
Q005975,S0484,C007,22,6
Q005976,S0485,C003,65,2
Q005977,S0485,C003,83,1
Q005978,S0485,C003,63,3
Q005979,S0485,C003,60,3
Q005980,S0485,C003,73,2
Q005981,S0485,C020,36,6
Q005982,S0485,C020,30,5
Q005983,S0485,C029,46,4
Q005984,S0485,C029,73,3
Q005985,S0485,C029,60,2
Q005986,S0485,C029,56,4
Q005987,S0485,C022,0,4
Q005988,S0485,C022,21,6
Q005989,S0485,C024,22,6
Q005990,S0485,C024,1,4
Q005991,S0485,C024,1,5
Q005992,S0485,C024,0,5
Q005993,S0485,C024,0,6
Q005994,S0486,C004,45,3
Q005995,S0486,C004,38,4
Q005996,S0486,C009,31,6
Q005997,S0486,C009,12,6
Q005998,S0486,C009,24,6
Q005999,S0486,C009,18,5
Q006000,S0486,C027,56,3
Q006001,S0486,C027,84,1
Q006002,S0486,C037,71,2
Q006003,S0486,C037,84,2
Q006004,S0486,C007,93,1
Q006005,S0486,C007,94,1
Q006006,S0486,C007,93,1
Q006007,S0486,C007,71,2
Q006008,S0486,C007,67,2
Q006009,S0487,C022,4,6
Q006010,S0487,C022,19,5
Q006011,S0487,C022,15,5
Q006012,S0487,C022,19,4
Q006013,S0487,C024,32,4
Q006014,S0487,C024,31,6
Q006015,S0487,C024,31,4
Q006016,S0487,C018,54,3
Q006017,S0487,C018,39,5
Q006018,S0487,C017,41,3
Q006019,S0487,C017,32,4
Q006020,S0487,C019,89,2
Q006021,S0487,C019,85,1
Q006022,S0488,C028,34,4
Q006023,S0488,C028,41,3
Q006024,S0488,C027,37,4
Q006025,S0488,C027,17,4
Q006026,S0489,C025,66,3
Q006027,S0489,C025,53,4
Q006028,S0489,C025,60,2
Q006029,S0489,C025,49,3
Q006030,S0489,C009,0,5
Q006031,S0489,C009,10,5
Q006032,S0489,C007,26,4
Q006033,S0489,C007,19,6
Q006034,S0490,C015,45,3
Q006035,S0490,C015,41,3
Q006036,S0490,C015,38,5
Q006037,S0490,C015,48,4
Q006038,S0490,C023,67,3
Q006039,S0490,C023,45,4
Q006040,S0490,C023,58,3
Q006041,S0490,C023,43,4
Q006042,S0490,C036,77,1
Q006043,S0490,C036,57,4
Q006044,S0490,C036,78,2
Q006045,S0491,C040,26,5
Q006046,S0491,C040,39,4
Q006047,S0491,C007,59,3
Q006048,S0491,C007,63,3
Q006049,S0491,C007,46,4
Q006050,S0491,C007,54,4
Q006051,S0491,C007,53,4
Q006052,S0492,C022,45,4
Q006053,S0492,C022,31,6
Q006054,S0492,C022,29,6
Q006055,S0492,C037,86,2
Q006056,S0492,C037,73,3
Q006057,S0492,C037,80,1
Q006058,S0492,C037,81,1
Q006059,S0492,C031,17,4
Q006060,S0492,C031,30,4
Q006061,S0492,C031,18,6
Q006062,S0492,C031,45,3
Q006063,S0492,C031,27,4
Q006064,S0492,C011,100,1
Q006065,S0492,C011,100,1
Q006066,S0492,C011,100,1
Q006067,S0492,C016,0,6
Q006068,S0492,C016,0,4
Q006069,S0492,C016,0,5
Q006070,S0492,C016,0,5
Q006071,S0493,C022,48,3
Q006072,S0493,C022,27,5
Q006073,S0493,C022,36,4
Q006074,S0493,C011,91,1
Q006075,S0493,C011,98,1
Q006076,S0493,C014,71,3
Q006077,S0493,C014,57,3
Q006078,S0493,C014,64,3
Q006079,S0493,C014,60,3
Q006080,S0493,C032,20,4
Q006081,S0493,C032,25,6
Q006082,S0493,C032,13,5
Q006083,S0493,C032,19,5
Q006084,S0493,C032,24,4
Q006085,S0493,C006,56,4
Q006086,S0493,C006,66,3
Q006087,S0494,C002,100,1
Q006088,S0494,C002,100,1
Q006089,S0494,C002,93,1
Q006090,S0494,C035,30,5
Q006091,S0494,C035,37,6
Q006092,S0494,C035,40,4
Q006093,S0494,C035,51,3
Q006094,S0494,C039,2,6
Q006095,S0494,C039,11,4
Q006096,S0494,C039,12,5
Q006097,S0494,C039,19,4
Q006098,S0494,C039,0,5
Q006099,S0494,C026,41,3
Q006100,S0494,C026,48,4
Q006101,S0494,C026,42,4
Q006102,S0494,C026,54,4
Q006103,S0494,C026,49,4
Q006104,S0495,C025,5,6
Q006105,S0495,C025,0,4
Q006106,S0495,C002,73,2
Q006107,S0495,C002,63,2
Q006108,S0495,C022,90,1
Q006109,S0495,C022,67,2
Q006110,S0495,C022,69,3
Q006111,S0495,C022,90,1
Q006112,S0495,C008,100,1
Q006113,S0495,C008,99,1
Q006114,S0495,C037,100,1
Q006115,S0495,C037,89,1
Q006116,S0495,C037,89,1
Q006117,S0495,C037,98,1
Q006118,S0496,C030,58,4
Q006119,S0496,C030,63,2
Q006120,S0496,C030,61,3
Q006121,S0496,C030,49,3
Q006122,S0496,C008,45,4
Q006123,S0496,C008,31,4
Q006124,S0496,C008,35,4
Q006125,S0496,C011,13,6
Q006126,S0496,C011,9,5
Q006127,S0496,C011,28,4
Q006128,S0496,C011,26,6
Q006129,S0497,C032,100,1
Q006130,S0497,C032,99,1
Q006131,S0497,C032,90,1
Q006132,S0497,C022,69,3
Q006133,S0497,C022,52,4
Q006134,S0497,C022,68,3
Q006135,S0497,C031,30,6
Q006136,S0497,C031,24,4
Q006137,S0497,C030,35,6
Q006138,S0497,C030,53,4
Q006139,S0497,C030,44,4
Q006140,S0497,C030,27,6
Q006141,S0497,C030,51,4
Q006142,S0497,C014,58,3
Q006143,S0497,C014,40,3
Q006144,S0497,C014,56,3
Q006145,S0497,C014,36,5
Q006146,S0497,C014,55,4
Q006147,S0498,C011,64,3
Q006148,S0498,C011,74,2
Q006149,S0498,C011,58,4
Q006150,S0498,C011,57,3
Q006151,S0498,C011,54,3
Q006152,S0498,C032,79,2
Q006153,S0498,C032,80,1
Q006154,S0498,C024,95,1
Q006155,S0498,C024,81,1
Q006156,S0498,C024,80,1
Q006157,S0498,C024,79,2
Q006158,S0498,C024,85,1
Q006159,S0498,C002,60,3
Q006160,S0498,C002,59,3
Q006161,S0498,C002,46,4
Q006162,S0498,C033,64,2
Q006163,S0498,C033,68,2
Q006164,S0498,C033,84,2
Q006165,S0498,C033,80,2
Q006166,S0498,C033,74,2
Q006167,S0499,C034,100,1
Q006168,S0499,C034,93,1
Q006169,S0499,C034,100,1
Q006170,S0499,C014,13,6
Q006171,S0499,C014,0,6
Q006172,S0499,C014,30,6
Q006173,S0499,C014,10,5
Q006174,S0499,C018,21,5
Q006175,S0499,C018,28,6
Q006176,S0499,C018,10,6
Q006177,S0499,C039,12,6
Q006178,S0499,C039,28,5
Q006179,S0499,C039,12,5
Q006180,S0499,C039,19,6
Q006181,S0499,C035,2,5
Q006182,S0499,C035,31,6
Q006183,S0499,C035,23,4
Q006184,S0500,C013,91,1
Q006185,S0500,C013,71,3
Q006186,S0500,C019,75,2
Q006187,S0500,C019,80,2
Q006188,S0500,C019,61,3
Q006189,S0500,C019,63,3
Q006190,S0500,C007,26,4
Q006191,S0500,C007,27,4
Q006192,S0500,C007,50,3
Q006193,S0500,C007,37,5
Q006194,S0501,C038,75,1
Q006195,S0501,C038,73,3
Q006196,S0501,C038,77,2
Q006197,S0501,C038,61,3
Q006198,S0501,C027,86,1
Q006199,S0501,C027,74,2
Q006200,S0501,C033,78,2
Q006201,S0501,C033,82,1
Q006202,S0501,C033,100,1
Q006203,S0501,C019,0,6
Q006204,S0501,C019,21,5
Q006205,S0501,C019,0,4
Q006206,S0502,C025,36,4
Q006207,S0502,C025,20,4
Q006208,S0502,C016,52,3
Q006209,S0502,C016,40,3
Q006210,S0502,C016,53,4
Q006211,S0502,C016,52,3
Q006212,S0502,C011,35,5
Q006213,S0502,C011,40,3
Q006214,S0502,C011,13,5
Q006215,S0502,C011,17,6
Q006216,S0502,C011,33,4
Q006217,S0503,C028,74,2
Q006218,S0503,C028,68,3
Q006219,S0503,C028,78,1
Q006220,S0503,C028,60,2
Q006221,S0503,C028,83,2
Q006222,S0503,C022,33,4
Q006223,S0503,C022,19,4
Q006224,S0503,C001,44,4
Q006225,S0503,C001,54,4
Q006226,S0503,C001,59,4
Q006227,S0503,C001,37,6
Q006228,S0504,C021,6,4
Q006229,S0504,C021,7,5
Q006230,S0504,C021,36,6
Q006231,S0504,C021,24,6
Q006232,S0504,C032,92,1
Q006233,S0504,C032,100,1
Q006234,S0504,C032,90,1
Q006235,S0504,C032,100,1
Q006236,S0504,C014,80,1
Q006237,S0504,C014,69,2
Q006238,S0504,C014,73,2
Q006239,S0504,C014,86,2
Q006240,S0504,C014,72,3
Q006241,S0504,C020,60,3
Q006242,S0504,C020,76,1
Q006243,S0504,C020,79,2
Q006244,S0504,C020,79,1
Q006245,S0505,C039,58,4
Q006246,S0505,C039,44,4
Q006247,S0505,C039,63,3
Q006248,S0505,C039,37,5
Q006249,S0505,C039,33,4
Q006250,S0505,C009,0,6
Q006251,S0505,C009,1,4
Q006252,S0505,C009,0,6
Q006253,S0505,C009,8,6
Q006254,S0505,C009,3,6
Q006255,S0506,C015,100,1
Q006256,S0506,C015,100,1
Q006257,S0506,C003,55,4
Q006258,S0506,C003,42,3
Q006259,S0506,C003,47,4
Q006260,S0507,C032,50,4
Q006261,S0507,C032,52,4
Q006262,S0507,C032,51,3
Q006263,S0507,C011,92,1
Q006264,S0507,C011,87,1
Q006265,S0507,C011,100,1
Q006266,S0507,C011,84,1
Q006267,S0507,C011,81,1
Q006268,S0507,C003,68,2
Q006269,S0507,C003,96,1
Q006270,S0507,C003,81,2
Q006271,S0507,C003,95,1
Q006272,S0507,C012,42,3
Q006273,S0507,C012,42,4
Q006274,S0507,C012,49,4
Q006275,S0507,C012,37,5
Q006276,S0507,C012,43,4
Q006277,S0507,C006,33,4
Q006278,S0507,C006,29,4
Q006279,S0507,C006,49,3
Q006280,S0507,C006,42,4
Q006281,S0507,C006,33,4
Q006282,S0508,C023,100,1
Q006283,S0508,C023,84,1
Q006284,S0508,C023,89,2
Q006285,S0508,C023,100,1
Q006286,S0508,C023,82,2
Q006287,S0508,C009,11,5
Q006288,S0508,C009,11,5
Q006289,S0508,C009,28,4
Q006290,S0508,C009,17,6
Q006291,S0509,C021,82,1
Q006292,S0509,C021,71,2
Q006293,S0509,C005,49,3
Q006294,S0509,C005,62,2
Q006295,S0509,C005,64,3
Q006296,S0510,C017,70,2
Q006297,S0510,C017,81,2
Q006298,S0510,C017,58,4
Q006299,S0510,C037,34,6
Q006300,S0510,C037,19,6
Q006301,S0510,C037,28,6
Q006302,S0510,C037,28,6
Q006303,S0511,C025,85,1
Q006304,S0511,C025,99,1
Q006305,S0511,C008,38,6
Q006306,S0511,C008,40,3
Q006307,S0511,C008,37,4
Q006308,S0511,C018,59,3
Q006309,S0511,C018,79,1
Q006310,S0511,C018,89,2
Q006311,S0511,C018,73,2
Q006312,S0511,C011,100,1
Q006313,S0511,C011,72,2
Q006314,S0511,C040,41,3
Q006315,S0511,C040,40,4
Q006316,S0512,C036,62,3
Q006317,S0512,C036,61,3
Q006318,S0512,C036,48,3
Q006319,S0512,C036,45,4
Q006320,S0512,C039,70,2
Q006321,S0512,C039,84,1
Q006322,S0512,C039,55,4
Q006323,S0512,C039,74,2
Q006324,S0512,C039,84,1
Q006325,S0512,C020,59,4
Q006326,S0512,C020,49,4
Q006327,S0513,C020,75,1
Q006328,S0513,C020,76,1
Q006329,S0513,C020,70,3
Q006330,S0513,C020,53,3
Q006331,S0513,C020,73,2
Q006332,S0513,C004,27,6
Q006333,S0513,C004,23,4
Q006334,S0513,C004,27,5
Q006335,S0513,C004,0,5
Q006336,S0513,C025,44,4
Q006337,S0513,C025,44,4
Q006338,S0513,C025,48,3
Q006339,S0513,C002,6,6
Q006340,S0513,C002,17,4
Q006341,S0513,C034,25,4
Q006342,S0513,C034,25,5
Q006343,S0514,C010,30,5
Q006344,S0514,C010,23,4
Q006345,S0514,C010,34,4
Q006346,S0514,C010,15,6
Q006347,S0514,C010,27,5
Q006348,S0514,C038,0,5
Q006349,S0514,C038,10,6
Q006350,S0515,C010,100,1
Q006351,S0515,C010,100,1
Q006352,S0515,C010,98,1
Q006353,S0515,C010,89,1
Q006354,S0515,C010,98,1
Q006355,S0515,C031,93,1
Q006356,S0515,C031,100,1
Q006357,S0515,C031,100,1
Q006358,S0515,C005,6,5
Q006359,S0515,C005,17,5
Q006360,S0515,C016,2,4
Q006361,S0515,C016,0,5
Q006362,S0516,C020,3,4
Q006363,S0516,C020,0,4
Q006364,S0516,C020,0,4
Q006365,S0516,C035,24,6
Q006366,S0516,C035,4,5
Q006367,S0516,C035,29,6
Q006368,S0516,C035,10,4
Q006369,S0516,C019,63,3
Q006370,S0516,C019,52,3
Q006371,S0516,C019,52,4
Q006372,S0516,C019,79,2
Q006373,S0517,C030,96,1
Q006374,S0517,C030,83,2
Q006375,S0517,C030,86,2
Q006376,S0517,C030,91,1
Q006377,S0517,C030,87,2
Q006378,S0517,C006,8,6
Q006379,S0517,C006,27,5
Q006380,S0517,C006,33,4
Q006381,S0517,C006,32,5
Q006382,S0517,C006,16,6
Q006383,S0517,C009,0,6
Q006384,S0517,C009,0,4
Q006385,S0517,C009,0,5
Q006386,S0518,C035,0,4
Q006387,S0518,C035,12,4
Q006388,S0518,C035,10,4
Q006389,S0518,C035,0,6
Q006390,S0518,C035,25,5
Q006391,S0518,C002,97,1
Q006392,S0518,C002,89,2
Q006393,S0518,C004,68,2
Q006394,S0518,C004,68,2
Q006395,S0519,C015,82,2
Q006396,S0519,C015,66,3
Q006397,S0519,C015,72,3
Q006398,S0519,C015,58,3
Q006399,S0519,C016,82,1
Q006400,S0519,C016,58,3
Q006401,S0519,C016,53,3
Q006402,S0519,C027,1,6
Q006403,S0519,C027,8,5
Q006404,S0519,C027,26,4
Q006405,S0519,C027,2,4
Q006406,S0519,C027,20,5
Q006407,S0520,C006,43,3
Q006408,S0520,C006,35,5
Q006409,S0520,C022,62,2
Q006410,S0520,C022,54,3
Q006411,S0520,C022,63,2
Q006412,S0520,C022,68,2
Q006413,S0520,C011,15,4
Q006414,S0520,C011,11,4
Q006415,S0520,C011,7,6
Q006416,S0520,C011,15,5
Q006417,S0520,C011,19,4
Q006418,S0520,C028,22,6
Q006419,S0520,C028,25,5
Q006420,S0520,C028,21,6
Q006421,S0520,C028,10,5
Q006422,S0520,C002,22,6
Q006423,S0520,C002,48,4
Q006424,S0520,C002,31,6
Q006425,S0521,C028,100,1
Q006426,S0521,C028,92,1
Q006427,S0521,C028,100,1
Q006428,S0521,C028,90,1
Q006429,S0521,C030,72,3
Q006430,S0521,C030,77,2
Q006431,S0521,C014,100,1
Q006432,S0521,C014,90,1
Q006433,S0521,C014,85,1
Q006434,S0521,C014,88,1
Q006435,S0521,C014,99,1
Q006436,S0521,C005,98,1
Q006437,S0521,C005,82,2
Q006438,S0521,C005,85,2
Q006439,S0521,C005,98,1
Q006440,S0522,C032,76,1
Q006441,S0522,C032,99,1
Q006442,S0522,C032,77,2
Q006443,S0522,C032,85,2
Q006444,S0522,C006,22,5
Q006445,S0522,C006,14,5
Q006446,S0522,C006,8,6
Q006447,S0523,C029,9,4
Q006448,S0523,C029,7,4
Q006449,S0523,C035,14,5
Q006450,S0523,C035,6,5
Q006451,S0524,C038,18,6
Q006452,S0524,C038,29,4
Q006453,S0524,C038,29,5
Q006454,S0524,C004,46,4
Q006455,S0524,C004,44,4
Q006456,S0524,C004,57,3
Q006457,S0524,C004,67,2
Q006458,S0524,C004,57,4
Q006459,S0524,C035,34,4
Q006460,S0524,C035,44,4
Q006461,S0524,C035,59,4
Q006462,S0524,C035,42,4
Q006463,S0524,C035,37,6
Q006464,S0524,C018,89,2
Q006465,S0524,C018,99,1
Q006466,S0524,C018,84,2
Q006467,S0524,C011,90,1
Q006468,S0524,C011,98,1
Q006469,S0524,C011,93,1
Q006470,S0525,C033,95,1
Q006471,S0525,C033,86,2
Q006472,S0525,C033,86,1
Q006473,S0525,C037,61,3
Q006474,S0525,C037,66,2
Q006475,S0525,C037,70,2
Q006476,S0525,C037,60,2
Q006477,S0525,C037,80,1
Q006478,S0525,C023,65,3
Q006479,S0525,C023,54,4
Q006480,S0526,C014,67,3
Q006481,S0526,C014,63,2
Q006482,S0526,C014,67,3
Q006483,S0526,C014,88,1
Q006484,S0526,C006,76,2
Q006485,S0526,C006,76,1
Q006486,S0526,C006,60,2
Q006487,S0526,C006,71,2
Q006488,S0526,C009,63,2
Q006489,S0526,C009,64,2
Q006490,S0526,C009,51,3
Q006491,S0526,C021,100,1
Q006492,S0526,C021,100,1
Q006493,S0526,C021,99,1
Q006494,S0526,C021,100,1
Q006495,S0527,C020,58,3
Q006496,S0527,C020,68,2
Q006497,S0527,C020,49,4
Q006498,S0527,C020,65,3
Q006499,S0527,C010,79,1
Q006500,S0527,C010,72,3
Q006501,S0527,C010,59,4
Q006502,S0527,C010,65,2
Q006503,S0527,C029,54,3
Q006504,S0527,C029,70,3
Q006505,S0527,C029,65,2
Q006506,S0527,C039,5,5
Q006507,S0527,C039,21,4
Q006508,S0527,C039,0,6
Q006509,S0528,C038,58,3
Q006510,S0528,C038,46,4
Q006511,S0528,C012,28,4
Q006512,S0528,C012,25,6
Q006513,S0528,C039,20,6
Q006514,S0528,C039,17,4
Q006515,S0528,C039,22,5
Q006516,S0528,C039,24,5
Q006517,S0528,C039,43,4
Q006518,S0528,C030,38,5
Q006519,S0528,C030,12,6
Q006520,S0528,C037,86,2
Q006521,S0528,C037,92,1
Q006522,S0528,C037,87,2
Q006523,S0528,C037,100,1
Q006524,S0528,C037,100,1
Q006525,S0529,C037,62,3
Q006526,S0529,C037,64,2
Q006527,S0529,C037,74,2
Q006528,S0529,C030,99,1
Q006529,S0529,C030,90,1
Q006530,S0529,C030,88,2
Q006531,S0529,C030,80,1
Q006532,S0529,C030,94,1
Q006533,S0529,C008,81,2
Q006534,S0529,C008,70,3
Q006535,S0529,C008,83,1
Q006536,S0529,C008,76,2
Q006537,S0529,C008,81,2
Q006538,S0529,C016,62,2
Q006539,S0529,C016,53,3
Q006540,S0529,C016,53,4
Q006541,S0529,C016,36,4
Q006542,S0529,C010,48,3
Q006543,S0529,C010,68,3
Q006544,S0529,C010,71,3
Q006545,S0530,C012,34,4
Q006546,S0530,C012,26,4
Q006547,S0530,C012,35,6
Q006548,S0530,C012,40,3
Q006549,S0530,C017,25,6
Q006550,S0530,C017,41,3
Q006551,S0530,C017,35,4
Q006552,S0530,C017,36,5
Q006553,S0530,C018,9,5
Q006554,S0530,C018,24,5
Q006555,S0530,C018,16,4
Q006556,S0530,C018,19,4
Q006557,S0530,C007,22,4
Q006558,S0530,C007,33,5
Q006559,S0530,C007,32,5
Q006560,S0530,C026,39,6
Q006561,S0530,C026,51,3
Q006562,S0530,C026,49,4
Q006563,S0530,C026,65,3
Q006564,S0531,C031,100,1
Q006565,S0531,C031,84,2
Q006566,S0531,C027,43,3
Q006567,S0531,C027,44,3
Q006568,S0531,C027,24,5
Q006569,S0531,C027,47,3
Q006570,S0531,C008,10,4
Q006571,S0531,C008,23,4
Q006572,S0531,C008,2,6
Q006573,S0531,C008,1,4
Q006574,S0531,C008,6,4
Q006575,S0532,C024,3,4
Q006576,S0532,C024,5,4
Q006577,S0532,C024,21,6
Q006578,S0532,C035,67,2
Q006579,S0532,C035,66,2
Q006580,S0532,C035,58,3
Q006581,S0532,C015,41,3
Q006582,S0532,C015,32,5
Q006583,S0532,C011,71,2
Q006584,S0532,C011,66,2
Q006585,S0532,C018,25,4
Q006586,S0532,C018,25,4
Q006587,S0532,C018,18,6
Q006588,S0532,C018,30,5
Q006589,S0532,C018,41,3
Q006590,S0533,C021,78,2
Q006591,S0533,C021,80,2
Q006592,S0533,C021,56,4
Q006593,S0533,C021,56,3
Q006594,S0533,C021,62,3
Q006595,S0533,C023,27,5
Q006596,S0533,C023,30,5
Q006597,S0533,C023,24,4
Q006598,S0533,C023,44,3
Q006599,S0533,C023,23,5
Q006600,S0533,C039,22,6
Q006601,S0533,C039,18,4
Q006602,S0533,C024,35,5
Q006603,S0533,C024,38,4
Q006604,S0533,C027,61,3
Q006605,S0533,C027,76,2
Q006606,S0533,C027,79,2
Q006607,S0534,C030,93,1
Q006608,S0534,C030,76,1
Q006609,S0534,C030,93,1
Q006610,S0534,C030,66,2
Q006611,S0534,C030,76,2
Q006612,S0534,C024,68,2
Q006613,S0534,C024,72,3
Q006614,S0534,C024,55,4
Q006615,S0534,C005,94,1
Q006616,S0534,C005,79,1
Q006617,S0534,C005,92,1
Q006618,S0534,C006,97,1
Q006619,S0534,C006,92,1
Q006620,S0534,C006,95,1
Q006621,S0534,C006,94,1
Q006622,S0534,C006,100,1
Q006623,S0534,C014,17,4
Q006624,S0534,C014,5,6
Q006625,S0534,C014,7,6
Q006626,S0534,C014,16,5
Q006627,S0535,C038,43,4
Q006628,S0535,C038,45,4
Q006629,S0535,C002,100,1
Q006630,S0535,C002,97,1
Q006631,S0535,C002,100,1
Q006632,S0535,C002,100,1
Q006633,S0535,C023,47,3
Q006634,S0535,C023,32,6
Q006635,S0535,C023,48,4
Q006636,S0535,C023,43,3
Q006637,S0535,C023,37,5
Q006638,S0535,C026,38,4
Q006639,S0535,C026,60,2
Q006640,S0535,C026,41,4
Q006641,S0535,C026,42,3
Q006642,S0535,C022,0,5
Q006643,S0535,C022,19,5
Q006644,S0535,C022,11,5
Q006645,S0535,C022,14,4
Q006646,S0535,C022,23,5
Q006647,S0536,C013,69,2
Q006648,S0536,C013,95,1
Q006649,S0536,C013,79,1
Q006650,S0536,C027,78,1
Q006651,S0536,C027,95,1
Q006652,S0536,C027,74,3
Q006653,S0536,C027,83,2
Q006654,S0537,C032,99,1
Q006655,S0537,C032,83,2
Q006656,S0537,C032,89,2
Q006657,S0537,C032,73,2
Q006658,S0537,C032,87,1
Q006659,S0537,C037,7,6
Q006660,S0537,C037,4,6
Q006661,S0537,C037,10,5
Q006662,S0537,C037,0,6
Q006663,S0537,C037,10,5
Q006664,S0537,C001,94,1
Q006665,S0537,C001,78,2
Q006666,S0537,C001,100,1
Q006667,S0537,C013,27,6
Q006668,S0537,C013,35,4
Q006669,S0537,C013,21,5
Q006670,S0537,C013,29,5
Q006671,S0537,C006,51,4
Q006672,S0537,C006,77,2
Q006673,S0537,C006,61,2
Q006674,S0538,C003,44,4
Q006675,S0538,C003,47,4
Q006676,S0538,C025,61,3
Q006677,S0538,C025,37,4
Q006678,S0538,C025,36,6
Q006679,S0538,C025,39,6
Q006680,S0538,C015,71,2
Q006681,S0538,C015,68,3
Q006682,S0538,C015,73,3
Q006683,S0538,C015,83,1
Q006684,S0538,C032,43,4
Q006685,S0538,C032,53,4
Q006686,S0538,C032,44,4
Q006687,S0538,C032,49,4
Q006688,S0538,C032,46,3
Q006689,S0539,C027,77,2
Q006690,S0539,C027,57,4
Q006691,S0539,C027,50,4
Q006692,S0539,C027,55,3
Q006693,S0539,C027,70,2
Q006694,S0539,C023,92,1
Q006695,S0539,C023,87,1
Q006696,S0539,C035,55,3
Q006697,S0539,C035,58,3
Q006698,S0539,C035,47,4
Q006699,S0540,C033,8,6
Q006700,S0540,C033,0,4
Q006701,S0540,C038,11,5
Q006702,S0540,C038,1,6
Q006703,S0540,C038,8,5
Q006704,S0540,C038,5,6
Q006705,S0540,C035,58,4
Q006706,S0540,C035,42,3
Q006707,S0540,C003,74,2
Q006708,S0540,C003,76,2
Q006709,S0540,C003,81,1
Q006710,S0540,C003,85,1
Q006711,S0540,C003,77,1
Q006712,S0541,C005,15,5
Q006713,S0541,C005,29,4
Q006714,S0541,C005,28,6
Q006715,S0541,C005,31,6
Q006716,S0541,C002,40,3
Q006717,S0541,C002,29,6
Q006718,S0541,C002,37,6
Q006719,S0541,C002,34,6
Q006720,S0541,C002,39,5
Q006721,S0542,C032,100,1
Q006722,S0542,C032,100,1
Q006723,S0542,C032,100,1
Q006724,S0542,C010,13,4
Q006725,S0542,C010,2,4
Q006726,S0542,C010,22,5
Q006727,S0542,C010,20,4
Q006728,S0543,C039,0,4
Q006729,S0543,C039,10,5
Q006730,S0543,C039,17,4
Q006731,S0543,C039,11,6
Q006732,S0543,C002,100,1
Q006733,S0543,C002,85,1
Q006734,S0543,C002,100,1
Q006735,S0543,C002,99,1
Q006736,S0543,C002,100,1
Q006737,S0543,C004,95,1
Q006738,S0543,C004,86,1
Q006739,S0544,C029,33,4
Q006740,S0544,C029,23,5
Q006741,S0544,C029,17,4
Q006742,S0544,C029,30,6
Q006743,S0544,C009,38,6
Q006744,S0544,C009,42,3
Q006745,S0544,C009,26,5
Q006746,S0544,C009,33,6
Q006747,S0545,C011,84,2
Q006748,S0545,C011,87,2
Q006749,S0545,C009,71,3
Q006750,S0545,C009,80,2
Q006751,S0545,C007,36,5
Q006752,S0545,C007,36,6
Q006753,S0545,C007,40,3
Q006754,S0545,C007,53,4
Q006755,S0545,C007,42,4
Q006756,S0545,C024,73,3
Q006757,S0545,C024,64,3
Q006758,S0545,C024,79,1
Q006759,S0545,C024,65,2
Q006760,S0545,C032,12,6
Q006761,S0545,C032,21,5
Q006762,S0545,C032,24,5
Q006763,S0545,C032,7,6
Q006764,S0546,C013,56,4
Q006765,S0546,C013,72,2
Q006766,S0546,C013,76,1
Q006767,S0546,C013,55,3
Q006768,S0546,C020,93,1
Q006769,S0546,C020,83,1
Q006770,S0546,C020,91,1
Q006771,S0546,C020,74,3
Q006772,S0546,C018,71,3
Q006773,S0546,C018,75,2
Q006774,S0546,C018,79,2
Q006775,S0546,C018,60,2
Q006776,S0546,C029,36,5
Q006777,S0546,C029,32,5
Q006778,S0547,C004,89,1
Q006779,S0547,C004,76,1
Q006780,S0547,C033,58,4
Q006781,S0547,C033,51,4
Q006782,S0547,C033,61,3
Q006783,S0547,C033,67,3
Q006784,S0548,C003,58,4
Q006785,S0548,C003,62,2
Q006786,S0548,C003,57,3
Q006787,S0548,C003,67,2
Q006788,S0548,C003,59,4
Q006789,S0548,C015,19,6
Q006790,S0548,C015,22,6
Q006791,S0548,C029,82,1
Q006792,S0548,C029,70,2
Q006793,S0548,C029,76,1
Q006794,S0548,C029,79,1
Q006795,S0548,C029,87,1
Q006796,S0548,C026,43,3
Q006797,S0548,C026,29,6
Q006798,S0548,C026,50,3
Q006799,S0548,C026,36,5
Q006800,S0548,C007,100,1
Q006801,S0548,C007,80,2
Q006802,S0548,C007,87,1
Q006803,S0548,C007,96,1
Q006804,S0549,C005,7,4
Q006805,S0549,C005,17,4
Q006806,S0549,C005,7,4
Q006807,S0549,C005,9,6
Q006808,S0549,C005,16,5
Q006809,S0549,C006,100,1
Q006810,S0549,C006,100,1
Q006811,S0549,C006,100,1
Q006812,S0549,C010,15,5
Q006813,S0549,C010,1,4
Q006814,S0549,C010,7,5
Q006815,S0549,C029,21,4
Q006816,S0549,C029,22,5
Q006817,S0549,C029,10,4
Q006818,S0549,C029,20,6
Q006819,S0550,C020,59,4
Q006820,S0550,C020,48,3
Q006821,S0550,C038,53,4
Q006822,S0550,C038,24,5
Q006823,S0551,C020,0,4
Q006824,S0551,C020,22,5
Q006825,S0551,C020,0,5
Q006826,S0551,C020,15,4
Q006827,S0551,C029,52,3
Q006828,S0551,C029,46,4
Q006829,S0551,C029,40,3
Q006830,S0551,C029,64,3
Q006831,S0551,C029,39,6
Q006832,S0551,C022,13,6
Q006833,S0551,C022,0,5
Q006834,S0551,C022,21,6
Q006835,S0551,C022,1,4
Q006836,S0551,C022,10,6
Q006837,S0551,C031,54,4
Q006838,S0551,C031,57,3
Q006839,S0551,C031,54,3
Q006840,S0551,C031,43,3
Q006841,S0552,C033,91,1
Q006842,S0552,C033,81,2
Q006843,S0552,C033,99,1
Q006844,S0552,C033,79,2
Q006845,S0552,C007,31,5
Q006846,S0552,C007,38,6
Q006847,S0552,C007,56,3
Q006848,S0552,C007,28,5
Q006849,S0552,C002,51,3
Q006850,S0552,C002,46,4
Q006851,S0553,C039,69,2
Q006852,S0553,C039,67,3
Q006853,S0553,C039,55,4
Q006854,S0553,C039,70,2
Q006855,S0553,C024,85,2
Q006856,S0553,C024,86,2
Q006857,S0553,C024,73,2
Q006858,S0553,C029,28,6
Q006859,S0553,C029,3,5
Q006860,S0553,C029,24,5
Q006861,S0553,C029,5,5
Q006862,S0553,C029,21,4
Q006863,S0553,C019,22,4
Q006864,S0553,C019,27,5
Q006865,S0553,C012,50,3
Q006866,S0553,C012,75,1
Q006867,S0554,C029,73,3
Q006868,S0554,C029,58,4
Q006869,S0554,C029,62,3
Q006870,S0554,C029,59,3
Q006871,S0554,C029,63,2
Q006872,S0554,C033,0,5
Q006873,S0554,C033,0,4
Q006874,S0554,C033,0,5
Q006875,S0555,C032,28,5
Q006876,S0555,C032,13,6
Q006877,S0555,C032,30,6
Q006878,S0555,C032,38,4
Q006879,S0555,C033,52,3
Q006880,S0555,C033,44,3
Q006881,S0555,C033,45,4
Q006882,S0555,C033,41,3
Q006883,S0555,C001,75,1
Q006884,S0555,C001,95,1
Q006885,S0555,C008,100,1
Q006886,S0555,C008,90,1
Q006887,S0555,C008,100,1
Q006888,S0556,C011,98,1
Q006889,S0556,C011,80,1
Q006890,S0556,C011,97,1
Q006891,S0556,C029,5,4
Q006892,S0556,C029,6,6
Q006893,S0556,C029,16,5
Q006894,S0556,C029,0,4
Q006895,S0556,C019,15,5
Q006896,S0556,C019,26,5
Q006897,S0556,C019,23,6
Q006898,S0556,C019,1,6
Q006899,S0556,C036,99,1
Q006900,S0556,C036,92,1
Q006901,S0557,C003,83,1
Q006902,S0557,C003,100,1
Q006903,S0557,C003,85,1
Q006904,S0557,C003,79,2
Q006905,S0557,C026,86,1
Q006906,S0557,C026,90,1
Q006907,S0557,C026,91,1
Q006908,S0557,C026,75,1
Q006909,S0557,C026,88,1
Q006910,S0558,C002,20,6
Q006911,S0558,C002,11,4
Q006912,S0558,C002,28,4
Q006913,S0558,C002,12,5
Q006914,S0558,C002,26,4
Q006915,S0558,C007,0,6
Q006916,S0558,C007,0,4
Q006917,S0558,C007,0,5
Q006918,S0558,C007,0,4
Q006919,S0559,C020,0,4
Q006920,S0559,C020,0,6
Q006921,S0559,C020,0,5
Q006922,S0559,C016,19,4
Q006923,S0559,C016,35,6
Q006924,S0559,C016,31,4
Q006925,S0559,C016,40,4
Q006926,S0559,C016,43,3
Q006927,S0560,C009,0,4
Q006928,S0560,C009,0,6
Q006929,S0560,C009,5,5
Q006930,S0560,C009,0,4
Q006931,S0560,C009,0,5
Q006932,S0560,C028,10,6
Q006933,S0560,C028,3,6
Q006934,S0560,C028,10,5
Q006935,S0560,C013,76,2
Q006936,S0560,C013,81,1
Q006937,S0560,C013,57,4
Q006938,S0561,C008,63,3
Q006939,S0561,C008,82,2
Q006940,S0561,C008,65,3
Q006941,S0561,C008,61,3
Q006942,S0561,C039,0,5
Q006943,S0561,C039,13,4
Q006944,S0561,C039,8,6
Q006945,S0561,C029,95,1
Q006946,S0561,C029,88,2
Q006947,S0561,C029,87,1
Q006948,S0561,C029,100,1
Q006949,S0562,C017,82,1
Q006950,S0562,C017,59,4
Q006951,S0562,C017,78,2
Q006952,S0562,C017,57,3
Q006953,S0562,C017,80,1
Q006954,S0562,C008,10,4
Q006955,S0562,C008,15,4
Q006956,S0562,C008,7,4
Q006957,S0562,C008,24,4
Q006958,S0562,C013,82,2
Q006959,S0562,C013,100,1
Q006960,S0562,C013,93,1
Q006961,S0562,C013,98,1
Q006962,S0562,C005,13,6
Q006963,S0562,C005,29,6
Q006964,S0563,C031,49,3
Q006965,S0563,C031,36,6
Q006966,S0563,C031,59,4
Q006967,S0563,C031,63,2
Q006968,S0563,C031,55,4
Q006969,S0563,C017,22,4
Q006970,S0563,C017,22,5
Q006971,S0563,C017,28,4
Q006972,S0563,C017,22,5
Q006973,S0563,C034,72,3
Q006974,S0563,C034,73,3
Q006975,S0563,C034,62,2
Q006976,S0563,C034,49,4
Q006977,S0564,C020,62,2
Q006978,S0564,C020,53,4
Q006979,S0564,C016,69,2
Q006980,S0564,C016,57,3
Q006981,S0564,C016,57,3
Q006982,S0565,C001,47,4
Q006983,S0565,C001,59,4
Q006984,S0565,C001,53,3
Q006985,S0565,C001,39,6
Q006986,S0565,C002,96,1
Q006987,S0565,C002,80,2
Q006988,S0565,C002,84,2
Q006989,S0565,C002,88,1
Q006990,S0565,C015,28,6
Q006991,S0565,C015,11,6
Q006992,S0566,C031,26,5
Q006993,S0566,C031,14,5
Q006994,S0566,C031,15,4
Q006995,S0566,C031,16,4
Q006996,S0566,C031,33,4
Q006997,S0566,C027,29,6
Q006998,S0566,C027,23,4
Q006999,S0566,C037,34,4
Q007000,S0566,C037,48,3
Q007001,S0566,C037,53,3
Q007002,S0566,C037,30,5
Q007003,S0566,C024,90,1
Q007004,S0566,C024,86,1
Q007005,S0567,C001,0,5
Q007006,S0567,C001,0,4
Q007007,S0567,C001,0,5
Q007008,S0567,C001,0,6
Q007009,S0567,C016,0,4
Q007010,S0567,C016,10,4
Q007011,S0567,C016,0,6
Q007012,S0567,C016,0,5
Q007013,S0567,C016,11,6
Q007014,S0567,C007,78,2
Q007015,S0567,C007,89,2
Q007016,S0567,C007,80,2
Q007017,S0567,C007,95,1
Q007018,S0568,C039,87,1
Q007019,S0568,C039,74,2
Q007020,S0568,C039,79,1
Q007021,S0568,C036,49,4
Q007022,S0568,C036,55,3
Q007023,S0568,C036,35,6
Q007024,S0568,C027,13,4
Q007025,S0568,C027,8,5
Q007026,S0568,C027,16,4
Q007027,S0568,C026,82,2
Q007028,S0568,C026,80,2
Q007029,S0568,C026,56,3
Q007030,S0568,C026,56,4
Q007031,S0569,C038,76,1
Q007032,S0569,C038,68,3
Q007033,S0569,C038,92,1
Q007034,S0569,C038,80,1
Q007035,S0569,C001,14,6
Q007036,S0569,C001,14,4
Q007037,S0569,C004,36,5
Q007038,S0569,C004,37,4
Q007039,S0569,C004,25,4
Q007040,S0569,C023,97,1
Q007041,S0569,C023,93,1
Q007042,S0569,C023,89,1
Q007043,S0569,C035,76,2
Q007044,S0569,C035,75,1
Q007045,S0569,C035,54,3
Q007046,S0569,C035,60,2
Q007047,S0570,C009,49,4
Q007048,S0570,C009,53,4
Q007049,S0570,C002,26,6
Q007050,S0570,C002,20,4
Q007051,S0570,C002,34,6
Q007052,S0570,C030,93,1
Q007053,S0570,C030,82,1
Q007054,S0570,C030,78,2
Q007055,S0570,C030,91,1
Q007056,S0570,C017,39,6
Q007057,S0570,C017,49,4
Q007058,S0570,C021,52,4
Q007059,S0570,C021,61,2
Q007060,S0570,C021,65,3
Q007061,S0571,C003,36,6
Q007062,S0571,C003,52,3
Q007063,S0571,C003,40,3
Q007064,S0571,C031,89,2
Q007065,S0571,C031,96,1
Q007066,S0571,C031,82,1
Q007067,S0571,C012,49,4
Q007068,S0571,C012,45,3
Q007069,S0572,C008,84,2
Q007070,S0572,C008,89,1
Q007071,S0572,C008,86,2
Q007072,S0572,C008,79,1
Q007073,S0572,C008,89,1
Q007074,S0572,C015,95,1
Q007075,S0572,C015,80,2
Q007076,S0572,C015,92,1
Q007077,S0572,C015,75,1
Q007078,S0572,C015,73,3
Q007079,S0572,C017,31,4
Q007080,S0572,C017,15,6
Q007081,S0573,C034,10,6
Q007082,S0573,C034,30,4
Q007083,S0573,C034,12,6
Q007084,S0573,C034,23,5
Q007085,S0573,C037,26,5
Q007086,S0573,C037,27,6
Q007087,S0573,C037,30,6
Q007088,S0573,C037,32,4
Q007089,S0573,C013,17,4
Q007090,S0573,C013,7,5
Q007091,S0573,C006,55,3
Q007092,S0573,C006,58,4
Q007093,S0573,C006,63,2
Q007094,S0573,C006,64,3
Q007095,S0573,C006,62,3
Q007096,S0574,C028,47,3
Q007097,S0574,C028,45,4
Q007098,S0574,C028,53,3
Q007099,S0574,C002,75,2
Q007100,S0574,C002,62,2
Q007101,S0574,C002,79,1
Q007102,S0574,C014,32,6
Q007103,S0574,C014,45,3
Q007104,S0574,C027,91,1
Q007105,S0574,C027,87,2
Q007106,S0574,C027,100,1
Q007107,S0575,C014,0,4
Q007108,S0575,C014,1,4
Q007109,S0575,C014,8,4
Q007110,S0575,C014,0,6
Q007111,S0575,C014,0,5
Q007112,S0575,C006,20,6
Q007113,S0575,C006,41,3
Q007114,S0575,C006,34,6
Q007115,S0575,C017,57,3
Q007116,S0575,C017,41,3
Q007117,S0575,C034,82,1
Q007118,S0575,C034,81,2
Q007119,S0575,C034,89,1
Q007120,S0575,C034,94,1
Q007121,S0575,C002,48,3
Q007122,S0575,C002,61,3
Q007123,S0575,C002,70,2
Q007124,S0575,C002,65,3
Q007125,S0576,C024,2,5
Q007126,S0576,C024,12,4
Q007127,S0576,C024,0,6
Q007128,S0576,C024,18,5
Q007129,S0576,C024,7,4
Q007130,S0576,C015,74,3
Q007131,S0576,C015,78,2
Q007132,S0576,C015,74,3
Q007133,S0576,C015,68,2
Q007134,S0576,C032,0,6
Q007135,S0576,C032,0,6
Q007136,S0576,C032,16,4
Q007137,S0576,C032,0,5
Q007138,S0576,C011,31,4
Q007139,S0576,C011,42,3
Q007140,S0576,C011,30,4
Q007141,S0576,C011,46,4
Q007142,S0576,C011,45,4
Q007143,S0577,C020,68,2
Q007144,S0577,C020,80,1
Q007145,S0577,C020,78,1
Q007146,S0577,C020,55,3
Q007147,S0577,C008,10,6
Q007148,S0577,C008,18,4
Q007149,S0577,C008,22,6
Q007150,S0577,C033,69,2
Q007151,S0577,C033,64,3
Q007152,S0577,C033,83,2
Q007153,S0577,C033,75,2
Q007154,S0577,C032,0,5
Q007155,S0577,C032,0,6
Q007156,S0577,C032,17,6
Q007157,S0577,C032,12,4
Q007158,S0577,C024,0,4
Q007159,S0577,C024,19,4
Q007160,S0577,C024,18,4
Q007161,S0577,C024,27,6
Q007162,S0578,C017,40,4
Q007163,S0578,C017,65,2
Q007164,S0578,C009,73,3
Q007165,S0578,C009,65,2
Q007166,S0578,C016,16,4
Q007167,S0578,C016,26,5
Q007168,S0578,C032,100,1
Q007169,S0578,C032,95,1
Q007170,S0578,C032,100,1
Q007171,S0578,C032,100,1
Q007172,S0578,C032,100,1
Q007173,S0579,C026,76,2
Q007174,S0579,C026,66,2
Q007175,S0579,C026,65,2
Q007176,S0579,C021,52,3
Q007177,S0579,C021,71,3
Q007178,S0579,C021,80,2
Q007179,S0579,C021,72,2
Q007180,S0579,C001,25,4
Q007181,S0579,C001,16,5
Q007182,S0579,C017,49,3
Q007183,S0579,C017,60,2
Q007184,S0580,C003,6,6
Q007185,S0580,C003,24,5
Q007186,S0580,C029,15,4
Q007187,S0580,C029,29,4
Q007188,S0580,C029,19,6
Q007189,S0580,C011,62,2
Q007190,S0580,C011,34,5
Q007191,S0580,C011,42,3
Q007192,S0580,C011,59,4
Q007193,S0580,C011,42,3
Q007194,S0580,C021,65,2
Q007195,S0580,C021,47,4
Q007196,S0580,C021,45,3
Q007197,S0581,C019,74,3
Q007198,S0581,C019,75,2
Q007199,S0581,C019,75,2
Q007200,S0581,C006,0,5
Q007201,S0581,C006,10,4
Q007202,S0582,C013,64,3
Q007203,S0582,C013,49,4
Q007204,S0582,C013,69,2
Q007205,S0582,C028,65,3
Q007206,S0582,C028,58,4
Q007207,S0582,C027,19,6
Q007208,S0582,C027,15,5
Q007209,S0582,C027,26,6
Q007210,S0582,C019,73,2
Q007211,S0582,C019,70,2
Q007212,S0582,C019,57,4
Q007213,S0582,C019,52,3
Q007214,S0582,C008,65,3
Q007215,S0582,C008,64,2
Q007216,S0582,C008,64,2
Q007217,S0583,C018,38,6
Q007218,S0583,C018,49,3
Q007219,S0583,C018,38,6
Q007220,S0583,C024,39,5
Q007221,S0583,C024,37,5
Q007222,S0584,C004,15,4
Q007223,S0584,C004,10,5
Q007224,S0584,C004,17,5
Q007225,S0584,C039,0,6
Q007226,S0584,C039,9,4
Q007227,S0584,C039,24,4
Q007228,S0584,C039,2,6
Q007229,S0584,C039,13,5
Q007230,S0584,C009,79,1
Q007231,S0584,C009,75,1
Q007232,S0584,C011,11,4
Q007233,S0584,C011,4,4
Q007234,S0584,C011,26,5
Q007235,S0584,C011,18,6
Q007236,S0584,C024,67,2
Q007237,S0584,C024,55,3
Q007238,S0585,C033,54,4
Q007239,S0585,C033,38,6
Q007240,S0585,C033,54,4
Q007241,S0585,C027,22,6
Q007242,S0585,C027,40,4
Q007243,S0585,C027,25,6
Q007244,S0585,C027,47,3
Q007245,S0585,C027,37,4
Q007246,S0585,C025,36,5
Q007247,S0585,C025,65,2
Q007248,S0585,C025,58,3
Q007249,S0585,C025,42,3
Q007250,S0585,C006,71,3
Q007251,S0585,C006,75,2
Q007252,S0586,C027,52,4
Q007253,S0586,C027,61,3
Q007254,S0586,C027,75,1
Q007255,S0586,C027,68,2
Q007256,S0586,C027,50,3
Q007257,S0586,C015,95,1
Q007258,S0586,C015,100,1
Q007259,S0586,C015,84,1
Q007260,S0586,C015,93,1
Q007261,S0586,C038,6,5
Q007262,S0586,C038,7,4
Q007263,S0586,C038,17,4
Q007264,S0586,C032,51,3
Q007265,S0586,C032,38,4
Q007266,S0586,C032,61,2
Q007267,S0586,C032,48,4
Q007268,S0586,C032,53,3
Q007269,S0586,C014,70,3
Q007270,S0586,C014,56,3
Q007271,S0586,C014,65,2
Q007272,S0586,C014,64,3
Q007273,S0587,C019,22,4
Q007274,S0587,C019,28,6
Q007275,S0587,C019,28,6
Q007276,S0587,C019,34,4
Q007277,S0587,C016,26,6
Q007278,S0587,C016,19,4
Q007279,S0587,C016,33,4
Q007280,S0587,C016,23,4
Q007281,S0587,C014,8,4
Q007282,S0587,C014,4,6
Q007283,S0587,C014,9,4
Q007284,S0587,C014,0,5
Q007285,S0587,C014,0,4
Q007286,S0588,C038,100,1
Q007287,S0588,C038,100,1
Q007288,S0588,C038,100,1
Q007289,S0588,C038,100,1
Q007290,S0588,C038,88,1
Q007291,S0588,C013,87,2
Q007292,S0588,C013,82,1
Q007293,S0588,C013,89,1
Q007294,S0588,C013,75,2
Q007295,S0588,C004,83,1
Q007296,S0588,C004,68,3
Q007297,S0588,C004,74,3
Q007298,S0589,C028,23,6
Q007299,S0589,C028,15,4
Q007300,S0589,C028,16,6
Q007301,S0589,C014,98,1
Q007302,S0589,C014,83,2
Q007303,S0589,C009,46,3
Q007304,S0589,C009,59,3
Q007305,S0590,C029,85,1
Q007306,S0590,C029,93,1
Q007307,S0590,C029,77,2
Q007308,S0590,C029,83,1
Q007309,S0590,C014,90,1
Q007310,S0590,C014,86,1
Q007311,S0590,C014,82,2
Q007312,S0591,C002,30,4
Q007313,S0591,C002,27,4
Q007314,S0591,C002,19,4
Q007315,S0591,C025,19,4
Q007316,S0591,C025,43,3
Q007317,S0591,C025,25,4
Q007318,S0591,C025,35,4
Q007319,S0591,C025,41,4
Q007320,S0591,C012,67,2
Q007321,S0591,C012,52,4
Q007322,S0592,C018,45,3
Q007323,S0592,C018,28,6
Q007324,S0592,C002,75,2
Q007325,S0592,C002,64,2
Q007326,S0592,C002,73,3
Q007327,S0593,C028,65,3
Q007328,S0593,C028,37,4
Q007329,S0593,C028,51,3
Q007330,S0593,C028,38,5
Q007331,S0593,C028,38,6
Q007332,S0593,C022,71,3
Q007333,S0593,C022,67,3
Q007334,S0593,C022,63,3
Q007335,S0593,C022,75,2
Q007336,S0593,C022,72,2
Q007337,S0593,C018,75,1
Q007338,S0593,C018,85,1
Q007339,S0593,C018,58,4
Q007340,S0594,C030,21,4
Q007341,S0594,C030,18,4
Q007342,S0594,C030,17,4
Q007343,S0594,C030,18,6
Q007344,S0594,C030,1,6
Q007345,S0594,C012,49,3
Q007346,S0594,C012,55,3
Q007347,S0594,C012,42,4
Q007348,S0594,C012,55,3
Q007349,S0594,C028,61,3
Q007350,S0594,C028,67,2
Q007351,S0594,C028,66,3
Q007352,S0594,C029,56,4
Q007353,S0594,C029,44,4
Q007354,S0594,C029,49,3
Q007355,S0594,C029,54,4
Q007356,S0594,C029,47,3
Q007357,S0595,C016,37,4
Q007358,S0595,C016,52,4
Q007359,S0595,C036,92,1
Q007360,S0595,C036,72,2
Q007361,S0595,C036,86,2
Q007362,S0595,C036,83,1
Q007363,S0595,C036,80,1
Q007364,S0595,C039,0,5
Q007365,S0595,C039,0,4
Q007366,S0595,C039,0,6
Q007367,S0595,C039,9,5
Q007368,S0595,C009,29,6
Q007369,S0595,C009,53,4
Q007370,S0595,C009,50,3
Q007371,S0595,C010,100,1
Q007372,S0595,C010,100,1
Q007373,S0595,C010,92,1
Q007374,S0595,C010,97,1
Q007375,S0596,C003,32,6
Q007376,S0596,C003,15,5
Q007377,S0596,C003,28,5
Q007378,S0596,C003,34,6
Q007379,S0596,C001,50,4
Q007380,S0596,C001,68,2
Q007381,S0596,C001,48,4
Q007382,S0596,C001,71,2
Q007383,S0596,C001,58,3
Q007384,S0596,C002,92,1
Q007385,S0596,C002,77,2
Q007386,S0596,C002,93,1
Q007387,S0596,C002,78,2
Q007388,S0596,C002,71,2
Q007389,S0596,C004,100,1
Q007390,S0596,C004,86,2
Q007391,S0596,C031,59,4
Q007392,S0596,C031,63,2
Q007393,S0597,C037,33,6
Q007394,S0597,C037,44,4
Q007395,S0597,C037,44,3
Q007396,S0597,C002,81,2
Q007397,S0597,C002,100,1
Q007398,S0597,C002,83,1
Q007399,S0597,C033,51,3
Q007400,S0597,C033,35,6
Q007401,S0597,C033,38,5
Q007402,S0597,C033,45,3
Q007403,S0597,C001,26,4
Q007404,S0597,C001,17,4
Q007405,S0597,C015,51,4
Q007406,S0597,C015,23,6
Q007407,S0597,C015,45,3
Q007408,S0598,C005,44,3
Q007409,S0598,C005,59,3
Q007410,S0598,C005,45,3
Q007411,S0598,C005,39,4
Q007412,S0598,C005,58,4
Q007413,S0598,C002,82,1
Q007414,S0598,C002,62,2
Q007415,S0598,C002,84,1
Q007416,S0598,C002,87,2
Q007417,S0598,C025,0,6
Q007418,S0598,C025,0,6
Q007419,S0598,C007,27,4
Q007420,S0598,C007,15,4
Q007421,S0599,C004,43,3
Q007422,S0599,C004,47,3
Q007423,S0599,C004,62,2
Q007424,S0599,C003,49,3
Q007425,S0599,C003,44,3
Q007426,S0599,C003,41,4
Q007427,S0600,C031,75,1
Q007428,S0600,C031,79,2
Q007429,S0600,C023,26,5
Q007430,S0600,C023,29,6
Q007431,S0600,C023,8,4
Q007432,S0600,C023,8,6
Q007433,S0601,C038,62,3
Q007434,S0601,C038,54,4
Q007435,S0601,C038,59,4
Q007436,S0601,C038,46,3
Q007437,S0601,C038,66,3
Q007438,S0601,C015,100,1
Q007439,S0601,C015,88,1
Q007440,S0601,C040,14,6
Q007441,S0601,C040,30,4
Q007442,S0601,C007,32,4
Q007443,S0601,C007,26,6
Q007444,S0601,C007,21,4
Q007445,S0601,C011,64,2
Q007446,S0601,C011,59,3
Q007447,S0601,C011,53,3
Q007448,S0601,C011,53,4
Q007449,S0602,C024,51,4
Q007450,S0602,C024,67,3
Q007451,S0602,C024,50,3
Q007452,S0602,C024,62,2
Q007453,S0602,C024,60,2
Q007454,S0602,C023,100,1
Q007455,S0602,C023,100,1
Q007456,S0602,C025,16,4
Q007457,S0602,C025,40,4
Q007458,S0602,C025,13,6
Q007459,S0602,C025,24,6
Q007460,S0602,C025,34,6
Q007461,S0603,C003,70,2
Q007462,S0603,C003,70,3
Q007463,S0603,C003,46,4
Q007464,S0603,C034,82,2
Q007465,S0603,C034,74,2
Q007466,S0603,C004,52,4
Q007467,S0603,C004,51,3
Q007468,S0603,C004,49,4
Q007469,S0603,C004,68,3
Q007470,S0603,C004,71,3
Q007471,S0604,C003,100,1
Q007472,S0604,C003,92,1
Q007473,S0604,C028,49,3
Q007474,S0604,C028,46,3
Q007475,S0604,C028,36,6
Q007476,S0604,C001,1,5
Q007477,S0604,C001,0,5
Q007478,S0604,C001,10,5
Q007479,S0604,C001,0,5
Q007480,S0604,C040,78,1
Q007481,S0604,C040,79,2
Q007482,S0604,C040,83,1
Q007483,S0604,C040,70,3
Q007484,S0605,C007,39,6
Q007485,S0605,C007,29,5
Q007486,S0605,C002,80,2
Q007487,S0605,C002,83,2
Q007488,S0605,C002,78,2
Q007489,S0605,C002,83,2
Q007490,S0605,C003,57,4
Q007491,S0605,C003,44,4
Q007492,S0605,C003,56,4
Q007493,S0605,C003,47,3
Q007494,S0605,C003,54,4
Q007495,S0606,C034,7,5
Q007496,S0606,C034,12,6
Q007497,S0606,C034,15,5
Q007498,S0606,C034,0,6
Q007499,S0606,C034,0,5
Q007500,S0606,C025,69,3
Q007501,S0606,C025,62,3
Q007502,S0606,C025,65,3
Q007503,S0606,C025,56,4
Q007504,S0606,C025,58,4
Q007505,S0606,C007,84,2
Q007506,S0606,C007,89,2
Q007507,S0606,C007,94,1
Q007508,S0606,C007,99,1
Q007509,S0607,C004,100,1
Q007510,S0607,C004,100,1
Q007511,S0607,C004,100,1
Q007512,S0607,C004,92,1
Q007513,S0607,C004,100,1
Q007514,S0607,C020,92,1
Q007515,S0607,C020,97,1
Q007516,S0607,C020,90,1
Q007517,S0607,C020,88,2
Q007518,S0607,C020,78,2
Q007519,S0607,C038,79,1
Q007520,S0607,C038,92,1
Q007521,S0607,C021,96,1
Q007522,S0607,C021,100,1
Q007523,S0607,C021,100,1
Q007524,S0608,C005,21,6
Q007525,S0608,C005,0,4
Q007526,S0608,C005,22,5
Q007527,S0608,C005,1,6
Q007528,S0608,C002,32,4
Q007529,S0608,C002,16,5
Q007530,S0608,C039,100,1
Q007531,S0608,C039,100,1
Q007532,S0608,C039,97,1
Q007533,S0608,C039,87,1
Q007534,S0608,C023,29,6
Q007535,S0608,C023,30,4
Q007536,S0608,C023,6,5
Q007537,S0608,C023,17,6
Q007538,S0608,C033,57,4
Q007539,S0608,C033,45,4
Q007540,S0609,C019,11,4
Q007541,S0609,C019,9,5
Q007542,S0609,C019,10,5
Q007543,S0609,C019,0,5
Q007544,S0609,C004,28,6
Q007545,S0609,C004,24,6
Q007546,S0609,C004,16,5
Q007547,S0609,C004,42,3
Q007548,S0609,C033,78,2
Q007549,S0609,C033,60,3
Q007550,S0609,C033,64,2
Q007551,S0609,C023,42,4
Q007552,S0609,C023,31,6
Q007553,S0609,C023,48,4
Q007554,S0610,C017,69,2
Q007555,S0610,C017,67,3
Q007556,S0610,C017,58,4
Q007557,S0610,C007,68,3
Q007558,S0610,C007,81,1
Q007559,S0610,C007,80,2
Q007560,S0610,C007,70,2
Q007561,S0610,C010,78,2
Q007562,S0610,C010,92,1
Q007563,S0610,C028,95,1
Q007564,S0610,C028,100,1
Q007565,S0610,C028,89,2
Q007566,S0610,C028,86,1
Q007567,S0610,C028,88,1
Q007568,S0610,C019,43,4
Q007569,S0610,C019,29,4
Q007570,S0610,C019,46,3
Q007571,S0611,C028,90,1
Q007572,S0611,C028,92,1
Q007573,S0611,C031,87,1
Q007574,S0611,C031,88,2
Q007575,S0611,C031,79,2
Q007576,S0611,C031,91,1
Q007577,S0611,C031,71,2
Q007578,S0611,C024,47,3
Q007579,S0611,C024,66,2
Q007580,S0611,C024,74,2
Q007581,S0611,C006,88,2
Q007582,S0611,C006,99,1
Q007583,S0611,C006,88,1
Q007584,S0611,C006,98,1
Q007585,S0611,C006,87,1
Q007586,S0611,C018,63,3
Q007587,S0611,C018,89,1
Q007588,S0611,C018,64,3
Q007589,S0611,C018,90,1
Q007590,S0612,C022,80,2
Q007591,S0612,C022,95,1
Q007592,S0612,C022,85,2
Q007593,S0612,C022,86,1
Q007594,S0612,C022,72,2
Q007595,S0612,C016,49,4
Q007596,S0612,C016,49,3
Q007597,S0612,C016,28,5
Q007598,S0612,C016,48,3
Q007599,S0613,C024,6,5
Q007600,S0613,C024,0,6
Q007601,S0613,C024,21,4
Q007602,S0613,C024,15,4
Q007603,S0613,C026,70,3
Q007604,S0613,C026,56,3
Q007605,S0613,C026,85,2
Q007606,S0613,C026,61,2
Q007607,S0613,C008,50,4
Q007608,S0613,C008,58,3
Q007609,S0613,C008,53,4
Q007610,S0613,C008,55,3
Q007611,S0613,C014,84,1
Q007612,S0613,C014,97,1
Q007613,S0613,C014,85,2
Q007614,S0613,C014,87,1
Q007615,S0614,C035,50,4
Q007616,S0614,C035,57,4
Q007617,S0614,C003,2,6
Q007618,S0614,C003,0,6
Q007619,S0614,C003,0,6
Q007620,S0614,C023,60,2
Q007621,S0614,C023,66,3
Q007622,S0615,C003,8,4
Q007623,S0615,C003,16,6
Q007624,S0615,C003,11,6
Q007625,S0615,C003,0,5
Q007626,S0615,C028,65,2
Q007627,S0615,C028,68,2
Q007628,S0615,C028,60,3
Q007629,S0615,C028,64,2
Q007630,S0615,C033,22,4
Q007631,S0615,C033,21,4
Q007632,S0615,C033,15,5
Q007633,S0615,C033,13,6
Q007634,S0616,C009,14,5
Q007635,S0616,C009,9,6
Q007636,S0616,C009,11,6
Q007637,S0616,C009,2,6
Q007638,S0616,C018,100,1
Q007639,S0616,C018,92,1
Q007640,S0616,C013,65,3
Q007641,S0616,C013,76,2
Q007642,S0616,C013,82,1
Q007643,S0616,C001,31,6
Q007644,S0616,C001,18,4
Q007645,S0616,C015,100,1
Q007646,S0616,C015,100,1
Q007647,S0616,C015,96,1
Q007648,S0616,C015,100,1
Q007649,S0616,C015,92,1
Q007650,S0617,C018,60,3
Q007651,S0617,C018,55,4
Q007652,S0617,C029,38,4
Q007653,S0617,C029,34,4
Q007654,S0617,C038,56,3
Q007655,S0617,C038,46,3
Q007656,S0617,C038,44,3
Q007657,S0618,C034,0,6
Q007658,S0618,C034,14,5
Q007659,S0618,C025,76,2
Q007660,S0618,C025,93,1
Q007661,S0618,C025,80,1
Q007662,S0618,C005,12,6
Q007663,S0618,C005,16,4
Q007664,S0618,C016,62,3
Q007665,S0618,C016,45,3
Q007666,S0619,C024,76,1
Q007667,S0619,C024,95,1
Q007668,S0619,C020,43,4
Q007669,S0619,C020,43,3
Q007670,S0619,C020,47,3
Q007671,S0619,C020,39,6
Q007672,S0619,C020,48,3
Q007673,S0620,C014,10,4
Q007674,S0620,C014,20,6
Q007675,S0620,C014,14,4
Q007676,S0620,C014,18,5
Q007677,S0620,C037,52,4
Q007678,S0620,C037,65,3
Q007679,S0620,C037,46,3
Q007680,S0620,C037,61,3
Q007681,S0620,C037,65,3
Q007682,S0621,C015,100,1
Q007683,S0621,C015,100,1
Q007684,S0621,C015,100,1
Q007685,S0621,C015,100,1
Q007686,S0621,C035,76,1
Q007687,S0621,C035,77,1
Q007688,S0622,C015,92,1
Q007689,S0622,C015,91,1
Q007690,S0622,C015,100,1
Q007691,S0622,C015,100,1
Q007692,S0622,C015,93,1
Q007693,S0622,C022,59,4
Q007694,S0622,C022,74,2
Q007695,S0623,C003,44,3
Q007696,S0623,C003,55,3
Q007697,S0623,C023,37,5
Q007698,S0623,C023,42,4
Q007699,S0623,C023,33,5
Q007700,S0623,C023,35,5
Q007701,S0623,C023,46,3
Q007702,S0623,C015,49,3
Q007703,S0623,C015,30,5
Q007704,S0623,C015,52,3
Q007705,S0623,C015,32,6
Q007706,S0623,C037,65,3
Q007707,S0623,C037,57,3
Q007708,S0623,C037,70,3
Q007709,S0623,C037,53,4
Q007710,S0623,C037,50,3
Q007711,S0624,C010,100,1
Q007712,S0624,C010,96,1
Q007713,S0624,C010,99,1
Q007714,S0624,C010,100,1
Q007715,S0624,C010,81,1
Q007716,S0624,C020,1,4
Q007717,S0624,C020,14,5
Q007718,S0624,C020,1,4
Q007719,S0624,C007,28,6
Q007720,S0624,C007,8,5
Q007721,S0624,C007,20,5
Q007722,S0624,C007,3,4
Q007723,S0624,C007,12,6
Q007724,S0625,C009,100,1
Q007725,S0625,C009,96,1
Q007726,S0625,C009,92,1
Q007727,S0625,C009,85,2
Q007728,S0625,C019,72,3
Q007729,S0625,C019,70,3
Q007730,S0625,C019,50,3
Q007731,S0625,C019,72,3
Q007732,S0625,C011,100,1
Q007733,S0625,C011,100,1
Q007734,S0625,C011,100,1
Q007735,S0625,C011,100,1
Q007736,S0625,C038,0,5
Q007737,S0625,C038,0,5
Q007738,S0625,C038,13,4
Q007739,S0626,C003,31,4
Q007740,S0626,C003,29,4
Q007741,S0626,C003,15,4
Q007742,S0626,C040,34,4
Q007743,S0626,C040,43,4
Q007744,S0626,C023,20,4
Q007745,S0626,C023,9,5
Q007746,S0626,C023,11,4
Q007747,S0626,C023,16,6
Q007748,S0626,C023,30,4
Q007749,S0626,C024,30,6
Q007750,S0626,C024,5,4
Q007751,S0627,C002,100,1
Q007752,S0627,C002,100,1
Q007753,S0627,C002,100,1
Q007754,S0627,C002,100,1
Q007755,S0627,C002,100,1
Q007756,S0627,C031,83,2
Q007757,S0627,C031,69,3
Q007758,S0627,C031,84,2
Q007759,S0628,C006,91,1
Q007760,S0628,C006,95,1
Q007761,S0628,C029,60,3
Q007762,S0628,C029,45,3
Q007763,S0628,C030,10,5
Q007764,S0628,C030,17,4
Q007765,S0628,C030,21,4
Q007766,S0628,C030,23,4
Q007767,S0628,C030,27,6
Q007768,S0628,C002,19,5
Q007769,S0628,C002,20,5
Q007770,S0628,C002,13,4
Q007771,S0629,C025,84,1
Q007772,S0629,C025,80,1
Q007773,S0629,C025,76,2
Q007774,S0629,C025,57,3
Q007775,S0629,C025,74,3
Q007776,S0629,C005,37,4
Q007777,S0629,C005,24,6
Q007778,S0629,C005,27,4
Q007779,S0629,C005,16,6
Q007780,S0629,C005,31,6
Q007781,S0629,C032,25,6
Q007782,S0629,C032,38,5
Q007783,S0629,C032,26,4
Q007784,S0629,C032,36,6
Q007785,S0629,C032,35,5
Q007786,S0630,C030,0,5
Q007787,S0630,C030,1,5
Q007788,S0630,C006,87,2
Q007789,S0630,C006,77,1
Q007790,S0630,C006,93,1
Q007791,S0630,C006,87,2
Q007792,S0630,C016,76,2
Q007793,S0630,C016,77,1
Q007794,S0630,C016,84,2
Q007795,S0630,C016,71,2
Q007796,S0630,C016,61,3
Q007797,S0630,C032,17,6
Q007798,S0630,C032,14,6
Q007799,S0630,C032,4,6
Q007800,S0630,C032,24,5
Q007801,S0631,C026,28,4
Q007802,S0631,C026,44,4
Q007803,S0631,C026,28,4
Q007804,S0631,C026,46,3
Q007805,S0631,C026,31,5
Q007806,S0631,C015,75,1
Q007807,S0631,C015,72,3
Q007808,S0631,C023,49,3
Q007809,S0631,C023,33,5
Q007810,S0631,C023,38,6
Q007811,S0632,C037,79,1
Q007812,S0632,C037,78,1
Q007813,S0632,C037,79,2
Q007814,S0632,C037,95,1
Q007815,S0632,C037,85,1
Q007816,S0632,C038,27,4
Q007817,S0632,C038,27,4
Q007818,S0632,C006,88,1
Q007819,S0632,C006,92,1
Q007820,S0632,C006,72,3
Q007821,S0632,C006,67,2
Q007822,S0632,C006,64,2
Q007823,S0632,C032,39,5
Q007824,S0632,C032,40,4
Q007825,S0632,C032,30,5
Q007826,S0632,C025,22,5
Q007827,S0632,C025,21,4
Q007828,S0632,C025,20,6
Q007829,S0632,C025,35,4
Q007830,S0633,C026,37,6
Q007831,S0633,C026,49,4
Q007832,S0633,C026,36,4
Q007833,S0633,C026,34,4
Q007834,S0633,C030,56,3
Q007835,S0633,C030,54,3
Q007836,S0633,C030,35,6
Q007837,S0633,C030,36,4
Q007838,S0633,C007,65,2
Q007839,S0633,C007,62,2
Q007840,S0633,C007,68,3
Q007841,S0633,C007,61,2
Q007842,S0633,C007,69,3
Q007843,S0634,C034,80,2
Q007844,S0634,C034,83,2
Q007845,S0634,C034,60,2
Q007846,S0634,C013,0,4
Q007847,S0634,C013,0,5
Q007848,S0634,C013,0,5
Q007849,S0634,C004,76,2
Q007850,S0634,C004,65,2
Q007851,S0634,C029,24,5
Q007852,S0634,C029,34,6
Q007853,S0634,C029,24,6
Q007854,S0634,C029,43,3
Q007855,S0634,C029,46,3
Q007856,S0634,C031,90,1
Q007857,S0634,C031,93,1
Q007858,S0634,C031,99,1
Q007859,S0634,C031,100,1
Q007860,S0635,C001,32,5
Q007861,S0635,C001,39,5
Q007862,S0635,C001,50,3
Q007863,S0635,C014,59,4
Q007864,S0635,C014,31,5
Q007865,S0635,C014,34,4
Q007866,S0635,C035,0,5
Q007867,S0635,C035,0,6
Q007868,S0635,C035,0,4
Q007869,S0635,C035,9,5
Q007870,S0635,C035,0,5
Q007871,S0636,C022,76,1
Q007872,S0636,C022,69,2
Q007873,S0636,C022,83,2
Q007874,S0636,C016,55,4
Q007875,S0636,C016,73,3
Q007876,S0636,C016,74,3
Q007877,S0636,C016,61,3
Q007878,S0637,C030,53,3
Q007879,S0637,C030,56,4
Q007880,S0637,C012,67,2
Q007881,S0637,C012,57,4
Q007882,S0638,C001,15,6
Q007883,S0638,C001,9,5
Q007884,S0638,C001,30,6
Q007885,S0638,C037,49,4
Q007886,S0638,C037,45,3
Q007887,S0638,C037,39,4
Q007888,S0638,C020,63,3
Q007889,S0638,C020,59,4
Q007890,S0638,C020,66,2
Q007891,S0638,C003,54,3
Q007892,S0638,C003,58,4
Q007893,S0638,C014,0,6
Q007894,S0638,C014,1,5
Q007895,S0639,C039,29,6
Q007896,S0639,C039,27,6
Q007897,S0639,C008,82,2
Q007898,S0639,C008,75,2
Q007899,S0639,C008,86,1
Q007900,S0639,C008,72,3
Q007901,S0640,C026,0,6
Q007902,S0640,C026,0,6
Q007903,S0640,C026,0,5
Q007904,S0640,C026,0,5
Q007905,S0640,C016,42,4
Q007906,S0640,C016,23,5
Q007907,S0640,C018,16,6
Q007908,S0640,C018,25,4
Q007909,S0640,C040,74,3
Q007910,S0640,C040,87,2
Q007911,S0640,C040,72,2
Q007912,S0640,C040,62,3
Q007913,S0640,C040,73,2
Q007914,S0640,C031,48,3
Q007915,S0640,C031,60,2
Q007916,S0640,C031,48,4
Q007917,S0640,C031,54,3
Q007918,S0640,C031,57,3
Q007919,S0641,C003,73,3
Q007920,S0641,C003,96,1
Q007921,S0641,C003,82,1
Q007922,S0641,C003,75,1
Q007923,S0641,C028,35,6
Q007924,S0641,C028,43,3
Q007925,S0641,C028,45,4
Q007926,S0641,C010,31,4
Q007927,S0641,C010,28,5
Q007928,S0641,C010,43,4
Q007929,S0641,C010,32,6
Q007930,S0641,C013,97,1
Q007931,S0641,C013,96,1
Q007932,S0641,C013,89,2
Q007933,S0641,C013,97,1
Q007934,S0641,C031,50,3
Q007935,S0641,C031,42,3
Q007936,S0641,C031,36,4
Q007937,S0642,C005,63,3
Q007938,S0642,C005,66,3
Q007939,S0642,C015,100,1
Q007940,S0642,C015,100,1
Q007941,S0642,C015,82,2
Q007942,S0642,C015,93,1
Q007943,S0642,C015,93,1
Q007944,S0643,C034,77,2
Q007945,S0643,C034,73,2
Q007946,S0643,C034,76,1
Q007947,S0643,C017,80,2
Q007948,S0643,C017,66,3
Q007949,S0643,C036,46,3
Q007950,S0643,C036,47,3
Q007951,S0643,C036,45,3
Q007952,S0643,C036,66,3
Q007953,S0643,C023,25,5
Q007954,S0643,C023,27,5
Q007955,S0643,C023,24,5
Q007956,S0643,C023,27,6
Q007957,S0643,C028,37,5
Q007958,S0643,C028,59,3
Q007959,S0644,C035,76,2
Q007960,S0644,C035,100,1
Q007961,S0644,C035,72,3
Q007962,S0644,C035,84,1
Q007963,S0644,C018,46,3
Q007964,S0644,C018,52,4
Q007965,S0644,C024,41,3
Q007966,S0644,C024,47,4
Q007967,S0644,C034,31,4
Q007968,S0644,C034,22,5
Q007969,S0644,C003,1,6
Q007970,S0644,C003,26,6
Q007971,S0644,C003,18,5
Q007972,S0644,C003,16,5
Q007973,S0645,C013,32,5
Q007974,S0645,C013,36,4
Q007975,S0645,C013,22,5
Q007976,S0645,C022,66,3
Q007977,S0645,C022,50,4
Q007978,S0645,C022,53,4
Q007979,S0645,C022,71,2
Q007980,S0645,C022,60,3
Q007981,S0645,C001,47,4
Q007982,S0645,C001,54,4
Q007983,S0645,C001,33,5
Q007984,S0645,C001,46,3
Q007985,S0645,C025,100,1
Q007986,S0645,C025,100,1
Q007987,S0645,C025,95,1
Q007988,S0645,C025,82,1
Q007989,S0645,C025,89,1
Q007990,S0645,C031,12,4
Q007991,S0645,C031,13,5
Q007992,S0645,C031,33,5
Q007993,S0645,C031,25,6
Q007994,S0646,C016,64,3
Q007995,S0646,C016,79,1
Q007996,S0646,C016,70,2
Q007997,S0646,C016,74,2
Q007998,S0646,C037,100,1
Q007999,S0646,C037,100,1
Q008000,S0646,C037,100,1
Q008001,S0646,C037,98,1
Q008002,S0646,C027,92,1
Q008003,S0646,C027,87,1
Q008004,S0646,C027,80,1
Q008005,S0646,C008,72,3
Q008006,S0646,C008,85,2
Q008007,S0646,C008,90,1
Q008008,S0646,C040,61,3
Q008009,S0646,C040,60,3
Q008010,S0647,C018,1,6
Q008011,S0647,C018,0,4
Q008012,S0647,C018,2,6
Q008013,S0647,C018,19,5
Q008014,S0647,C018,20,4
Q008015,S0647,C002,52,4
Q008016,S0647,C002,67,2
Q008017,S0647,C002,68,2
Q008018,S0647,C002,63,3
Q008019,S0647,C002,60,3
Q008020,S0647,C008,62,3
Q008021,S0647,C008,78,2
Q008022,S0647,C008,75,2
Q008023,S0647,C027,87,2
Q008024,S0647,C027,81,2
Q008025,S0647,C027,83,1
Q008026,S0648,C038,21,6
Q008027,S0648,C038,20,5
Q008028,S0648,C038,23,4
Q008029,S0648,C038,34,6
Q008030,S0648,C014,29,5
Q008031,S0648,C014,25,6
Q008032,S0648,C028,5,6
Q008033,S0648,C028,7,4
Q008034,S0648,C002,81,1
Q008035,S0648,C002,86,2
Q008036,S0648,C002,96,1
Q008037,S0649,C025,0,4
Q008038,S0649,C025,0,5
Q008039,S0649,C022,49,4
Q008040,S0649,C022,44,4
Q008041,S0649,C002,18,5
Q008042,S0649,C002,29,5
Q008043,S0649,C020,17,6
Q008044,S0649,C020,33,6
Q008045,S0649,C020,22,6
Q008046,S0649,C020,21,4
Q008047,S0650,C011,40,4
Q008048,S0650,C011,22,5
Q008049,S0650,C011,38,6
Q008050,S0650,C017,0,4
Q008051,S0650,C017,12,5
Q008052,S0650,C017,0,6
Q008053,S0650,C017,0,6
Q008054,S0650,C017,0,6
Q008055,S0651,C030,0,4
Q008056,S0651,C030,0,4
Q008057,S0651,C030,13,6
Q008058,S0651,C030,0,4
Q008059,S0651,C030,0,6
Q008060,S0651,C024,42,4
Q008061,S0651,C024,13,6
Q008062,S0651,C024,31,6
Q008063,S0651,C040,25,6
Q008064,S0651,C040,29,5
Q008065,S0651,C040,34,4
Q008066,S0651,C007,8,4
Q008067,S0651,C007,8,6
Q008068,S0651,C014,88,2
Q008069,S0651,C014,74,2
Q008070,S0651,C014,93,1
Q008071,S0651,C014,86,1
Q008072,S0651,C014,83,1
Q008073,S0652,C031,88,1
Q008074,S0652,C031,88,2
Q008075,S0652,C031,84,2
Q008076,S0652,C031,100,1
Q008077,S0652,C010,92,1
Q008078,S0652,C010,94,1
Q008079,S0652,C010,96,1
Q008080,S0652,C039,89,2
Q008081,S0652,C039,84,1
Q008082,S0652,C039,100,1
Q008083,S0652,C039,95,1
Q008084,S0653,C021,0,4
Q008085,S0653,C021,24,5
Q008086,S0653,C021,3,5
Q008087,S0653,C021,15,6
Q008088,S0653,C021,0,5
Q008089,S0653,C003,89,2
Q008090,S0653,C003,88,1
Q008091,S0654,C038,16,4
Q008092,S0654,C038,22,4
Q008093,S0654,C038,39,4
Q008094,S0654,C010,30,5
Q008095,S0654,C010,24,4
Q008096,S0654,C010,26,4
Q008097,S0654,C026,16,6
Q008098,S0654,C026,7,4
Q008099,S0654,C034,4,6
Q008100,S0654,C034,0,4
Q008101,S0654,C034,0,6
Q008102,S0654,C011,74,2
Q008103,S0654,C011,79,2
Q008104,S0654,C011,68,2
Q008105,S0654,C011,56,3
Q008106,S0654,C011,59,4
Q008107,S0655,C022,19,6
Q008108,S0655,C022,41,4
Q008109,S0655,C011,78,1
Q008110,S0655,C011,75,1
Q008111,S0655,C008,92,1
Q008112,S0655,C008,97,1
Q008113,S0655,C008,100,1
Q008114,S0655,C006,58,3
Q008115,S0655,C006,75,1
Q008116,S0655,C037,34,4
Q008117,S0655,C037,57,3
Q008118,S0655,C037,33,6
Q008119,S0655,C037,56,3
Q008120,S0655,C037,53,3
Q008121,S0656,C010,20,5
Q008122,S0656,C010,4,6
Q008123,S0656,C010,7,5
Q008124,S0656,C010,9,4
Q008125,S0656,C010,0,4
Q008126,S0656,C034,70,3
Q008127,S0656,C034,53,3
Q008128,S0656,C034,63,3
Q008129,S0656,C034,64,3
Q008130,S0656,C034,45,3
Q008131,S0656,C026,68,3
Q008132,S0656,C026,65,2
Q008133,S0656,C023,38,4
Q008134,S0656,C023,49,3
Q008135,S0656,C023,46,3
Q008136,S0657,C018,100,1
Q008137,S0657,C018,91,1
Q008138,S0657,C018,100,1
Q008139,S0657,C018,100,1
Q008140,S0657,C008,63,3
Q008141,S0657,C008,77,2
Q008142,S0657,C037,28,5
Q008143,S0657,C037,24,6
Q008144,S0657,C037,51,3
Q008145,S0657,C037,21,5
Q008146,S0657,C037,34,5
Q008147,S0657,C030,48,4
Q008148,S0657,C030,60,3
Q008149,S0658,C005,100,1
Q008150,S0658,C005,78,2
Q008151,S0658,C005,84,1
Q008152,S0658,C005,85,2
Q008153,S0658,C036,43,4
Q008154,S0658,C036,56,4
Q008155,S0658,C036,40,3
Q008156,S0658,C036,67,3
Q008157,S0658,C018,70,2
Q008158,S0658,C018,87,1
Q008159,S0658,C018,75,2
Q008160,S0659,C006,5,4
Q008161,S0659,C006,30,5
Q008162,S0659,C006,31,4
Q008163,S0659,C006,6,6
Q008164,S0659,C006,23,5
Q008165,S0659,C039,15,6
Q008166,S0659,C039,22,5
Q008167,S0659,C039,4,6
Q008168,S0659,C029,97,1
Q008169,S0659,C029,92,1
Q008170,S0659,C029,89,1
Q008171,S0659,C029,81,2
Q008172,S0659,C009,44,3
Q008173,S0659,C009,21,5
Q008174,S0659,C009,37,5
Q008175,S0659,C009,41,4
Q008176,S0660,C001,34,6
Q008177,S0660,C001,27,6
Q008178,S0660,C001,42,3
Q008179,S0660,C001,30,6
Q008180,S0660,C010,68,2
Q008181,S0660,C010,81,1
Q008182,S0660,C010,61,3
Q008183,S0660,C010,59,4
Q008184,S0660,C020,55,3
Q008185,S0660,C020,78,2
Q008186,S0661,C018,25,4
Q008187,S0661,C018,38,4
Q008188,S0661,C018,42,3
Q008189,S0661,C018,44,3
Q008190,S0661,C022,87,2
Q008191,S0661,C022,85,1
Q008192,S0661,C022,86,1
Q008193,S0661,C022,84,2
Q008194,S0662,C012,95,1
Q008195,S0662,C012,95,1
Q008196,S0662,C012,69,3
Q008197,S0662,C031,62,3
Q008198,S0662,C031,60,2
Q008199,S0662,C031,64,2
Q008200,S0662,C014,3,5
Q008201,S0662,C014,11,5
Q008202,S0662,C009,59,4
Q008203,S0662,C009,68,3
Q008204,S0662,C009,70,2
Q008205,S0662,C019,18,5
Q008206,S0662,C019,37,4
Q008207,S0662,C019,38,6
Q008208,S0662,C019,18,6
Q008209,S0663,C024,19,5
Q008210,S0663,C024,0,5
Q008211,S0663,C024,19,4
Q008212,S0663,C013,80,1
Q008213,S0663,C013,66,3
Q008214,S0663,C013,86,2
Q008215,S0663,C013,80,1
Q008216,S0664,C029,8,5
Q008217,S0664,C029,10,4
Q008218,S0664,C029,22,6
Q008219,S0664,C029,20,4
Q008220,S0664,C002,85,2
Q008221,S0664,C002,72,3
Q008222,S0664,C002,99,1
Q008223,S0664,C019,72,2
Q008224,S0664,C019,74,3
Q008225,S0664,C032,12,4
Q008226,S0664,C032,11,5
Q008227,S0664,C032,3,5
Q008228,S0665,C016,59,3
Q008229,S0665,C016,48,3
Q008230,S0665,C038,55,4
Q008231,S0665,C038,40,4
Q008232,S0665,C033,93,1
Q008233,S0665,C033,82,1
Q008234,S0666,C031,44,3
Q008235,S0666,C031,37,6
Q008236,S0666,C031,38,5
Q008237,S0666,C031,58,4
Q008238,S0666,C018,82,2
Q008239,S0666,C018,62,3
Q008240,S0666,C018,80,1
Q008241,S0666,C018,75,1
Q008242,S0666,C018,81,2
Q008243,S0666,C015,47,4
Q008244,S0666,C015,21,6
Q008245,S0667,C001,76,1
Q008246,S0667,C001,70,3
Q008247,S0667,C001,70,3
Q008248,S0667,C001,66,3
Q008249,S0667,C001,63,2
Q008250,S0667,C029,0,4
Q008251,S0667,C029,0,6
Q008252,S0667,C029,8,4
Q008253,S0668,C017,46,4
Q008254,S0668,C017,47,3
Q008255,S0668,C017,26,6
Q008256,S0668,C017,50,3
Q008257,S0668,C017,56,3
Q008258,S0668,C037,88,1
Q008259,S0668,C037,91,1
Q008260,S0668,C037,69,2
Q008261,S0668,C037,89,1
Q008262,S0668,C031,52,4
Q008263,S0668,C031,75,1
Q008264,S0668,C031,77,1
Q008265,S0668,C031,70,2
Q008266,S0668,C015,42,4
Q008267,S0668,C015,39,5
Q008268,S0668,C015,54,4
Q008269,S0668,C015,46,4
Q008270,S0668,C015,34,4
Q008271,S0668,C013,49,4
Q008272,S0668,C013,48,3
Q008273,S0668,C013,38,5
Q008274,S0668,C013,46,3
Q008275,S0668,C013,42,3
Q008276,S0669,C028,84,2
Q008277,S0669,C028,87,2
Q008278,S0669,C028,91,1
Q008279,S0669,C028,84,1
Q008280,S0669,C011,16,6
Q008281,S0669,C011,31,5
Q008282,S0669,C016,27,6
Q008283,S0669,C016,14,6
Q008284,S0669,C016,18,5
Q008285,S0669,C016,33,6
Q008286,S0669,C012,67,3
Q008287,S0669,C012,44,4
Q008288,S0669,C012,62,3
Q008289,S0669,C012,58,3
Q008290,S0670,C033,42,3
Q008291,S0670,C033,30,5
Q008292,S0670,C033,31,6
Q008293,S0670,C033,38,6
Q008294,S0670,C033,41,4
Q008295,S0670,C010,57,4
Q008296,S0670,C010,51,4
Q008297,S0670,C010,68,2
Q008298,S0670,C007,79,1
Q008299,S0670,C007,65,3
Q008300,S0670,C007,92,1
Q008301,S0670,C007,89,2
Q008302,S0670,C007,78,2
Q008303,S0671,C021,73,2
Q008304,S0671,C021,48,3
Q008305,S0671,C024,46,4
Q008306,S0671,C024,36,5
Q008307,S0671,C024,46,3
Q008308,S0671,C024,40,3
Q008309,S0672,C030,37,5
Q008310,S0672,C030,35,6
Q008311,S0672,C030,46,4
Q008312,S0672,C030,53,3
Q008313,S0672,C001,87,2
Q008314,S0672,C001,96,1
Q008315,S0672,C001,91,1
Q008316,S0672,C001,96,1
Q008317,S0672,C001,89,2
Q008318,S0672,C023,6,6
Q008319,S0672,C023,10,5
Q008320,S0672,C011,82,2
Q008321,S0672,C011,87,1
Q008322,S0672,C011,90,1
Q008323,S0672,C011,97,1
Q008324,S0672,C011,81,1
Q008325,S0673,C033,14,5
Q008326,S0673,C033,0,5
Q008327,S0673,C033,0,5
Q008328,S0673,C033,0,6
Q008329,S0673,C034,52,3
Q008330,S0673,C034,39,5
Q008331,S0673,C034,34,5
Q008332,S0673,C034,39,4
Q008333,S0673,C034,45,3
Q008334,S0674,C030,52,3
Q008335,S0674,C030,36,5
Q008336,S0674,C030,33,5
Q008337,S0674,C030,44,3
Q008338,S0674,C030,40,4
Q008339,S0674,C018,33,5
Q008340,S0674,C018,55,4
Q008341,S0674,C001,25,5
Q008342,S0674,C001,49,4
Q008343,S0674,C001,46,4
Q008344,S0674,C012,24,6
Q008345,S0674,C012,31,5
Q008346,S0675,C006,44,3
Q008347,S0675,C006,32,4
Q008348,S0675,C016,80,2
Q008349,S0675,C016,87,1
Q008350,S0675,C016,82,1
Q008351,S0675,C016,98,1
Q008352,S0675,C016,100,1
Q008353,S0675,C028,47,4
Q008354,S0675,C028,54,4
Q008355,S0675,C028,54,3
Q008356,S0675,C028,31,5
Q008357,S0675,C028,60,3
Q008358,S0676,C013,29,6
Q008359,S0676,C013,10,6
Q008360,S0676,C013,9,5
Q008361,S0676,C013,29,4
Q008362,S0676,C009,0,5
Q008363,S0676,C009,11,4
Q008364,S0676,C009,0,5
Q008365,S0676,C009,0,6
Q008366,S0676,C009,8,4
Q008367,S0676,C029,7,6
Q008368,S0676,C029,20,6
Q008369,S0676,C029,5,4
Q008370,S0676,C029,26,5
Q008371,S0676,C029,28,5
Q008372,S0676,C008,47,3
Q008373,S0676,C008,47,3
Q008374,S0676,C008,43,4
Q008375,S0676,C008,63,3
Q008376,S0676,C008,50,3
Q008377,S0676,C002,50,4
Q008378,S0676,C002,39,5
Q008379,S0676,C002,61,2
Q008380,S0676,C002,60,3
Q008381,S0677,C017,72,2
Q008382,S0677,C017,75,2
Q008383,S0677,C017,88,2
Q008384,S0677,C017,72,2
Q008385,S0677,C017,81,1
Q008386,S0677,C029,46,4
Q008387,S0677,C029,57,4
Q008388,S0677,C029,60,2
Q008389,S0677,C029,57,3
Q008390,S0677,C036,5,6
Q008391,S0677,C036,0,4
Q008392,S0677,C036,18,4
Q008393,S0677,C036,16,5
Q008394,S0677,C036,0,4
Q008395,S0678,C008,50,4
Q008396,S0678,C008,43,3
Q008397,S0678,C008,40,4
Q008398,S0678,C008,48,3
Q008399,S0678,C032,64,3
Q008400,S0678,C032,68,2
Q008401,S0678,C032,71,3
Q008402,S0678,C032,46,4
Q008403,S0678,C032,73,2
Q008404,S0679,C013,90,1
Q008405,S0679,C013,80,1
Q008406,S0679,C014,90,1
Q008407,S0679,C014,92,1
Q008408,S0679,C014,100,1
Q008409,S0679,C016,0,5
Q008410,S0679,C016,0,6
Q008411,S0679,C016,0,6
Q008412,S0679,C016,14,5
Q008413,S0679,C016,0,5
Q008414,S0679,C035,50,3
Q008415,S0679,C035,40,3
Q008416,S0680,C021,61,2
Q008417,S0680,C021,41,4
Q008418,S0680,C021,42,4
Q008419,S0680,C005,100,1
Q008420,S0680,C005,99,1
Q008421,S0680,C005,87,1
Q008422,S0680,C026,27,4
Q008423,S0680,C026,49,4
Q008424,S0680,C007,36,5
Q008425,S0680,C007,38,5
Q008426,S0680,C007,40,3
Q008427,S0680,C007,38,6
Q008428,S0681,C007,14,6
Q008429,S0681,C007,26,5
Q008430,S0681,C007,10,6
Q008431,S0681,C007,24,5
Q008432,S0681,C024,37,4
Q008433,S0681,C024,27,6
Q008434,S0681,C024,56,3
Q008435,S0681,C024,26,5
Q008436,S0681,C024,41,4
Q008437,S0682,C022,52,3
Q008438,S0682,C022,72,2
Q008439,S0682,C022,54,4
Q008440,S0682,C022,69,2
Q008441,S0682,C022,69,2
Q008442,S0682,C013,100,1
Q008443,S0682,C013,100,1
Q008444,S0682,C013,100,1
Q008445,S0682,C013,100,1
Q008446,S0682,C013,100,1
Q008447,S0683,C030,47,4
Q008448,S0683,C030,56,4
Q008449,S0683,C020,12,6
Q008450,S0683,C020,36,5
Q008451,S0683,C020,37,6
Q008452,S0683,C020,29,6
Q008453,S0683,C020,30,5
Q008454,S0684,C035,79,1
Q008455,S0684,C035,65,2
Q008456,S0684,C035,70,3
Q008457,S0684,C035,77,1
Q008458,S0684,C040,25,4
Q008459,S0684,C040,24,5
Q008460,S0684,C040,12,4
Q008461,S0684,C040,29,5
Q008462,S0684,C040,14,4
Q008463,S0684,C003,56,3
Q008464,S0684,C003,67,2
Q008465,S0684,C003,69,2
Q008466,S0684,C003,51,3
Q008467,S0684,C003,61,2
Q008468,S0685,C025,11,5
Q008469,S0685,C025,19,4
Q008470,S0685,C025,25,5
Q008471,S0685,C005,8,6
Q008472,S0685,C005,17,4
Q008473,S0685,C005,4,6
Q008474,S0685,C005,0,4
Q008475,S0685,C012,100,1
Q008476,S0685,C012,77,2
Q008477,S0685,C012,90,1
Q008478,S0685,C012,100,1
Q008479,S0686,C033,82,2
Q008480,S0686,C033,88,1
Q008481,S0686,C033,62,3
Q008482,S0686,C005,86,1
Q008483,S0686,C005,96,1
Q008484,S0686,C005,82,1
Q008485,S0686,C005,91,1
Q008486,S0686,C005,88,2
Q008487,S0686,C011,69,2
Q008488,S0686,C011,56,3
Q008489,S0687,C031,78,2
Q008490,S0687,C031,83,1
Q008491,S0687,C031,76,2
Q008492,S0687,C031,56,3
Q008493,S0687,C031,72,3
Q008494,S0687,C016,71,2
Q008495,S0687,C016,87,2
Q008496,S0687,C016,74,2
Q008497,S0687,C016,96,1
Q008498,S0687,C016,94,1
Q008499,S0687,C006,52,3
Q008500,S0687,C006,79,2
Q008501,S0687,C006,51,4
Q008502,S0687,C002,10,6
Q008503,S0687,C002,9,5
Q008504,S0687,C028,97,1
Q008505,S0687,C028,82,2
Q008506,S0687,C028,87,2
Q008507,S0687,C028,100,1
Q008508,S0688,C010,48,4
Q008509,S0688,C010,72,3
Q008510,S0688,C010,59,4
Q008511,S0688,C010,70,2
Q008512,S0688,C040,68,2
Q008513,S0688,C040,88,1
Q008514,S0688,C040,85,2
Q008515,S0688,C040,67,3
Q008516,S0689,C004,75,1
Q008517,S0689,C004,69,2
Q008518,S0689,C004,77,2
Q008519,S0689,C032,49,4
Q008520,S0689,C032,65,2
Q008521,S0689,C037,14,4
Q008522,S0689,C037,26,4
Q008523,S0689,C037,10,5
Q008524,S0689,C037,26,6
Q008525,S0689,C037,20,6
Q008526,S0689,C019,55,4
Q008527,S0689,C019,42,4
Q008528,S0689,C019,43,3
Q008529,S0689,C019,43,3
Q008530,S0689,C014,83,1
Q008531,S0689,C014,90,1
Q008532,S0689,C014,75,1
Q008533,S0689,C014,82,2
Q008534,S0690,C003,64,3
Q008535,S0690,C003,68,2
Q008536,S0690,C003,56,4
Q008537,S0690,C003,67,2
Q008538,S0690,C009,85,1
Q008539,S0690,C009,86,1
Q008540,S0690,C004,63,3
Q008541,S0690,C004,73,3
Q008542,S0690,C004,66,3
Q008543,S0690,C026,21,4
Q008544,S0690,C026,21,4
Q008545,S0690,C026,0,5
Q008546,S0690,C026,16,6
Q008547,S0690,C007,56,3
Q008548,S0690,C007,74,3
Q008549,S0691,C026,26,5
Q008550,S0691,C026,33,4
Q008551,S0691,C026,15,5
Q008552,S0691,C026,22,4
Q008553,S0691,C026,15,5
Q008554,S0691,C010,74,3
Q008555,S0691,C010,100,1
Q008556,S0692,C009,26,4
Q008557,S0692,C009,10,5
Q008558,S0692,C019,14,5
Q008559,S0692,C019,35,6
Q008560,S0692,C019,29,6
Q008561,S0692,C019,21,5
Q008562,S0692,C019,26,5
Q008563,S0693,C004,73,2
Q008564,S0693,C004,57,3
Q008565,S0693,C038,81,2
Q008566,S0693,C038,53,3
Q008567,S0693,C038,67,2
Q008568,S0693,C037,37,6
Q008569,S0693,C037,52,4
Q008570,S0693,C037,63,3
Q008571,S0693,C037,62,3
Q008572,S0693,C037,40,4
Q008573,S0693,C015,66,3
Q008574,S0693,C015,56,3
Q008575,S0694,C039,61,3
Q008576,S0694,C039,54,3
Q008577,S0694,C039,55,3
Q008578,S0694,C039,50,4
Q008579,S0694,C039,65,2
Q008580,S0694,C025,44,3
Q008581,S0694,C025,44,4
Q008582,S0694,C025,41,4
Q008583,S0695,C040,35,5
Q008584,S0695,C040,21,5
Q008585,S0695,C040,44,4
Q008586,S0695,C011,87,1
Q008587,S0695,C011,75,2
Q008588,S0695,C011,76,1
Q008589,S0695,C011,70,3
Q008590,S0695,C011,88,2
Q008591,S0695,C035,58,4
Q008592,S0695,C035,53,4
Q008593,S0695,C035,62,3
Q008594,S0695,C035,63,2
Q008595,S0696,C037,40,4
Q008596,S0696,C037,32,5
Q008597,S0696,C011,46,4
Q008598,S0696,C011,22,4
Q008599,S0696,C035,21,5
Q008600,S0696,C035,45,3
Q008601,S0696,C020,100,1
Q008602,S0696,C020,94,1
Q008603,S0696,C020,85,1
Q008604,S0697,C040,86,1
Q008605,S0697,C040,88,2
Q008606,S0697,C040,98,1
Q008607,S0697,C040,84,1
Q008608,S0697,C040,80,2
Q008609,S0697,C010,66,2
Q008610,S0697,C010,81,2
Q008611,S0697,C010,60,2
Q008612,S0698,C003,58,4
Q008613,S0698,C003,61,2
Q008614,S0698,C003,59,3
Q008615,S0698,C003,61,3
Q008616,S0698,C002,4,5
Q008617,S0698,C002,18,5
Q008618,S0698,C001,3,6
Q008619,S0698,C001,1,4
Q008620,S0698,C001,0,4
Q008621,S0698,C001,0,5
Q008622,S0698,C001,0,5
Q008623,S0699,C017,46,3
Q008624,S0699,C017,39,5
Q008625,S0699,C017,48,3
Q008626,S0699,C017,31,5
Q008627,S0699,C032,22,4
Q008628,S0699,C032,7,4
Q008629,S0699,C032,17,6
Q008630,S0699,C032,5,4
Q008631,S0700,C039,9,4
Q008632,S0700,C039,30,6
Q008633,S0700,C039,26,5
Q008634,S0700,C039,27,6
Q008635,S0700,C039,11,5
Q008636,S0700,C034,80,2
Q008637,S0700,C034,98,1
Q008638,S0701,C009,11,5
Q008639,S0701,C009,0,6
Q008640,S0701,C009,1,4
Q008641,S0701,C009,15,4
Q008642,S0701,C038,63,2
Q008643,S0701,C038,41,3
Q008644,S0701,C038,49,4
Q008645,S0701,C038,34,6
Q008646,S0701,C038,64,3
Q008647,S0701,C027,80,1
Q008648,S0701,C027,77,1
Q008649,S0701,C027,83,2
Q008650,S0702,C037,67,3
Q008651,S0702,C037,66,2
Q008652,S0702,C038,90,1
Q008653,S0702,C038,86,1
Q008654,S0702,C038,100,1
Q008655,S0702,C027,14,6
Q008656,S0702,C027,20,4
Q008657,S0702,C027,9,5
Q008658,S0702,C027,8,6
Q008659,S0702,C027,19,4
Q008660,S0702,C014,59,3
Q008661,S0702,C014,45,4
Q008662,S0702,C014,59,4
Q008663,S0702,C012,5,5
Q008664,S0702,C012,0,6
Q008665,S0702,C012,26,4
Q008666,S0702,C012,2,6
Q008667,S0702,C012,19,6
Q008668,S0703,C024,6,6
Q008669,S0703,C024,21,5
Q008670,S0703,C024,14,5
Q008671,S0703,C005,50,4
Q008672,S0703,C005,42,4
Q008673,S0703,C005,38,4
Q008674,S0703,C005,63,3
Q008675,S0703,C005,52,4
Q008676,S0703,C014,29,6
Q008677,S0703,C014,15,4
Q008678,S0703,C014,28,5
Q008679,S0704,C014,100,1
Q008680,S0704,C014,78,2
Q008681,S0704,C014,96,1
Q008682,S0704,C014,81,1
Q008683,S0704,C036,42,4
Q008684,S0704,C036,40,4
Q008685,S0704,C029,77,2
Q008686,S0704,C029,92,1
Q008687,S0704,C028,94,1
Q008688,S0704,C028,76,2
Q008689,S0704,C028,71,2
Q008690,S0704,C028,68,3
Q008691,S0704,C028,91,1
Q008692,S0704,C002,92,1
Q008693,S0704,C002,81,1
Q008694,S0704,C002,98,1
Q008695,S0704,C002,94,1
Q008696,S0704,C002,97,1
Q008697,S0705,C035,93,1
Q008698,S0705,C035,75,2
Q008699,S0705,C035,80,1
Q008700,S0705,C035,82,1
Q008701,S0705,C040,25,4
Q008702,S0705,C040,17,6
Q008703,S0705,C040,45,4
Q008704,S0705,C040,20,4
Q008705,S0705,C012,27,6
Q008706,S0705,C012,37,5
Q008707,S0705,C039,2,6
Q008708,S0705,C039,15,6
Q008709,S0705,C039,26,4
Q008710,S0705,C039,0,5
Q008711,S0705,C037,85,1
Q008712,S0705,C037,100,1
Q008713,S0705,C037,100,1
Q008714,S0706,C034,53,4
Q008715,S0706,C034,75,1
Q008716,S0706,C034,71,2
Q008717,S0706,C034,70,3
Q008718,S0706,C002,87,2
Q008719,S0706,C002,80,2
Q008720,S0706,C002,75,2
Q008721,S0706,C002,73,2
Q008722,S0706,C030,39,5
Q008723,S0706,C030,60,3
Q008724,S0707,C005,86,2
Q008725,S0707,C005,82,1
Q008726,S0707,C005,84,1
Q008727,S0707,C005,92,1
Q008728,S0707,C005,83,2
Q008729,S0707,C021,55,3
Q008730,S0707,C021,64,2
Q008731,S0707,C021,65,2
Q008732,S0707,C021,57,4
Q008733,S0708,C022,71,2
Q008734,S0708,C022,49,4
Q008735,S0708,C022,51,3
Q008736,S0708,C039,14,5
Q008737,S0708,C039,29,5
Q008738,S0708,C039,13,5
Q008739,S0708,C039,28,5
Q008740,S0708,C039,19,4
Q008741,S0709,C019,42,4
Q008742,S0709,C019,38,4
Q008743,S0709,C019,57,4
Q008744,S0709,C033,63,2
Q008745,S0709,C033,63,2
Q008746,S0709,C033,91,1
Q008747,S0709,C033,69,2
Q008748,S0709,C018,48,3
Q008749,S0709,C018,63,2
Q008750,S0709,C018,50,4
Q008751,S0709,C018,75,1
Q008752,S0709,C018,59,4
Q008753,S0710,C029,81,1
Q008754,S0710,C029,63,2
Q008755,S0710,C029,79,1
Q008756,S0710,C029,63,3
Q008757,S0710,C029,79,1
Q008758,S0710,C020,87,2
Q008759,S0710,C020,77,1
Q008760,S0710,C011,20,4
Q008761,S0710,C011,0,4
Q008762,S0710,C011,14,6
Q008763,S0710,C011,4,5
Q008764,S0710,C011,12,4
Q008765,S0710,C016,12,5
Q008766,S0710,C016,19,6
Q008767,S0710,C016,19,5
Q008768,S0711,C020,31,6
Q008769,S0711,C020,40,4
Q008770,S0711,C020,55,3
Q008771,S0711,C020,55,3
Q008772,S0711,C011,46,4
Q008773,S0711,C011,66,3
Q008774,S0711,C011,49,3
Q008775,S0712,C012,66,2
Q008776,S0712,C012,76,1
Q008777,S0712,C012,83,2
Q008778,S0712,C012,87,1
Q008779,S0712,C036,19,5
Q008780,S0712,C036,1,4
Q008781,S0712,C036,3,4
Q008782,S0712,C036,13,6
Q008783,S0712,C026,0,6
Q008784,S0712,C026,2,5
Q008785,S0712,C026,2,5
Q008786,S0712,C026,17,4
Q008787,S0712,C026,0,4
Q008788,S0712,C038,62,2
Q008789,S0712,C038,77,1
Q008790,S0712,C038,65,2
Q008791,S0712,C038,80,2
Q008792,S0712,C005,99,1
Q008793,S0712,C005,92,1
Q008794,S0712,C005,83,1
Q008795,S0712,C005,95,1
Q008796,S0713,C012,72,2
Q008797,S0713,C012,76,2
Q008798,S0713,C012,63,2
Q008799,S0713,C012,69,2
Q008800,S0713,C023,68,3
Q008801,S0713,C023,50,3
Q008802,S0713,C026,76,2
Q008803,S0713,C026,76,2
Q008804,S0713,C026,75,2
Q008805,S0714,C029,93,1
Q008806,S0714,C029,91,1
Q008807,S0714,C029,86,1
Q008808,S0714,C001,47,4
Q008809,S0714,C001,73,2
Q008810,S0714,C001,50,4
Q008811,S0714,C018,1,6
Q008812,S0714,C018,4,5
Q008813,S0714,C018,0,5
Q008814,S0714,C018,0,6
Q008815,S0715,C009,0,6
Q008816,S0715,C009,0,5
Q008817,S0715,C009,0,4
Q008818,S0715,C009,18,4
Q008819,S0715,C009,13,5
Q008820,S0715,C013,42,3
Q008821,S0715,C013,41,4
Q008822,S0716,C009,49,4
Q008823,S0716,C009,68,2
Q008824,S0716,C009,71,3
Q008825,S0716,C009,52,4
Q008826,S0716,C009,62,2
Q008827,S0716,C037,100,1
Q008828,S0716,C037,100,1
Q008829,S0716,C037,100,1
Q008830,S0716,C037,100,1
Q008831,S0716,C020,6,6
Q008832,S0716,C020,4,5
Q008833,S0716,C020,13,5
Q008834,S0717,C027,100,1
Q008835,S0717,C027,100,1
Q008836,S0717,C027,93,1
Q008837,S0717,C006,29,6
Q008838,S0717,C006,26,4
Q008839,S0718,C025,82,2
Q008840,S0718,C025,76,2
Q008841,S0718,C025,78,1
Q008842,S0718,C025,82,2
Q008843,S0718,C002,72,2
Q008844,S0718,C002,71,3
Q008845,S0719,C038,81,2
Q008846,S0719,C038,82,2
Q008847,S0719,C038,95,1
Q008848,S0719,C038,81,2
Q008849,S0719,C024,62,3
Q008850,S0719,C024,69,3
Q008851,S0719,C024,81,1
Q008852,S0719,C024,81,2
Q008853,S0719,C024,77,1
Q008854,S0719,C037,47,4
Q008855,S0719,C037,71,3
Q008856,S0719,C037,55,3
Q008857,S0719,C037,58,4
Q008858,S0719,C006,91,1
Q008859,S0719,C006,100,1
Q008860,S0720,C020,30,5
Q008861,S0720,C020,26,5
Q008862,S0720,C027,74,2
Q008863,S0720,C027,74,2
Q008864,S0720,C027,49,4
Q008865,S0720,C027,48,3
Q008866,S0720,C027,64,2
Q008867,S0720,C038,88,2
Q008868,S0720,C038,84,2
Q008869,S0720,C038,86,2
Q008870,S0720,C038,71,3
Q008871,S0721,C037,86,2
Q008872,S0721,C037,85,2
Q008873,S0721,C037,71,3
Q008874,S0721,C010,61,2
Q008875,S0721,C010,61,3
Q008876,S0721,C010,66,2
Q008877,S0721,C010,70,2
Q008878,S0722,C001,60,2
Q008879,S0722,C001,62,3
Q008880,S0722,C001,55,3
Q008881,S0722,C001,55,4
Q008882,S0722,C001,44,3
Q008883,S0722,C007,3,4
Q008884,S0722,C007,15,5
Q008885,S0722,C007,3,6
Q008886,S0722,C007,1,4
Q008887,S0722,C007,5,5
Q008888,S0723,C023,89,2
Q008889,S0723,C023,74,2
Q008890,S0723,C004,100,1
Q008891,S0723,C004,87,2
Q008892,S0723,C004,95,1
Q008893,S0724,C038,0,6
Q008894,S0724,C038,2,4
Q008895,S0724,C038,15,6
Q008896,S0724,C032,74,3
Q008897,S0724,C032,59,4
Q008898,S0724,C004,13,6
Q008899,S0724,C004,18,5
Q008900,S0724,C004,33,6
Q008901,S0724,C004,13,5
Q008902,S0724,C004,33,6
Q008903,S0725,C012,0,5
Q008904,S0725,C012,4,4
Q008905,S0725,C012,0,4
Q008906,S0725,C012,0,4
Q008907,S0725,C012,0,4
Q008908,S0725,C017,0,5
Q008909,S0725,C017,19,4
Q008910,S0725,C017,15,5
Q008911,S0725,C017,4,5
Q008912,S0726,C036,33,6
Q008913,S0726,C036,44,4
Q008914,S0726,C036,51,4
Q008915,S0726,C001,43,3
Q008916,S0726,C001,42,4
Q008917,S0726,C001,21,4
Q008918,S0726,C001,32,6
Q008919,S0726,C008,100,1
Q008920,S0726,C008,100,1
Q008921,S0726,C008,100,1
Q008922,S0726,C008,98,1
Q008923,S0726,C008,100,1
Q008924,S0727,C036,100,1
Q008925,S0727,C036,100,1
Q008926,S0727,C036,100,1
Q008927,S0727,C036,100,1
Q008928,S0727,C019,19,4
Q008929,S0727,C019,16,4
Q008930,S0727,C020,61,3
Q008931,S0727,C020,72,2
Q008932,S0727,C010,31,5
Q008933,S0727,C010,21,6
Q008934,S0727,C010,41,4
Q008935,S0728,C029,80,1
Q008936,S0728,C029,91,1
Q008937,S0728,C029,69,3
Q008938,S0728,C012,23,4
Q008939,S0728,C012,25,6
Q008940,S0728,C009,78,1
Q008941,S0728,C009,53,3
Q008942,S0728,C009,76,1
Q008943,S0729,C010,60,2
Q008944,S0729,C010,57,3
Q008945,S0729,C010,41,3
Q008946,S0729,C010,42,3
Q008947,S0729,C010,41,4
Q008948,S0729,C035,41,3
Q008949,S0729,C035,49,4
Q008950,S0729,C035,23,5
Q008951,S0729,C035,27,4
Q008952,S0730,C017,57,4
Q008953,S0730,C017,56,4
Q008954,S0730,C017,69,3
Q008955,S0730,C017,52,3
Q008956,S0730,C017,77,2
Q008957,S0730,C040,50,3
Q008958,S0730,C040,55,4
Q008959,S0730,C040,39,4
Q008960,S0730,C020,58,4
Q008961,S0730,C020,55,3
Q008962,S0730,C020,34,5
Q008963,S0730,C020,60,2
Q008964,S0730,C020,53,4
Q008965,S0731,C009,67,2
Q008966,S0731,C009,57,3
Q008967,S0731,C009,62,2
Q008968,S0731,C009,61,2
Q008969,S0731,C010,98,1
Q008970,S0731,C010,100,1
Q008971,S0731,C010,100,1
Q008972,S0731,C010,83,2
Q008973,S0731,C005,32,5
Q008974,S0731,C005,20,4
Q008975,S0731,C005,13,6
Q008976,S0731,C028,61,2
Q008977,S0731,C028,81,1
Q008978,S0731,C028,63,2
Q008979,S0732,C023,36,4
Q008980,S0732,C023,23,6
Q008981,S0732,C023,17,4
Q008982,S0732,C010,10,5
Q008983,S0732,C010,8,5
Q008984,S0732,C010,33,6
Q008985,S0732,C004,98,1
Q008986,S0732,C004,80,1
Q008987,S0732,C004,72,2
Q008988,S0732,C011,23,6
Q008989,S0732,C011,22,6
Q008990,S0732,C011,24,5
Q008991,S0732,C003,97,1
Q008992,S0732,C003,82,1
Q008993,S0732,C003,100,1
Q008994,S0733,C031,100,1
Q008995,S0733,C031,100,1
Q008996,S0733,C029,47,3
Q008997,S0733,C029,49,3
Q008998,S0733,C029,43,4
Q008999,S0733,C029,49,3
Q009000,S0734,C002,75,2
Q009001,S0734,C002,90,1
Q009002,S0734,C002,74,3
Q009003,S0734,C002,68,2
Q009004,S0734,C002,84,1
Q009005,S0734,C028,6,4
Q009006,S0734,C028,19,6
Q009007,S0734,C028,35,5
Q009008,S0734,C005,88,2
Q009009,S0734,C005,84,2
Q009010,S0734,C005,100,1
Q009011,S0734,C014,78,1
Q009012,S0734,C014,75,1
Q009013,S0734,C014,63,2
Q009014,S0735,C029,91,1
Q009015,S0735,C029,83,1
Q009016,S0735,C029,100,1
Q009017,S0735,C029,91,1
Q009018,S0735,C021,86,2
Q009019,S0735,C021,73,2
Q009020,S0735,C021,86,2
Q009021,S0735,C021,78,2
Q009022,S0735,C039,0,4
Q009023,S0735,C039,18,5
Q009024,S0735,C039,5,5
Q009025,S0735,C039,4,6
Q009026,S0735,C012,98,1
Q009027,S0735,C012,82,1
Q009028,S0736,C022,85,1
Q009029,S0736,C022,72,3
Q009030,S0736,C022,87,2
Q009031,S0736,C022,96,1
Q009032,S0736,C003,86,2
Q009033,S0736,C003,81,2
Q009034,S0736,C003,74,2
Q009035,S0736,C003,68,3
Q009036,S0736,C003,78,1
Q009037,S0736,C023,36,4
Q009038,S0736,C023,35,6
Q009039,S0736,C023,51,3
Q009040,S0736,C031,100,1
Q009041,S0736,C031,100,1
Q009042,S0736,C031,93,1
Q009043,S0736,C009,26,5
Q009044,S0736,C009,15,5
Q009045,S0736,C009,25,6
Q009046,S0737,C020,76,2
Q009047,S0737,C020,76,2
Q009048,S0737,C020,67,2
Q009049,S0737,C020,71,2
Q009050,S0737,C016,0,4
Q009051,S0737,C016,0,5
Q009052,S0737,C016,0,4
Q009053,S0737,C016,0,5
Q009054,S0737,C016,0,6
Q009055,S0737,C035,8,6
Q009056,S0737,C035,0,6
Q009057,S0737,C035,5,4
Q009058,S0737,C035,19,5
Q009059,S0737,C035,24,4
Q009060,S0737,C040,39,4
Q009061,S0737,C040,35,4
Q009062,S0737,C040,29,6
Q009063,S0737,C040,40,4
Q009064,S0737,C040,32,4
Q009065,S0737,C008,100,1
Q009066,S0737,C008,100,1
Q009067,S0738,C030,46,4
Q009068,S0738,C030,42,3
Q009069,S0738,C014,52,4
Q009070,S0738,C014,76,2
Q009071,S0738,C014,58,4
Q009072,S0738,C031,100,1
Q009073,S0738,C031,100,1
Q009074,S0738,C031,100,1
Q009075,S0738,C024,94,1
Q009076,S0738,C024,84,1
Q009077,S0738,C024,85,2
Q009078,S0738,C018,83,2
Q009079,S0738,C018,100,1
Q009080,S0739,C016,65,3
Q009081,S0739,C016,67,3
Q009082,S0739,C001,50,3
Q009083,S0739,C001,38,4
Q009084,S0740,C021,71,2
Q009085,S0740,C021,60,2
Q009086,S0740,C021,57,3
Q009087,S0740,C021,77,2
Q009088,S0740,C031,89,1
Q009089,S0740,C031,100,1
Q009090,S0740,C031,81,1
Q009091,S0740,C031,100,1
Q009092,S0740,C008,76,2
Q009093,S0740,C008,84,2
Q009094,S0740,C008,82,2
Q009095,S0740,C035,100,1
Q009096,S0740,C035,78,2
Q009097,S0740,C035,74,2
Q009098,S0740,C035,97,1
Q009099,S0741,C001,50,3
Q009100,S0741,C001,48,4
Q009101,S0741,C001,23,5
Q009102,S0741,C005,83,1
Q009103,S0741,C005,100,1
Q009104,S0741,C005,85,2
Q009105,S0741,C005,99,1
Q009106,S0741,C005,92,1
Q009107,S0741,C009,51,4
Q009108,S0741,C009,72,2
Q009109,S0741,C009,55,3
Q009110,S0742,C009,90,1
Q009111,S0742,C009,75,2
Q009112,S0742,C009,69,3
Q009113,S0742,C009,74,3
Q009114,S0742,C009,77,2
Q009115,S0742,C010,100,1
Q009116,S0742,C010,97,1
Q009117,S0742,C010,100,1
Q009118,S0742,C010,81,1
Q009119,S0742,C010,100,1
Q009120,S0743,C009,27,6
Q009121,S0743,C009,28,4
Q009122,S0743,C009,31,4
Q009123,S0743,C009,24,4
Q009124,S0743,C008,97,1
Q009125,S0743,C008,95,1
Q009126,S0743,C008,100,1
Q009127,S0744,C017,77,1
Q009128,S0744,C017,80,1
Q009129,S0744,C005,58,3
Q009130,S0744,C005,48,4
Q009131,S0744,C030,9,4
Q009132,S0744,C030,19,5
Q009133,S0744,C014,33,5
Q009134,S0744,C014,60,3
Q009135,S0744,C003,40,4
Q009136,S0744,C003,22,6
Q009137,S0745,C015,33,6
Q009138,S0745,C015,18,5
Q009139,S0745,C015,43,4
Q009140,S0745,C012,57,3
Q009141,S0745,C012,56,4
Q009142,S0745,C028,26,4
Q009143,S0745,C028,18,6
Q009144,S0745,C028,18,5
Q009145,S0745,C028,29,4
Q009146,S0745,C028,12,6
Q009147,S0746,C017,80,1
Q009148,S0746,C017,87,1
Q009149,S0746,C017,88,1
Q009150,S0746,C017,92,1
Q009151,S0746,C017,84,2
Q009152,S0746,C016,24,5
Q009153,S0746,C016,1,5
Q009154,S0746,C016,23,5
Q009155,S0746,C016,9,6
Q009156,S0746,C016,26,5
Q009157,S0746,C012,52,3
Q009158,S0746,C012,64,2
Q009159,S0746,C011,89,1
Q009160,S0746,C011,67,3
Q009161,S0746,C011,87,1
Q009162,S0746,C011,87,2
Q009163,S0746,C003,100,1
Q009164,S0746,C003,99,1
Q009165,S0746,C003,100,1
Q009166,S0746,C003,93,1
Q009167,S0747,C015,49,3
Q009168,S0747,C015,36,4
Q009169,S0747,C015,47,4
Q009170,S0747,C031,45,3
Q009171,S0747,C031,52,4
Q009172,S0747,C031,42,4
Q009173,S0747,C016,35,6
Q009174,S0747,C016,41,3
Q009175,S0747,C016,60,3
Q009176,S0747,C016,56,4
Q009177,S0747,C018,30,5
Q009178,S0747,C018,33,4
Q009179,S0747,C018,36,6
Q009180,S0747,C018,25,4
Q009181,S0748,C016,33,6
Q009182,S0748,C016,32,6
Q009183,S0748,C016,16,5
Q009184,S0748,C016,28,4
Q009185,S0748,C040,100,1
Q009186,S0748,C040,100,1
Q009187,S0748,C012,5,6
Q009188,S0748,C012,13,4
Q009189,S0748,C012,23,4
Q009190,S0749,C040,98,1
Q009191,S0749,C040,74,2
Q009192,S0749,C040,100,1
Q009193,S0749,C020,87,1
Q009194,S0749,C020,75,1
Q009195,S0749,C037,31,4
Q009196,S0749,C037,35,6
Q009197,S0750,C026,22,4
Q009198,S0750,C026,32,4
Q009199,S0750,C026,6,5
Q009200,S0750,C028,22,5
Q009201,S0750,C028,22,5
Q009202,S0750,C028,29,5
Q009203,S0750,C028,35,5
Q009204,S0750,C028,22,6
Q009205,S0750,C022,0,6
Q009206,S0750,C022,1,6
Q009207,S0750,C016,44,3
Q009208,S0750,C016,62,3
Q009209,S0750,C016,41,3
Q009210,S0750,C016,63,2
Q009211,S0750,C016,52,4
Q009212,S0751,C037,45,4
Q009213,S0751,C037,62,2
Q009214,S0751,C037,39,4
Q009215,S0751,C037,46,4
Q009216,S0751,C037,40,4
Q009217,S0751,C020,8,6
Q009218,S0751,C020,25,6
Q009219,S0751,C020,6,6
Q009220,S0751,C020,27,5
Q009221,S0752,C033,54,4
Q009222,S0752,C033,53,4
Q009223,S0752,C033,60,3
Q009224,S0752,C037,92,1
Q009225,S0752,C037,81,1
Q009226,S0752,C037,92,1
Q009227,S0752,C037,94,1
Q009228,S0752,C040,67,3
Q009229,S0752,C040,86,2
Q009230,S0752,C010,45,3
Q009231,S0752,C010,26,6
Q009232,S0753,C019,9,4
Q009233,S0753,C019,0,6
Q009234,S0753,C019,5,5
Q009235,S0753,C019,0,5
Q009236,S0753,C018,22,6
Q009237,S0753,C018,19,6
Q009238,S0753,C020,0,4
Q009239,S0753,C020,0,4
Q009240,S0753,C020,0,6
Q009241,S0754,C026,0,5
Q009242,S0754,C026,10,6
Q009243,S0754,C033,49,4
Q009244,S0754,C033,34,6
Q009245,S0755,C004,97,1
Q009246,S0755,C004,73,3
Q009247,S0755,C004,75,1
Q009248,S0755,C022,21,4
Q009249,S0755,C022,8,5
Q009250,S0755,C012,92,1
Q009251,S0755,C012,88,2
Q009252,S0755,C012,71,2
Q009253,S0755,C012,65,2
Q009254,S0756,C005,56,3
Q009255,S0756,C005,41,3
Q009256,S0756,C005,60,2
Q009257,S0756,C005,51,4
Q009258,S0756,C005,48,3
Q009259,S0756,C006,60,3
Q009260,S0756,C006,67,3
Q009261,S0756,C006,81,1
Q009262,S0756,C006,57,3
Q009263,S0756,C036,21,4
Q009264,S0756,C036,31,6
Q009265,S0756,C036,2,5
Q009266,S0756,C036,13,5
Q009267,S0756,C036,25,5
Q009268,S0757,C005,18,6
Q009269,S0757,C005,27,4
Q009270,S0757,C005,33,4
Q009271,S0757,C005,32,4
Q009272,S0757,C002,10,6
Q009273,S0757,C002,19,4
Q009274,S0757,C002,31,4
Q009275,S0757,C013,55,4
Q009276,S0757,C013,61,3
Q009277,S0757,C013,62,2
Q009278,S0757,C010,100,1
Q009279,S0757,C010,100,1
Q009280,S0757,C027,98,1
Q009281,S0757,C027,93,1
Q009282,S0758,C006,43,3
Q009283,S0758,C006,55,3
Q009284,S0758,C006,51,4
Q009285,S0758,C006,44,4
Q009286,S0758,C006,38,4
Q009287,S0758,C015,15,6
Q009288,S0758,C015,41,3
Q009289,S0759,C004,53,3
Q009290,S0759,C004,60,2
Q009291,S0759,C004,63,3
Q009292,S0759,C030,9,6
Q009293,S0759,C030,0,4
Q009294,S0759,C036,1,6
Q009295,S0759,C036,0,6
Q009296,S0759,C036,19,6
Q009297,S0760,C004,18,4
Q009298,S0760,C004,23,6
Q009299,S0760,C026,39,5
Q009300,S0760,C026,18,4
Q009301,S0760,C034,100,1
Q009302,S0760,C034,94,1
Q009303,S0760,C034,100,1
Q009304,S0760,C034,100,1
Q009305,S0761,C016,37,6
Q009306,S0761,C016,26,6
Q009307,S0761,C016,17,5
Q009308,S0761,C016,43,4
Q009309,S0761,C016,39,5
Q009310,S0761,C008,19,5
Q009311,S0761,C008,16,6
Q009312,S0761,C008,14,4
Q009313,S0761,C008,6,5
Q009314,S0761,C008,0,6
Q009315,S0761,C005,74,2
Q009316,S0761,C005,67,2
Q009317,S0761,C005,88,1
Q009318,S0761,C002,32,6
Q009319,S0761,C002,40,4
Q009320,S0761,C002,35,6
Q009321,S0761,C020,95,1
Q009322,S0761,C020,85,1
Q009323,S0761,C020,94,1
Q009324,S0761,C020,86,1
Q009325,S0761,C020,100,1
Q009326,S0762,C022,89,1
Q009327,S0762,C022,100,1
Q009328,S0762,C029,0,6
Q009329,S0762,C029,5,6
Q009330,S0762,C029,3,4
Q009331,S0762,C029,0,4
Q009332,S0762,C031,45,4
Q009333,S0762,C031,36,6
Q009334,S0762,C031,54,4
Q009335,S0762,C031,54,4
Q009336,S0763,C014,100,1
Q009337,S0763,C014,86,1
Q009338,S0763,C014,84,2
Q009339,S0763,C014,90,1
Q009340,S0763,C014,78,1
Q009341,S0763,C009,52,4
Q009342,S0763,C009,57,4
Q009343,S0763,C006,77,1
Q009344,S0763,C006,76,2
Q009345,S0763,C006,74,2
Q009346,S0763,C006,95,1
Q009347,S0763,C006,93,1
Q009348,S0763,C005,36,6
Q009349,S0763,C005,57,3
Q009350,S0764,C006,59,3
Q009351,S0764,C006,53,4
Q009352,S0764,C016,56,4
Q009353,S0764,C016,45,3
Q009354,S0764,C016,64,2
Q009355,S0765,C003,78,2
Q009356,S0765,C003,100,1
Q009357,S0765,C003,88,1
Q009358,S0765,C003,95,1
Q009359,S0765,C032,61,2
Q009360,S0765,C032,66,3
Q009361,S0766,C008,15,6
Q009362,S0766,C008,42,4
Q009363,S0766,C008,33,5
Q009364,S0766,C017,75,2
Q009365,S0766,C017,74,3
Q009366,S0767,C005,73,2
Q009367,S0767,C005,65,2
Q009368,S0767,C005,79,2
Q009369,S0767,C005,71,3
Q009370,S0767,C005,76,1
Q009371,S0767,C030,69,2
Q009372,S0767,C030,82,2
Q009373,S0767,C030,88,1
Q009374,S0767,C016,31,6
Q009375,S0767,C016,46,4
Q009376,S0767,C016,45,3
Q009377,S0767,C014,75,2
Q009378,S0767,C014,80,2
Q009379,S0767,C009,20,4
Q009380,S0767,C009,0,6
Q009381,S0767,C009,0,5
Q009382,S0768,C035,21,6
Q009383,S0768,C035,10,6
Q009384,S0768,C035,13,5
Q009385,S0768,C035,18,5
Q009386,S0768,C034,24,4
Q009387,S0768,C034,11,4
Q009388,S0768,C034,11,4
Q009389,S0768,C034,29,6
Q009390,S0768,C034,10,4
Q009391,S0768,C008,74,3
Q009392,S0768,C008,57,4
Q009393,S0769,C015,81,1
Q009394,S0769,C015,52,4
Q009395,S0769,C015,68,2
Q009396,S0769,C015,63,3
Q009397,S0769,C004,68,2
Q009398,S0769,C004,69,3
Q009399,S0769,C004,88,2
Q009400,S0769,C004,80,1
Q009401,S0769,C004,91,1
Q009402,S0770,C011,56,3
Q009403,S0770,C011,45,4
Q009404,S0770,C011,74,3
Q009405,S0770,C011,57,4
Q009406,S0770,C011,61,3
Q009407,S0770,C025,5,6
Q009408,S0770,C025,17,5
Q009409,S0770,C025,4,4
Q009410,S0770,C022,7,4
Q009411,S0770,C022,1,4
Q009412,S0770,C022,0,6
Q009413,S0770,C022,21,4
Q009414,S0770,C022,5,5
Q009415,S0770,C001,56,4
Q009416,S0770,C001,59,4
Q009417,S0770,C001,46,4
Q009418,S0770,C001,59,3
Q009419,S0770,C001,54,3
Q009420,S0771,C028,62,2
Q009421,S0771,C028,50,4
Q009422,S0771,C028,69,2
Q009423,S0771,C028,68,2
Q009424,S0771,C028,67,2
Q009425,S0771,C020,31,5
Q009426,S0771,C020,58,3
Q009427,S0771,C020,29,5
Q009428,S0771,C020,29,5
Q009429,S0771,C020,56,3
Q009430,S0771,C005,14,5
Q009431,S0771,C005,20,5
Q009432,S0771,C005,18,4
Q009433,S0771,C021,0,6
Q009434,S0771,C021,7,5
Q009435,S0771,C021,17,5
Q009436,S0771,C021,12,5
Q009437,S0771,C025,50,3
Q009438,S0771,C025,50,3
Q009439,S0771,C025,54,4
Q009440,S0772,C007,0,6
Q009441,S0772,C007,0,5
Q009442,S0772,C007,12,6
Q009443,S0772,C007,4,6
Q009444,S0772,C007,8,4
Q009445,S0772,C021,54,4
Q009446,S0772,C021,58,4
Q009447,S0772,C021,76,1
Q009448,S0773,C020,13,6
Q009449,S0773,C020,9,4
Q009450,S0773,C020,7,4
Q009451,S0773,C020,6,4
Q009452,S0773,C014,91,1
Q009453,S0773,C014,95,1
Q009454,S0773,C014,93,1
Q009455,S0773,C014,99,1
Q009456,S0773,C031,34,5
Q009457,S0773,C031,28,6
Q009458,S0773,C031,32,4
Q009459,S0773,C024,92,1
Q009460,S0773,C024,88,1
Q009461,S0773,C024,95,1
Q009462,S0773,C024,100,1
Q009463,S0773,C007,40,4
Q009464,S0773,C007,48,4
Q009465,S0773,C007,51,4
Q009466,S0773,C007,59,4
Q009467,S0774,C006,54,4
Q009468,S0774,C006,46,4
Q009469,S0774,C006,32,5
Q009470,S0774,C006,39,6
Q009471,S0774,C009,0,4
Q009472,S0774,C009,0,6
Q009473,S0774,C009,0,6
Q009474,S0774,C009,5,6
Q009475,S0774,C009,0,6
Q009476,S0775,C037,69,2
Q009477,S0775,C037,59,3
Q009478,S0775,C037,71,2
Q009479,S0775,C034,18,4
Q009480,S0775,C034,0,4
Q009481,S0775,C034,0,5
Q009482,S0775,C034,19,6
Q009483,S0775,C034,16,4
Q009484,S0775,C025,78,2
Q009485,S0775,C025,82,2
Q009486,S0775,C015,86,1
Q009487,S0775,C015,80,2
Q009488,S0775,C019,36,6
Q009489,S0775,C019,19,5
Q009490,S0775,C019,13,6
Q009491,S0775,C019,18,5
Q009492,S0775,C019,22,5
Q009493,S0776,C026,0,6
Q009494,S0776,C026,11,4
Q009495,S0776,C026,0,4
Q009496,S0776,C003,89,1
Q009497,S0776,C003,70,2
Q009498,S0776,C025,15,4
Q009499,S0776,C025,14,4
Q009500,S0776,C025,9,6
Q009501,S0776,C025,15,4
Q009502,S0776,C025,2,6
Q009503,S0777,C018,0,4
Q009504,S0777,C018,3,4
Q009505,S0777,C018,0,6
Q009506,S0777,C018,0,5
Q009507,S0777,C018,0,6
Q009508,S0777,C026,54,3
Q009509,S0777,C026,47,3
Q009510,S0777,C026,69,3
Q009511,S0777,C026,72,2
Q009512,S0778,C001,64,3
Q009513,S0778,C001,76,2
Q009514,S0778,C001,67,2
Q009515,S0778,C035,100,1
Q009516,S0778,C035,100,1
Q009517,S0778,C035,83,2
Q009518,S0778,C035,100,1
Q009519,S0778,C035,100,1
Q009520,S0778,C004,100,1
Q009521,S0778,C004,100,1
Q009522,S0778,C004,100,1
Q009523,S0778,C004,100,1
Q009524,S0779,C024,75,1
Q009525,S0779,C024,58,4
Q009526,S0779,C024,61,3
Q009527,S0779,C027,46,4
Q009528,S0779,C027,58,4
Q009529,S0780,C036,47,3
Q009530,S0780,C036,44,4
Q009531,S0780,C034,13,4
Q009532,S0780,C034,19,4
Q009533,S0780,C034,22,5
Q009534,S0780,C024,0,4
Q009535,S0780,C024,6,4
Q009536,S0780,C024,11,4
Q009537,S0780,C024,5,6
Q009538,S0780,C011,100,1
Q009539,S0780,C011,97,1
Q009540,S0780,C011,100,1
Q009541,S0780,C011,100,1
Q009542,S0780,C011,100,1
Q009543,S0780,C028,56,3
Q009544,S0780,C028,63,3
Q009545,S0780,C028,77,1
Q009546,S0780,C028,75,1
Q009547,S0781,C017,0,4
Q009548,S0781,C017,0,6
Q009549,S0781,C022,35,4
Q009550,S0781,C022,35,6
Q009551,S0781,C022,48,3
Q009552,S0781,C022,37,5
Q009553,S0781,C022,53,3
Q009554,S0781,C013,48,4
Q009555,S0781,C013,39,5
Q009556,S0781,C025,19,6
Q009557,S0781,C025,14,5
Q009558,S0781,C025,5,4
Q009559,S0781,C025,8,4
Q009560,S0781,C009,3,5
Q009561,S0781,C009,9,6
Q009562,S0781,C009,15,5
Q009563,S0781,C009,0,4
Q009564,S0781,C009,14,6
Q009565,S0782,C010,58,4
Q009566,S0782,C010,54,3
Q009567,S0782,C010,56,3
Q009568,S0782,C010,60,3
Q009569,S0782,C010,45,3
Q009570,S0782,C034,60,3
Q009571,S0782,C034,37,4
Q009572,S0782,C034,41,4
Q009573,S0782,C034,52,3
Q009574,S0782,C034,62,2
Q009575,S0782,C039,40,4
Q009576,S0782,C039,41,4
Q009577,S0782,C039,54,4
Q009578,S0783,C014,15,5
Q009579,S0783,C014,5,5
Q009580,S0783,C014,10,5
Q009581,S0783,C008,88,2
Q009582,S0783,C008,88,1
Q009583,S0783,C004,65,2
Q009584,S0783,C004,56,3
Q009585,S0783,C004,76,1
Q009586,S0783,C004,48,3
Q009587,S0783,C004,61,2
Q009588,S0784,C035,0,5
Q009589,S0784,C035,0,6
Q009590,S0784,C035,8,5
Q009591,S0784,C035,0,5
Q009592,S0784,C035,16,6
Q009593,S0784,C027,61,2
Q009594,S0784,C027,52,3
Q009595,S0784,C027,49,4
Q009596,S0784,C027,60,3
Q009597,S0784,C028,77,2
Q009598,S0784,C028,91,1
Q009599,S0784,C028,75,1
Q009600,S0784,C017,59,4
Q009601,S0784,C017,77,1
Q009602,S0784,C017,73,2
Q009603,S0784,C017,76,1
Q009604,S0785,C002,68,3
Q009605,S0785,C002,44,3
Q009606,S0785,C002,54,4
Q009607,S0785,C002,70,3
Q009608,S0785,C002,56,3
Q009609,S0785,C005,24,4
Q009610,S0785,C005,36,6
Q009611,S0785,C005,43,4
Q009612,S0785,C005,46,3
Q009613,S0785,C039,26,4
Q009614,S0785,C039,14,4
Q009615,S0785,C039,18,4
Q009616,S0785,C032,43,4
Q009617,S0785,C032,39,4
Q009618,S0785,C027,34,4
Q009619,S0785,C027,39,6
Q009620,S0785,C027,42,3
Q009621,S0785,C027,41,3
Q009622,S0785,C027,42,4
Q009623,S0786,C006,64,3
Q009624,S0786,C006,55,4
Q009625,S0786,C006,67,3
Q009626,S0786,C008,50,4
Q009627,S0786,C008,44,3
Q009628,S0786,C008,57,3
Q009629,S0786,C032,51,4
Q009630,S0786,C032,49,4
Q009631,S0787,C016,90,1
Q009632,S0787,C016,92,1
Q009633,S0787,C016,95,1
Q009634,S0787,C016,80,2
Q009635,S0787,C016,77,1
Q009636,S0787,C014,16,6
Q009637,S0787,C014,23,6
Q009638,S0787,C014,0,4
Q009639,S0787,C014,10,4
Q009640,S0787,C014,10,6
Q009641,S0787,C028,13,6
Q009642,S0787,C028,38,4
Q009643,S0787,C028,25,5
Q009644,S0787,C028,27,5
Q009645,S0788,C016,5,5
Q009646,S0788,C016,0,6
Q009647,S0788,C016,0,6
Q009648,S0788,C016,5,6
Q009649,S0788,C013,54,4
Q009650,S0788,C013,65,3
Q009651,S0788,C037,69,2
Q009652,S0788,C037,62,2
Q009653,S0789,C040,0,5
Q009654,S0789,C040,16,5
Q009655,S0789,C040,6,5
Q009656,S0789,C040,10,4
Q009657,S0789,C040,21,4
Q009658,S0789,C019,78,1
Q009659,S0789,C019,79,2
Q009660,S0789,C019,66,2
Q009661,S0789,C032,59,3
Q009662,S0789,C032,74,3
Q009663,S0789,C022,60,2
Q009664,S0789,C022,86,1
Q009665,S0789,C022,61,2
Q009666,S0790,C015,2,4
Q009667,S0790,C015,22,5
Q009668,S0790,C015,27,6
Q009669,S0790,C015,0,4
Q009670,S0790,C004,29,6
Q009671,S0790,C004,16,5
Q009672,S0790,C004,25,6
Q009673,S0791,C026,46,3
Q009674,S0791,C026,25,5
Q009675,S0791,C026,39,5
Q009676,S0791,C026,52,3
Q009677,S0791,C026,37,4
Q009678,S0791,C021,100,1
Q009679,S0791,C021,88,2
Q009680,S0791,C021,100,1
Q009681,S0791,C021,91,1
Q009682,S0791,C019,54,3
Q009683,S0791,C019,66,3
Q009684,S0791,C019,41,4
Q009685,S0791,C019,60,2
Q009686,S0791,C014,12,6
Q009687,S0791,C014,7,4
Q009688,S0792,C033,56,3
Q009689,S0792,C033,45,4
Q009690,S0792,C029,64,2
Q009691,S0792,C029,75,2
Q009692,S0792,C034,36,4
Q009693,S0792,C034,27,5
Q009694,S0792,C039,26,5
Q009695,S0792,C039,10,5
Q009696,S0792,C025,60,3
Q009697,S0792,C025,49,3
Q009698,S0792,C025,41,4
Q009699,S0793,C023,29,5
Q009700,S0793,C023,18,4
Q009701,S0793,C001,19,5
Q009702,S0793,C001,18,4
Q009703,S0793,C001,17,6
Q009704,S0793,C001,4,6
Q009705,S0794,C012,88,2
Q009706,S0794,C012,94,1
Q009707,S0794,C001,28,6
Q009708,S0794,C001,19,4
Q009709,S0794,C001,8,6
Q009710,S0794,C001,32,4
Q009711,S0794,C005,18,5
Q009712,S0794,C005,2,6
Q009713,S0794,C005,16,6
Q009714,S0794,C005,13,6
Q009715,S0794,C005,8,5
Q009716,S0794,C019,48,4
Q009717,S0794,C019,33,4
Q009718,S0794,C019,52,4
Q009719,S0794,C029,66,3
Q009720,S0794,C029,77,1
Q009721,S0794,C029,83,2
Q009722,S0794,C029,80,2
Q009723,S0794,C029,85,1
Q009724,S0795,C021,72,3
Q009725,S0795,C021,48,3
Q009726,S0795,C021,52,3
Q009727,S0795,C021,54,3
Q009728,S0795,C024,24,5
Q009729,S0795,C024,0,5
Q009730,S0795,C024,22,5
Q009731,S0795,C024,8,4
Q009732,S0795,C022,0,4
Q009733,S0795,C022,10,4
Q009734,S0795,C022,6,4
Q009735,S0795,C022,15,6
Q009736,S0795,C022,7,5
Q009737,S0795,C011,47,4
Q009738,S0795,C011,42,3
Q009739,S0795,C011,39,4
Q009740,S0796,C029,9,5
Q009741,S0796,C029,30,4
Q009742,S0796,C029,21,6
Q009743,S0796,C029,7,6
Q009744,S0796,C005,21,5
Q009745,S0796,C005,36,5
Q009746,S0796,C005,47,3
Q009747,S0796,C005,21,4
Q009748,S0796,C005,44,3
Q009749,S0797,C039,50,3
Q009750,S0797,C039,42,3
Q009751,S0797,C039,41,3
Q009752,S0797,C021,46,3
Q009753,S0797,C021,34,4
Q009754,S0797,C021,52,3
Q009755,S0798,C037,99,1
Q009756,S0798,C037,100,1
Q009757,S0798,C037,100,1
Q009758,S0798,C037,100,1
Q009759,S0798,C037,81,2
Q009760,S0798,C036,4,4
Q009761,S0798,C036,24,6
Q009762,S0798,C036,13,4
Q009763,S0798,C036,15,6
Q009764,S0798,C022,27,4
Q009765,S0798,C022,11,5
Q009766,S0798,C034,84,2
Q009767,S0798,C034,82,1
Q009768,S0798,C034,100,1
Q009769,S0798,C023,20,4
Q009770,S0798,C023,39,6
Q009771,S0798,C023,26,5
Q009772,S0799,C008,8,4
Q009773,S0799,C008,26,5
Q009774,S0799,C008,26,5
Q009775,S0799,C026,45,4
Q009776,S0799,C026,44,4
Q009777,S0799,C026,38,4
Q009778,S0799,C021,40,3
Q009779,S0799,C021,42,3
Q009780,S0799,C021,42,4
Q009781,S0799,C021,15,6
Q009782,S0799,C021,32,4
Q009783,S0799,C013,22,5
Q009784,S0799,C013,11,5
Q009785,S0800,C008,67,3
Q009786,S0800,C008,52,4
Q009787,S0800,C008,54,4
Q009788,S0800,C026,81,1
Q009789,S0800,C026,98,1
Q009790,S0800,C026,84,2
Q009791,S0800,C026,86,1
Q009792,S0800,C030,43,4
Q009793,S0800,C030,41,4
Q009794,S0801,C006,43,4
Q009795,S0801,C006,44,4
Q009796,S0801,C006,43,3
Q009797,S0801,C033,28,6
Q009798,S0801,C033,37,6
Q009799,S0801,C033,35,6
Q009800,S0801,C018,74,2
Q009801,S0801,C018,59,3
Q009802,S0801,C018,75,1
Q009803,S0801,C023,81,1
Q009804,S0801,C023,82,1
Q009805,S0801,C023,80,2
Q009806,S0801,C023,76,2
Q009807,S0802,C022,78,1
Q009808,S0802,C022,65,2
Q009809,S0802,C022,72,3
Q009810,S0802,C022,68,3
Q009811,S0802,C028,74,2
Q009812,S0802,C028,67,2
Q009813,S0802,C028,52,4
Q009814,S0803,C018,0,6
Q009815,S0803,C018,8,6
Q009816,S0803,C018,0,6
Q009817,S0803,C018,17,6
Q009818,S0803,C018,0,6
Q009819,S0803,C010,84,2
Q009820,S0803,C010,71,2
Q009821,S0804,C023,66,2
Q009822,S0804,C023,56,4
Q009823,S0804,C023,53,3
Q009824,S0804,C023,74,3
Q009825,S0804,C010,59,4
Q009826,S0804,C010,84,2
Q009827,S0804,C010,73,3
Q009828,S0804,C010,83,2
Q009829,S0804,C010,62,3
Q009830,S0804,C014,18,5
Q009831,S0804,C014,39,4
Q009832,S0804,C029,39,6
Q009833,S0804,C029,46,4
Q009834,S0804,C029,38,4
Q009835,S0804,C029,33,5
Q009836,S0804,C029,44,3
Q009837,S0804,C021,82,1
Q009838,S0804,C021,89,1
Q009839,S0805,C004,98,1
Q009840,S0805,C004,82,2
Q009841,S0805,C004,74,3
Q009842,S0805,C004,73,3
Q009843,S0805,C016,45,4
Q009844,S0805,C016,30,5
Q009845,S0805,C016,29,5
Q009846,S0805,C016,23,6
Q009847,S0806,C033,57,4
Q009848,S0806,C033,60,2
Q009849,S0806,C022,100,1
Q009850,S0806,C022,89,2
Q009851,S0806,C022,100,1
Q009852,S0806,C022,100,1
Q009853,S0806,C021,100,1
Q009854,S0806,C021,100,1
Q009855,S0806,C021,89,2
Q009856,S0806,C021,90,1
Q009857,S0807,C015,79,1
Q009858,S0807,C015,86,2
Q009859,S0807,C015,95,1
Q009860,S0807,C008,77,1
Q009861,S0807,C008,93,1
Q009862,S0807,C008,88,1
Q009863,S0807,C008,82,1
Q009864,S0807,C008,79,1
Q009865,S0807,C002,32,6
Q009866,S0807,C002,5,6
Q009867,S0808,C031,37,5
Q009868,S0808,C031,26,4
Q009869,S0808,C006,82,1
Q009870,S0808,C006,89,2
Q009871,S0808,C006,79,1
Q009872,S0808,C006,86,2
Q009873,S0808,C006,79,2
Q009874,S0808,C007,40,4
Q009875,S0808,C007,41,3
Q009876,S0808,C007,27,5
Q009877,S0808,C024,8,4
Q009878,S0808,C024,13,4
Q009879,S0808,C024,4,6
Q009880,S0808,C024,27,6
Q009881,S0808,C009,24,4
Q009882,S0808,C009,45,3
Q009883,S0808,C009,34,6
Q009884,S0808,C009,31,4
Q009885,S0809,C007,95,1
Q009886,S0809,C007,79,1
Q009887,S0809,C007,96,1
Q009888,S0809,C007,71,3
Q009889,S0809,C022,41,4
Q009890,S0809,C022,55,3
Q009891,S0810,C014,26,4
Q009892,S0810,C014,27,6
Q009893,S0810,C014,48,3
Q009894,S0810,C014,43,4
Q009895,S0810,C014,51,4
Q009896,S0810,C038,96,1
Q009897,S0810,C038,87,1
Q009898,S0810,C038,82,1
Q009899,S0810,C010,53,3
Q009900,S0810,C010,49,4
Q009901,S0810,C027,25,5
Q009902,S0810,C027,34,6
Q009903,S0810,C027,12,5
Q009904,S0810,C027,34,5
Q009905,S0810,C025,83,1
Q009906,S0810,C025,76,1
Q009907,S0810,C025,69,2
Q009908,S0810,C025,92,1
Q009909,S0810,C025,84,2
Q009910,S0811,C027,0,6
Q009911,S0811,C027,5,6
Q009912,S0811,C027,0,5
Q009913,S0811,C027,12,5
Q009914,S0811,C020,32,6
Q009915,S0811,C020,36,4
Q009916,S0811,C020,31,4
Q009917,S0812,C013,100,1
Q009918,S0812,C013,100,1
Q009919,S0812,C021,37,6
Q009920,S0812,C021,62,2
Q009921,S0812,C001,13,5
Q009922,S0812,C001,0,4
Q009923,S0812,C001,3,4
Q009924,S0812,C001,0,5
Q009925,S0812,C018,3,6
Q009926,S0812,C018,21,6
Q009927,S0812,C018,18,6
Q009928,S0812,C018,0,4
Q009929,S0813,C024,24,4
Q009930,S0813,C024,20,6
Q009931,S0813,C024,12,4
Q009932,S0813,C024,29,5
Q009933,S0813,C024,15,6
Q009934,S0813,C040,82,2
Q009935,S0813,C040,71,3
Q009936,S0813,C040,60,3
Q009937,S0813,C040,62,2
Q009938,S0813,C040,85,1
Q009939,S0813,C009,19,5
Q009940,S0813,C009,19,4
Q009941,S0813,C009,18,5
Q009942,S0813,C011,64,2
Q009943,S0813,C011,54,4
Q009944,S0813,C011,62,2
Q009945,S0813,C011,70,2
Q009946,S0813,C012,70,2
Q009947,S0813,C012,88,1
Q009948,S0813,C012,65,3
Q009949,S0813,C012,87,2
Q009950,S0813,C012,80,1
Q009951,S0814,C008,87,2
Q009952,S0814,C008,81,2
Q009953,S0814,C008,95,1
Q009954,S0814,C008,86,2
Q009955,S0814,C008,91,1
Q009956,S0814,C025,17,6
Q009957,S0814,C025,47,3
Q009958,S0814,C009,89,2
Q009959,S0814,C009,88,2
Q009960,S0814,C009,90,1
Q009961,S0814,C009,74,3
Q009962,S0814,C009,87,1
Q009963,S0814,C037,96,1
Q009964,S0814,C037,100,1
Q009965,S0814,C012,50,3
Q009966,S0814,C012,45,3
Q009967,S0814,C012,40,4
Q009968,S0814,C012,56,4
Q009969,S0815,C022,60,3
Q009970,S0815,C022,65,2
Q009971,S0815,C022,61,3
Q009972,S0815,C022,53,3
Q009973,S0815,C022,66,2
Q009974,S0815,C037,68,2
Q009975,S0815,C037,65,2
Q009976,S0815,C037,51,4
Q009977,S0815,C037,64,3
Q009978,S0815,C019,64,3
Q009979,S0815,C019,76,2
Q009980,S0815,C018,0,4
Q009981,S0815,C018,22,6
Q009982,S0815,C018,15,5
Q009983,S0816,C027,40,4
Q009984,S0816,C027,48,4
Q009985,S0816,C028,43,4
Q009986,S0816,C028,51,4
Q009987,S0816,C028,53,3
Q009988,S0816,C028,60,3
Q009989,S0816,C026,19,6
Q009990,S0816,C026,22,6
Q009991,S0816,C026,24,4
Q009992,S0816,C026,20,6
Q009993,S0816,C026,47,4
Q009994,S0817,C018,100,1
Q009995,S0817,C018,100,1
Q009996,S0817,C018,82,2
Q009997,S0817,C014,15,6
Q009998,S0817,C014,3,6
Q009999,S0817,C014,24,4
Q010000,S0817,C014,3,5
Q010001,S0817,C014,0,6
Q010002,S0817,C010,70,2
Q010003,S0817,C010,70,2
Q010004,S0817,C010,73,2
Q010005,S0817,C010,80,1
Q010006,S0817,C010,72,2
Q010007,S0817,C030,42,4
Q010008,S0817,C030,57,3
Q010009,S0817,C030,47,4
Q010010,S0817,C030,46,4
Q010011,S0818,C026,26,5
Q010012,S0818,C026,37,6
Q010013,S0818,C026,37,6
Q010014,S0818,C034,0,4
Q010015,S0818,C034,0,6
Q010016,S0818,C021,84,2
Q010017,S0818,C021,74,3
Q010018,S0818,C021,75,2
Q010019,S0818,C036,21,4
Q010020,S0818,C036,4,4
Q010021,S0818,C036,28,5
Q010022,S0818,C036,31,6
Q010023,S0818,C036,15,6
Q010024,S0818,C011,33,5
Q010025,S0818,C011,29,6
Q010026,S0818,C011,53,3
Q010027,S0819,C024,73,3
Q010028,S0819,C024,72,2
Q010029,S0819,C025,54,4
Q010030,S0819,C025,66,3
Q010031,S0819,C025,50,3
Q010032,S0819,C025,53,3
Q010033,S0819,C025,58,3
Q010034,S0819,C017,30,6
Q010035,S0819,C017,5,5
Q010036,S0819,C017,20,6
Q010037,S0819,C017,7,5
Q010038,S0819,C018,55,4
Q010039,S0819,C018,46,4
Q010040,S0819,C018,42,4
Q010041,S0820,C032,22,4
Q010042,S0820,C032,20,6
Q010043,S0820,C032,29,4
Q010044,S0820,C032,34,5
Q010045,S0820,C032,34,4
Q010046,S0820,C028,53,3
Q010047,S0820,C028,47,3
Q010048,S0820,C028,44,4
Q010049,S0821,C017,67,2
Q010050,S0821,C017,53,3
Q010051,S0821,C017,52,4
Q010052,S0821,C017,56,4
Q010053,S0821,C022,44,4
Q010054,S0821,C022,74,2
Q010055,S0821,C022,64,3
Q010056,S0821,C022,46,3
Q010057,S0821,C022,49,4
Q010058,S0822,C001,100,1
Q010059,S0822,C001,100,1
Q010060,S0822,C012,31,4
Q010061,S0822,C012,41,3
Q010062,S0822,C012,31,5
Q010063,S0822,C012,24,5
Q010064,S0822,C012,52,3
Q010065,S0822,C021,4,5
Q010066,S0822,C021,28,6
Q010067,S0822,C021,13,5
Q010068,S0822,C010,22,4
Q010069,S0822,C010,20,6
Q010070,S0822,C010,27,6
Q010071,S0822,C010,9,6
Q010072,S0822,C013,78,2
Q010073,S0822,C013,86,1
Q010074,S0823,C034,58,4
Q010075,S0823,C034,52,4
Q010076,S0823,C003,86,2
Q010077,S0823,C003,99,1
Q010078,S0823,C003,84,2
Q010079,S0823,C003,82,2
Q010080,S0823,C003,81,1
Q010081,S0823,C008,54,4
Q010082,S0823,C008,51,4
Q010083,S0823,C008,61,2
Q010084,S0823,C008,71,2
Q010085,S0823,C008,44,4
Q010086,S0823,C004,27,4
Q010087,S0823,C004,38,5
Q010088,S0823,C004,53,4
Q010089,S0823,C004,54,4
Q010090,S0823,C004,37,6
Q010091,S0823,C018,40,3
Q010092,S0823,C018,25,5
Q010093,S0823,C018,17,5
Q010094,S0823,C018,18,6
Q010095,S0824,C021,64,2
Q010096,S0824,C021,61,2
Q010097,S0824,C021,73,2
Q010098,S0824,C021,65,3
Q010099,S0824,C038,0,6
Q010100,S0824,C038,21,6
Q010101,S0824,C038,22,5
Q010102,S0824,C038,6,6
Q010103,S0824,C013,25,6
Q010104,S0824,C013,36,4
Q010105,S0824,C013,31,6
Q010106,S0824,C013,50,4
Q010107,S0824,C013,39,5
Q010108,S0825,C034,8,5
Q010109,S0825,C034,13,5
Q010110,S0825,C008,51,4
Q010111,S0825,C008,48,4
Q010112,S0826,C033,27,4
Q010113,S0826,C033,0,6
Q010114,S0826,C004,20,6
Q010115,S0826,C004,34,6
Q010116,S0826,C004,27,6
Q010117,S0826,C004,35,4
Q010118,S0826,C004,48,4
Q010119,S0826,C003,0,5
Q010120,S0826,C003,11,5
Q010121,S0826,C003,4,6
Q010122,S0826,C021,70,2
Q010123,S0826,C021,77,1
Q010124,S0827,C016,34,5
Q010125,S0827,C016,31,5
Q010126,S0827,C016,34,5
Q010127,S0827,C016,53,3
Q010128,S0827,C031,60,3
Q010129,S0827,C031,78,2
Q010130,S0827,C039,51,4
Q010131,S0827,C039,60,2
Q010132,S0827,C039,64,3
Q010133,S0827,C039,66,2
Q010134,S0827,C039,45,3
Q010135,S0827,C009,59,3
Q010136,S0827,C009,52,3
Q010137,S0827,C009,61,3
Q010138,S0827,C009,44,3
Q010139,S0828,C007,26,4
Q010140,S0828,C007,11,5
Q010141,S0828,C007,13,4
Q010142,S0828,C007,33,5
Q010143,S0828,C007,24,6
Q010144,S0828,C037,71,3
Q010145,S0828,C037,93,1
Q010146,S0828,C037,91,1
Q010147,S0828,C037,64,3
Q010148,S0828,C026,45,4
Q010149,S0828,C026,56,3
Q010150,S0828,C026,54,4
Q010151,S0828,C013,35,6
Q010152,S0828,C013,41,4
Q010153,S0828,C013,47,3
Q010154,S0828,C006,91,1
Q010155,S0828,C006,100,1
Q010156,S0828,C006,95,1
Q010157,S0828,C006,100,1
Q010158,S0829,C028,11,5
Q010159,S0829,C028,0,4
Q010160,S0829,C034,91,1
Q010161,S0829,C034,91,1
Q010162,S0830,C034,77,2
Q010163,S0830,C034,87,1
Q010164,S0830,C034,99,1
Q010165,S0830,C034,73,2
Q010166,S0830,C013,66,2
Q010167,S0830,C013,65,2
Q010168,S0830,C016,34,5
Q010169,S0830,C016,40,3
Q010170,S0830,C016,37,5
Q010171,S0830,C026,31,4
Q010172,S0830,C026,26,4
Q010173,S0830,C026,27,5
Q010174,S0830,C026,53,4
Q010175,S0830,C026,31,6
Q010176,S0831,C017,38,6
Q010177,S0831,C017,59,3
Q010178,S0831,C012,79,2
Q010179,S0831,C012,69,3
Q010180,S0831,C012,77,1
Q010181,S0831,C012,60,2
Q010182,S0831,C012,64,3
Q010183,S0831,C037,0,4
Q010184,S0831,C037,3,4
Q010185,S0831,C037,21,5
Q010186,S0831,C037,24,4
Q010187,S0832,C011,67,2
Q010188,S0832,C011,58,3
Q010189,S0832,C004,55,3
Q010190,S0832,C004,58,4
Q010191,S0832,C023,83,1
Q010192,S0832,C023,54,3
Q010193,S0832,C023,71,2
Q010194,S0832,C008,68,3
Q010195,S0832,C008,96,1
Q010196,S0832,C008,96,1
Q010197,S0832,C027,4,5
Q010198,S0832,C027,20,4
Q010199,S0833,C012,58,3
Q010200,S0833,C012,43,3
Q010201,S0833,C012,53,3
Q010202,S0833,C027,12,6
Q010203,S0833,C027,8,4
Q010204,S0833,C027,32,4
Q010205,S0833,C027,14,6
Q010206,S0833,C027,15,4
Q010207,S0833,C036,78,1
Q010208,S0833,C036,71,3
Q010209,S0833,C036,75,2
Q010210,S0833,C036,62,3
Q010211,S0834,C020,96,1
Q010212,S0834,C020,79,2
Q010213,S0834,C020,80,2
Q010214,S0834,C020,95,1
Q010215,S0834,C023,100,1
Q010216,S0834,C023,100,1
Q010217,S0834,C023,100,1
Q010218,S0834,C026,70,3
Q010219,S0834,C026,73,2
Q010220,S0834,C026,82,1
Q010221,S0834,C026,59,3
Q010222,S0834,C016,33,4
Q010223,S0834,C016,35,4
Q010224,S0834,C016,30,6
Q010225,S0834,C016,31,6
Q010226,S0834,C016,33,6
Q010227,S0834,C009,9,5
Q010228,S0834,C009,1,5
Q010229,S0834,C009,0,5
Q010230,S0835,C027,55,3
Q010231,S0835,C027,61,3
Q010232,S0835,C012,47,4
Q010233,S0835,C012,55,4
Q010234,S0836,C038,91,1
Q010235,S0836,C038,90,1
Q010236,S0836,C038,100,1
Q010237,S0836,C038,86,2
Q010238,S0836,C038,88,1
Q010239,S0836,C029,3,4
Q010240,S0836,C029,16,6
Q010241,S0836,C029,9,6
Q010242,S0836,C003,69,3
Q010243,S0836,C003,63,2
Q010244,S0837,C017,33,5
Q010245,S0837,C017,27,6
Q010246,S0837,C017,14,5
Q010247,S0837,C001,69,2
Q010248,S0837,C001,80,2
Q010249,S0837,C001,74,2
Q010250,S0837,C001,85,1
Q010251,S0837,C001,75,2
Q010252,S0837,C031,51,3
Q010253,S0837,C031,48,3
Q010254,S0838,C035,66,2
Q010255,S0838,C035,74,3
Q010256,S0838,C028,0,6
Q010257,S0838,C028,4,4
Q010258,S0838,C028,26,6
Q010259,S0838,C028,15,4
Q010260,S0838,C028,7,6
Q010261,S0838,C036,12,5
Q010262,S0838,C036,0,5
Q010263,S0838,C036,28,5
Q010264,S0838,C036,4,5
Q010265,S0838,C036,18,5
Q010266,S0839,C023,51,3
Q010267,S0839,C023,50,3
Q010268,S0839,C023,54,3
Q010269,S0839,C023,71,2
Q010270,S0839,C023,67,3
Q010271,S0839,C013,88,1
Q010272,S0839,C013,87,2
Q010273,S0839,C013,85,1
Q010274,S0839,C013,85,1
Q010275,S0839,C013,85,1
Q010276,S0839,C002,100,1
Q010277,S0839,C002,79,1
Q010278,S0839,C030,95,1
Q010279,S0839,C030,81,2
Q010280,S0840,C003,100,1
Q010281,S0840,C003,100,1
Q010282,S0840,C003,100,1
Q010283,S0840,C003,100,1
Q010284,S0840,C013,4,6
Q010285,S0840,C013,31,5
Q010286,S0840,C013,14,6
Q010287,S0840,C002,53,4
Q010288,S0840,C002,48,3
Q010289,S0840,C002,56,4
Q010290,S0840,C027,11,4
Q010291,S0840,C027,15,6
Q010292,S0840,C027,12,4
Q010293,S0840,C027,4,6
Q010294,S0841,C024,8,6
Q010295,S0841,C024,18,5
Q010296,S0841,C024,4,6
Q010297,S0841,C024,6,5
Q010298,S0841,C024,27,5
Q010299,S0841,C030,58,3
Q010300,S0841,C030,45,4
Q010301,S0841,C030,59,4
Q010302,S0842,C012,75,2
Q010303,S0842,C012,96,1
Q010304,S0842,C037,100,1
Q010305,S0842,C037,88,2
Q010306,S0842,C035,85,1
Q010307,S0842,C035,85,2
Q010308,S0842,C035,79,1
Q010309,S0843,C005,21,4
Q010310,S0843,C005,16,4
Q010311,S0843,C009,35,6
Q010312,S0843,C009,49,3
Q010313,S0843,C038,15,4
Q010314,S0843,C038,20,4
Q010315,S0843,C038,0,4
Q010316,S0843,C038,9,6
Q010317,S0843,C039,4,5
Q010318,S0843,C039,20,6
Q010319,S0843,C039,16,4
Q010320,S0843,C039,2,4
Q010321,S0843,C002,72,3
Q010322,S0843,C002,83,2
Q010323,S0843,C002,83,1
Q010324,S0843,C002,69,2
Q010325,S0844,C005,38,6
Q010326,S0844,C005,19,4
Q010327,S0844,C005,22,5
Q010328,S0844,C005,30,6
Q010329,S0844,C021,57,4
Q010330,S0844,C021,55,4
Q010331,S0844,C021,70,3
Q010332,S0844,C019,52,4
Q010333,S0844,C019,49,4
Q010334,S0844,C019,52,3
Q010335,S0844,C014,19,6
Q010336,S0844,C014,19,5
Q010337,S0844,C014,40,4
Q010338,S0844,C014,28,4
Q010339,S0844,C014,19,6
Q010340,S0844,C033,44,4
Q010341,S0844,C033,56,4
Q010342,S0844,C033,36,5
Q010343,S0844,C033,58,4
Q010344,S0845,C021,57,4
Q010345,S0845,C021,60,3
Q010346,S0845,C021,69,3
Q010347,S0845,C021,84,2
Q010348,S0845,C021,68,2
Q010349,S0845,C040,21,6
Q010350,S0845,C040,24,5
Q010351,S0845,C012,60,2
Q010352,S0845,C012,60,2
Q010353,S0845,C012,47,4
Q010354,S0846,C039,80,1
Q010355,S0846,C039,79,2
Q010356,S0846,C039,61,2
Q010357,S0846,C008,64,2
Q010358,S0846,C008,65,2
Q010359,S0846,C008,77,1
Q010360,S0846,C008,67,3
Q010361,S0846,C008,66,3
Q010362,S0846,C010,42,4
Q010363,S0846,C010,41,4
Q010364,S0846,C010,57,3
Q010365,S0846,C010,53,3
Q010366,S0846,C040,50,4
Q010367,S0846,C040,54,4
Q010368,S0846,C040,66,3
Q010369,S0846,C040,44,4
Q010370,S0846,C040,63,3
Q010371,S0847,C031,1,6
Q010372,S0847,C031,10,5
Q010373,S0847,C031,8,4
Q010374,S0847,C027,82,2
Q010375,S0847,C027,68,2
Q010376,S0847,C027,76,2
Q010377,S0847,C027,79,2
Q010378,S0847,C029,63,3
Q010379,S0847,C029,61,3
Q010380,S0847,C023,83,1
Q010381,S0847,C023,85,1
Q010382,S0847,C023,91,1
Q010383,S0847,C023,82,2
Q010384,S0847,C023,75,1
Q010385,S0848,C016,8,6
Q010386,S0848,C016,5,6
Q010387,S0848,C016,0,6
Q010388,S0848,C013,100,1
Q010389,S0848,C013,99,1
Q010390,S0848,C006,85,1
Q010391,S0848,C006,96,1
Q010392,S0848,C006,100,1
Q010393,S0848,C006,75,1
Q010394,S0848,C019,0,4
Q010395,S0848,C019,0,6
Q010396,S0848,C019,5,5
Q010397,S0848,C019,7,6
Q010398,S0848,C019,0,5
Q010399,S0848,C025,87,2
Q010400,S0848,C025,91,1
Q010401,S0848,C025,94,1
Q010402,S0848,C025,95,1
Q010403,S0848,C025,89,2
Q010404,S0849,C033,37,5
Q010405,S0849,C033,47,3
Q010406,S0849,C033,44,4
Q010407,S0849,C033,48,4
Q010408,S0849,C033,49,3
Q010409,S0849,C011,70,2
Q010410,S0849,C011,70,3
Q010411,S0849,C011,85,2
Q010412,S0849,C011,89,2
Q010413,S0849,C011,72,3
Q010414,S0849,C025,8,5
Q010415,S0849,C025,12,4
Q010416,S0849,C025,3,6
Q010417,S0849,C015,23,6
Q010418,S0849,C015,17,5
Q010419,S0850,C014,7,4
Q010420,S0850,C014,5,4
Q010421,S0850,C014,1,4
Q010422,S0850,C014,7,6
Q010423,S0850,C003,31,4
Q010424,S0850,C003,12,4
Q010425,S0850,C003,7,4
Q010426,S0850,C020,75,1
Q010427,S0850,C020,90,1
Q010428,S0850,C020,71,3
Q010429,S0850,C020,93,1
Q010430,S0850,C020,77,2
Q010431,S0850,C015,88,2
Q010432,S0850,C015,71,2
Q010433,S0850,C015,86,1
Q010434,S0850,C015,69,2
Q010435,S0850,C033,0,4
Q010436,S0850,C033,14,5
Q010437,S0851,C005,86,1
Q010438,S0851,C005,85,1
Q010439,S0851,C005,90,1
Q010440,S0851,C005,88,1
Q010441,S0851,C035,100,1
Q010442,S0851,C035,88,2
Q010443,S0851,C035,100,1
Q010444,S0851,C035,100,1
Q010445,S0851,C035,84,1
Q010446,S0851,C020,99,1
Q010447,S0851,C020,76,1
Q010448,S0851,C020,92,1
Q010449,S0851,C040,67,2
Q010450,S0851,C040,62,2
Q010451,S0852,C023,33,4
Q010452,S0852,C023,33,4
Q010453,S0852,C016,8,5
Q010454,S0852,C016,16,6
Q010455,S0852,C015,76,1
Q010456,S0852,C015,62,2
Q010457,S0852,C015,76,2
Q010458,S0852,C013,100,1
Q010459,S0852,C013,87,1
Q010460,S0852,C013,90,1
Q010461,S0852,C013,100,1
Q010462,S0852,C001,21,4
Q010463,S0852,C001,15,5
Q010464,S0853,C037,26,6
Q010465,S0853,C037,16,6
Q010466,S0853,C015,64,2
Q010467,S0853,C015,79,2
Q010468,S0853,C015,68,3
Q010469,S0853,C013,100,1
Q010470,S0853,C013,100,1
Q010471,S0853,C013,82,1
Q010472,S0853,C013,88,2
Q010473,S0853,C013,93,1
Q010474,S0853,C010,76,1
Q010475,S0853,C010,89,1
Q010476,S0853,C010,91,1
Q010477,S0853,C010,73,2
Q010478,S0853,C006,100,1
Q010479,S0853,C006,100,1
Q010480,S0853,C006,100,1
Q010481,S0854,C013,89,1
Q010482,S0854,C013,76,2
Q010483,S0854,C013,85,1
Q010484,S0854,C013,84,2
Q010485,S0854,C038,24,5
Q010486,S0854,C038,51,4
Q010487,S0854,C038,45,4
Q010488,S0854,C038,33,5
Q010489,S0855,C035,4,4
Q010490,S0855,C035,0,4
Q010491,S0855,C035,0,6
Q010492,S0855,C035,9,4
Q010493,S0855,C035,11,6
Q010494,S0855,C017,25,6
Q010495,S0855,C017,30,6
Q010496,S0855,C017,16,5
Q010497,S0855,C025,94,1
Q010498,S0855,C025,84,1
Q010499,S0855,C025,77,1
Q010500,S0855,C025,83,2
Q010501,S0856,C033,8,6
Q010502,S0856,C033,4,5
Q010503,S0856,C016,56,3
Q010504,S0856,C016,76,1
Q010505,S0856,C010,95,1
Q010506,S0856,C010,97,1
Q010507,S0856,C010,92,1
Q010508,S0856,C004,81,1
Q010509,S0856,C004,59,3
Q010510,S0856,C021,24,5
Q010511,S0856,C021,25,6
Q010512,S0856,C021,30,6
Q010513,S0857,C035,48,3
Q010514,S0857,C035,57,3
Q010515,S0857,C035,75,1
Q010516,S0857,C035,54,4
Q010517,S0857,C035,60,3
Q010518,S0857,C023,19,6
Q010519,S0857,C023,34,5
Q010520,S0857,C006,33,6
Q010521,S0857,C006,26,4
Q010522,S0857,C006,32,4
Q010523,S0857,C006,21,5
Q010524,S0858,C037,87,2
Q010525,S0858,C037,76,2
Q010526,S0858,C037,80,1
Q010527,S0858,C029,17,6
Q010528,S0858,C029,8,4
Q010529,S0858,C029,7,6
Q010530,S0858,C029,23,5
Q010531,S0858,C029,0,5
Q010532,S0858,C015,76,2
Q010533,S0858,C015,64,2
Q010534,S0858,C015,77,1
Q010535,S0858,C015,68,2
Q010536,S0858,C003,47,4
Q010537,S0858,C003,52,4
Q010538,S0858,C003,43,3
Q010539,S0858,C003,56,3
Q010540,S0858,C003,50,3
Q010541,S0859,C008,60,3
Q010542,S0859,C008,42,4
Q010543,S0859,C027,78,1
Q010544,S0859,C027,93,1
Q010545,S0859,C027,78,2
Q010546,S0859,C027,84,1
Q010547,S0859,C027,83,2
Q010548,S0859,C023,42,4
Q010549,S0859,C023,42,4
Q010550,S0859,C023,54,3
Q010551,S0859,C022,57,4
Q010552,S0859,C022,67,2
Q010553,S0859,C022,67,2
Q010554,S0859,C022,49,4
Q010555,S0859,C022,74,2
Q010556,S0859,C012,100,1
Q010557,S0859,C012,85,2
Q010558,S0860,C012,100,1
Q010559,S0860,C012,100,1
Q010560,S0860,C037,32,6
Q010561,S0860,C037,38,4
Q010562,S0860,C037,17,4
Q010563,S0860,C037,8,4
Q010564,S0860,C037,28,4
Q010565,S0860,C030,20,6
Q010566,S0860,C030,46,4
Q010567,S0860,C007,30,6
Q010568,S0860,C007,31,4
Q010569,S0860,C007,54,3
Q010570,S0860,C007,51,3
Q010571,S0860,C026,72,3
Q010572,S0860,C026,54,3
Q010573,S0860,C026,70,3
Q010574,S0861,C009,56,3
Q010575,S0861,C009,59,3
Q010576,S0861,C009,34,4
Q010577,S0861,C009,45,4
Q010578,S0861,C004,6,6
Q010579,S0861,C004,30,5
Q010580,S0861,C004,21,6
Q010581,S0861,C004,18,5
Q010582,S0861,C004,21,4
Q010583,S0861,C027,36,6
Q010584,S0861,C027,54,3
Q010585,S0861,C027,43,3
Q010586,S0861,C027,32,6
Q010587,S0861,C037,25,4
Q010588,S0861,C037,26,6
Q010589,S0861,C037,31,4
Q010590,S0861,C037,31,6
Q010591,S0861,C003,90,1
Q010592,S0861,C003,96,1
Q010593,S0861,C003,100,1
Q010594,S0861,C003,100,1
Q010595,S0862,C003,73,3
Q010596,S0862,C003,53,3
Q010597,S0862,C003,45,3
Q010598,S0862,C003,62,2
Q010599,S0862,C034,47,3
Q010600,S0862,C034,54,3
Q010601,S0862,C034,50,4
Q010602,S0862,C034,64,2
Q010603,S0862,C034,66,3
Q010604,S0863,C020,36,6
Q010605,S0863,C020,38,5
Q010606,S0863,C020,32,6
Q010607,S0863,C028,74,3
Q010608,S0863,C028,70,3
Q010609,S0863,C040,25,4
Q010610,S0863,C040,42,3
Q010611,S0863,C040,26,6
Q010612,S0863,C040,32,6
Q010613,S0863,C038,1,5
Q010614,S0863,C038,29,6
Q010615,S0863,C032,8,4
Q010616,S0863,C032,6,6
Q010617,S0863,C032,3,6
Q010618,S0864,C023,40,3
Q010619,S0864,C023,20,5
Q010620,S0864,C029,13,5
Q010621,S0864,C029,19,5
Q010622,S0864,C034,21,4
Q010623,S0864,C034,2,5
Q010624,S0864,C008,20,5
Q010625,S0864,C008,14,6
Q010626,S0864,C005,72,2
Q010627,S0864,C005,72,3
Q010628,S0864,C005,78,2
Q010629,S0864,C005,77,1
Q010630,S0864,C005,63,2
Q010631,S0865,C002,56,4
Q010632,S0865,C002,70,3
Q010633,S0865,C002,58,4
Q010634,S0865,C002,68,2
Q010635,S0865,C038,59,3
Q010636,S0865,C038,85,2
Q010637,S0865,C029,9,4
Q010638,S0865,C029,16,4
Q010639,S0865,C029,17,5
Q010640,S0865,C024,43,3
Q010641,S0865,C024,40,3
Q010642,S0865,C024,31,5
Q010643,S0865,C024,40,3
Q010644,S0866,C037,86,2
Q010645,S0866,C037,77,2
Q010646,S0866,C018,100,1
Q010647,S0866,C018,100,1
Q010648,S0866,C018,99,1
Q010649,S0866,C018,100,1
Q010650,S0866,C018,87,1
Q010651,S0867,C036,80,2
Q010652,S0867,C036,82,2
Q010653,S0867,C021,63,3
Q010654,S0867,C021,58,4
Q010655,S0867,C021,39,4
Q010656,S0867,C021,55,3
Q010657,S0867,C012,86,1
Q010658,S0867,C012,86,1
Q010659,S0867,C012,79,2
Q010660,S0867,C012,72,2
Q010661,S0868,C015,84,1
Q010662,S0868,C015,100,1
Q010663,S0868,C015,88,1
Q010664,S0868,C020,83,1
Q010665,S0868,C020,87,1
Q010666,S0868,C020,100,1
Q010667,S0868,C020,100,1
Q010668,S0868,C035,78,2
Q010669,S0868,C035,73,3
Q010670,S0868,C017,50,4
Q010671,S0868,C017,52,4
Q010672,S0868,C017,52,4
Q010673,S0868,C017,52,4
Q010674,S0869,C032,84,2
Q010675,S0869,C032,100,1
Q010676,S0869,C032,84,2
Q010677,S0869,C035,0,5
Q010678,S0869,C035,0,6
Q010679,S0869,C035,6,5
Q010680,S0869,C035,12,4
Q010681,S0869,C035,0,6
Q010682,S0869,C014,64,3
Q010683,S0869,C014,68,3
Q010684,S0869,C014,68,2
Q010685,S0869,C014,77,2
Q010686,S0869,C014,72,2
Q010687,S0870,C001,42,4
Q010688,S0870,C001,34,5
Q010689,S0870,C001,50,4
Q010690,S0870,C008,100,1
Q010691,S0870,C008,98,1
Q010692,S0870,C008,100,1
Q010693,S0870,C008,100,1
Q010694,S0870,C015,43,4
Q010695,S0870,C015,20,5
Q010696,S0870,C015,21,5
Q010697,S0870,C015,20,6
Q010698,S0870,C015,45,4
Q010699,S0870,C020,56,3
Q010700,S0870,C020,62,3
Q010701,S0870,C026,5,5
Q010702,S0870,C026,0,5
Q010703,S0870,C026,0,4
Q010704,S0870,C026,0,6
Q010705,S0871,C030,46,3
Q010706,S0871,C030,48,3
Q010707,S0871,C030,56,4
Q010708,S0871,C036,87,2
Q010709,S0871,C036,82,2
Q010710,S0871,C036,100,1
Q010711,S0871,C036,100,1
Q010712,S0872,C028,40,3
Q010713,S0872,C028,49,3
Q010714,S0872,C028,67,2
Q010715,S0872,C010,64,2
Q010716,S0872,C010,72,3
Q010717,S0873,C009,21,5
Q010718,S0873,C009,20,5
Q010719,S0873,C009,45,3
Q010720,S0873,C020,56,4
Q010721,S0873,C020,56,3
Q010722,S0874,C038,40,3
Q010723,S0874,C038,40,4
Q010724,S0874,C037,17,4
Q010725,S0874,C037,32,6
Q010726,S0874,C036,90,1
Q010727,S0874,C036,100,1
Q010728,S0874,C036,98,1
Q010729,S0875,C018,55,3
Q010730,S0875,C018,66,3
Q010731,S0875,C018,47,3
Q010732,S0875,C018,54,4
Q010733,S0875,C018,39,4
Q010734,S0875,C003,33,5
Q010735,S0875,C003,46,3
Q010736,S0875,C003,44,4
Q010737,S0875,C003,38,6
Q010738,S0875,C001,34,6
Q010739,S0875,C001,54,4
Q010740,S0875,C023,42,3
Q010741,S0875,C023,29,5
Q010742,S0875,C023,26,5
Q010743,S0876,C028,7,4
Q010744,S0876,C028,11,5
Q010745,S0876,C028,6,5
Q010746,S0876,C028,11,6
Q010747,S0876,C028,0,4
Q010748,S0876,C023,21,5
Q010749,S0876,C023,17,6
Q010750,S0876,C023,27,4
Q010751,S0876,C023,16,5
Q010752,S0876,C023,35,5
Q010753,S0877,C002,89,1
Q010754,S0877,C002,88,1
Q010755,S0877,C002,83,1
Q010756,S0877,C002,80,2
Q010757,S0877,C002,73,3
Q010758,S0877,C024,0,4
Q010759,S0877,C024,12,5
Q010760,S0877,C024,24,4
Q010761,S0877,C024,6,4
Q010762,S0877,C024,0,4
Q010763,S0877,C010,100,1
Q010764,S0877,C010,94,1
Q010765,S0877,C007,44,3
Q010766,S0877,C007,48,3
Q010767,S0877,C007,59,3
Q010768,S0877,C007,52,3
Q010769,S0877,C004,78,2
Q010770,S0877,C004,95,1
Q010771,S0878,C035,0,4
Q010772,S0878,C035,18,5
Q010773,S0878,C035,1,5
Q010774,S0878,C012,60,2
Q010775,S0878,C012,60,2
Q010776,S0878,C015,69,2
Q010777,S0878,C015,64,3
Q010778,S0879,C006,100,1
Q010779,S0879,C006,96,1
Q010780,S0879,C028,97,1
Q010781,S0879,C028,89,2
Q010782,S0879,C028,93,1
Q010783,S0879,C030,86,1
Q010784,S0879,C030,100,1
Q010785,S0879,C030,95,1
Q010786,S0879,C030,77,2
Q010787,S0879,C030,78,1
Q010788,S0880,C013,16,6
Q010789,S0880,C013,31,4
Q010790,S0880,C013,31,6
Q010791,S0880,C013,38,4
Q010792,S0880,C025,10,5
Q010793,S0880,C025,30,4
Q010794,S0880,C025,14,5
Q010795,S0880,C025,14,6
Q010796,S0880,C025,7,6
Q010797,S0880,C010,0,6
Q010798,S0880,C010,0,5
Q010799,S0880,C010,0,6
Q010800,S0880,C027,32,6
Q010801,S0880,C027,51,4
Q010802,S0880,C027,28,4
Q010803,S0880,C027,32,4
Q010804,S0880,C006,81,1
Q010805,S0880,C006,68,3
Q010806,S0880,C006,92,1
Q010807,S0880,C006,84,2
Q010808,S0880,C006,80,2
Q010809,S0881,C025,16,6
Q010810,S0881,C025,31,6
Q010811,S0881,C024,100,1
Q010812,S0881,C024,84,2
Q010813,S0881,C019,56,3
Q010814,S0881,C019,28,4
Q010815,S0881,C030,75,1
Q010816,S0881,C030,73,2
Q010817,S0881,C030,87,1
Q010818,S0881,C030,70,3
Q010819,S0882,C020,44,4
Q010820,S0882,C020,17,4
Q010821,S0882,C039,35,4
Q010822,S0882,C039,21,5
Q010823,S0882,C039,26,4
Q010824,S0882,C039,14,4
Q010825,S0883,C013,12,5
Q010826,S0883,C013,19,6
Q010827,S0883,C013,17,6
Q010828,S0883,C013,22,4
Q010829,S0883,C012,20,5
Q010830,S0883,C012,27,5
Q010831,S0883,C012,27,6
Q010832,S0883,C012,34,6
Q010833,S0883,C037,90,1
Q010834,S0883,C037,82,2
Q010835,S0883,C037,100,1
Q010836,S0883,C037,87,1
Q010837,S0883,C004,15,4
Q010838,S0883,C004,37,6
Q010839,S0884,C005,43,3
Q010840,S0884,C005,29,5
Q010841,S0884,C005,22,5
Q010842,S0884,C005,39,5
Q010843,S0884,C014,59,3
Q010844,S0884,C014,61,3
Q010845,S0884,C031,65,3
Q010846,S0884,C031,73,2
Q010847,S0884,C031,67,2
Q010848,S0884,C031,81,2
Q010849,S0885,C007,70,2
Q010850,S0885,C007,85,1
Q010851,S0885,C007,96,1
Q010852,S0885,C007,84,2
Q010853,S0885,C007,69,3
Q010854,S0885,C022,68,2
Q010855,S0885,C022,75,2
Q010856,S0885,C022,70,2
Q010857,S0885,C022,88,1
Q010858,S0885,C009,85,1
Q010859,S0885,C009,91,1
Q010860,S0885,C009,77,2
Q010861,S0885,C035,85,2
Q010862,S0885,C035,82,1
Q010863,S0885,C035,73,2
Q010864,S0886,C030,64,3
Q010865,S0886,C030,66,2
Q010866,S0886,C015,34,4
Q010867,S0886,C015,54,4
Q010868,S0886,C032,62,2
Q010869,S0886,C032,50,4
Q010870,S0886,C032,39,5
Q010871,S0886,C032,65,2
Q010872,S0886,C013,19,4
Q010873,S0886,C013,19,5
Q010874,S0886,C013,10,4
Q010875,S0886,C013,12,5
Q010876,S0886,C013,1,4
Q010877,S0886,C020,41,3
Q010878,S0886,C020,35,6
Q010879,S0886,C020,51,4
Q010880,S0887,C040,94,1
Q010881,S0887,C040,88,1
Q010882,S0887,C007,53,4
Q010883,S0887,C007,56,4
Q010884,S0887,C007,51,4
Q010885,S0887,C007,35,5
Q010886,S0887,C022,1,5
Q010887,S0887,C022,23,5
Q010888,S0887,C022,13,4
Q010889,S0887,C022,5,4
Q010890,S0888,C002,100,1
Q010891,S0888,C002,90,1
Q010892,S0888,C002,90,1
Q010893,S0888,C006,12,4
Q010894,S0888,C006,27,5
Q010895,S0888,C006,28,6
Q010896,S0888,C006,31,5
Q010897,S0888,C006,16,5
Q010898,S0889,C001,47,4
Q010899,S0889,C001,49,3
Q010900,S0889,C001,51,4
Q010901,S0889,C001,60,3
Q010902,S0889,C034,94,1
Q010903,S0889,C034,92,1
Q010904,S0890,C025,62,3
Q010905,S0890,C025,58,3
Q010906,S0890,C025,63,2
Q010907,S0890,C025,54,4
Q010908,S0890,C011,57,4
Q010909,S0890,C011,63,3
Q010910,S0890,C011,50,3
Q010911,S0890,C023,82,1
Q010912,S0890,C023,77,2
Q010913,S0890,C023,92,1
Q010914,S0890,C023,100,1
Q010915,S0890,C030,35,4
Q010916,S0890,C030,56,3
Q010917,S0890,C030,39,6
Q010918,S0890,C030,56,4
Q010919,S0890,C009,83,1
Q010920,S0890,C009,98,1
Q010921,S0891,C012,19,6
Q010922,S0891,C012,41,4
Q010923,S0891,C036,43,3
Q010924,S0891,C036,31,6
Q010925,S0891,C036,22,5
Q010926,S0891,C036,43,4
Q010927,S0891,C022,98,1
Q010928,S0891,C022,88,2
Q010929,S0891,C022,91,1
Q010930,S0891,C022,81,2
Q010931,S0892,C008,50,4
Q010932,S0892,C008,37,5
Q010933,S0892,C008,54,4
Q010934,S0892,C008,34,4
Q010935,S0892,C008,36,6
Q010936,S0892,C017,0,6
Q010937,S0892,C017,9,5
Q010938,S0892,C017,11,5
Q010939,S0892,C017,0,4
Q010940,S0892,C017,0,5
Q010941,S0892,C025,30,5
Q010942,S0892,C025,16,5
Q010943,S0892,C025,25,6
Q010944,S0892,C025,15,5
Q010945,S0892,C012,53,4
Q010946,S0892,C012,30,6
Q010947,S0893,C003,65,2
Q010948,S0893,C003,41,3
Q010949,S0893,C003,63,3
Q010950,S0893,C018,18,5
Q010951,S0893,C018,16,5
Q010952,S0893,C015,47,3
Q010953,S0893,C015,28,5
Q010954,S0893,C015,50,4
Q010955,S0893,C015,55,4
Q010956,S0893,C027,35,4
Q010957,S0893,C027,19,6
Q010958,S0893,C027,17,5
Q010959,S0893,C027,36,4
Q010960,S0894,C036,24,6
Q010961,S0894,C036,16,6
Q010962,S0894,C027,32,5
Q010963,S0894,C027,45,3
Q010964,S0894,C027,21,4
Q010965,S0894,C019,22,6
Q010966,S0894,C019,0,5
Q010967,S0894,C019,6,4
Q010968,S0894,C019,17,6
Q010969,S0894,C019,6,5
Q010970,S0895,C031,68,2
Q010971,S0895,C031,50,4
Q010972,S0895,C031,65,3
Q010973,S0895,C031,59,4
Q010974,S0895,C014,57,3
Q010975,S0895,C014,54,4
Q010976,S0895,C014,55,3
Q010977,S0895,C014,52,3
Q010978,S0895,C014,55,4
Q010979,S0895,C017,62,2
Q010980,S0895,C017,62,2
Q010981,S0895,C017,43,4
Q010982,S0895,C017,38,5
Q010983,S0895,C017,53,3
Q010984,S0895,C018,71,3
Q010985,S0895,C018,62,2
Q010986,S0895,C018,60,3
Q010987,S0896,C004,75,2
Q010988,S0896,C004,75,1
Q010989,S0896,C004,52,4
Q010990,S0896,C004,48,3
Q010991,S0896,C003,95,1
Q010992,S0896,C003,86,2
Q010993,S0896,C003,83,1
Q010994,S0896,C021,64,2
Q010995,S0896,C021,66,2
Q010996,S0897,C034,61,2
Q010997,S0897,C034,81,1
Q010998,S0897,C034,65,2
Q010999,S0897,C034,73,3
Q011000,S0897,C034,59,3
Q011001,S0897,C031,68,3
Q011002,S0897,C031,60,3
Q011003,S0897,C019,97,1
Q011004,S0897,C019,86,1
Q011005,S0897,C019,81,1
Q011006,S0897,C019,94,1
Q011007,S0897,C019,95,1
Q011008,S0897,C028,73,3
Q011009,S0897,C028,75,1
Q011010,S0897,C028,66,3
Q011011,S0898,C033,13,6
Q011012,S0898,C033,8,4
Q011013,S0898,C033,0,6
Q011014,S0898,C033,14,5
Q011015,S0898,C009,54,4
Q011016,S0898,C009,34,4
Q011017,S0898,C009,34,5
Q011018,S0898,C009,47,3
Q011019,S0898,C009,55,4
Q011020,S0899,C011,93,1
Q011021,S0899,C011,96,1
Q011022,S0899,C011,100,1
Q011023,S0899,C011,100,1
Q011024,S0899,C011,100,1
Q011025,S0899,C008,15,4
Q011026,S0899,C008,3,4
Q011027,S0899,C008,6,5
Q011028,S0900,C025,42,3
Q011029,S0900,C025,27,4
Q011030,S0900,C025,33,4
Q011031,S0900,C025,20,4
Q011032,S0900,C025,32,4
Q011033,S0900,C038,24,6
Q011034,S0900,C038,42,3
Q011035,S0900,C038,45,3
Q011036,S0900,C038,24,6
Q011037,S0900,C038,32,6
Q011038,S0900,C040,69,2
Q011039,S0900,C040,73,2
Q011040,S0900,C040,62,2
Q011041,S0900,C039,0,4
Q011042,S0900,C039,0,5
Q011043,S0900,C039,0,5
Q011044,S0900,C039,4,6
Q011045,S0900,C039,0,4
Q011046,S0900,C007,70,2
Q011047,S0900,C007,60,2
Q011048,S0901,C013,99,1
Q011049,S0901,C013,92,1
Q011050,S0901,C013,100,1
Q011051,S0901,C013,100,1
Q011052,S0901,C013,98,1
Q011053,S0901,C037,22,4
Q011054,S0901,C037,47,3
Q011055,S0901,C037,35,6
Q011056,S0901,C037,43,3
Q011057,S0901,C037,42,4
Q011058,S0901,C036,97,1
Q011059,S0901,C036,91,1
Q011060,S0901,C026,100,1
Q011061,S0901,C026,86,1
Q011062,S0901,C026,99,1
Q011063,S0901,C003,100,1
Q011064,S0901,C003,91,1
Q011065,S0901,C003,100,1
Q011066,S0901,C003,98,1
Q011067,S0901,C003,100,1
Q011068,S0902,C024,26,6
Q011069,S0902,C024,19,4
Q011070,S0902,C024,17,5
Q011071,S0902,C017,7,6
Q011072,S0902,C017,6,6
Q011073,S0903,C010,84,1
Q011074,S0903,C010,88,1
Q011075,S0903,C016,41,3
Q011076,S0903,C016,51,3
Q011077,S0903,C011,70,2
Q011078,S0903,C011,59,4
Q011079,S0903,C011,62,3
Q011080,S0903,C011,69,2
Q011081,S0903,C011,74,3
Q011082,S0903,C022,28,4
Q011083,S0903,C022,4,4
Q011084,S0903,C022,17,5
Q011085,S0903,C022,31,6
Q011086,S0903,C022,2,5
Q011087,S0904,C032,11,5
Q011088,S0904,C032,14,4
Q011089,S0904,C032,6,4
Q011090,S0904,C032,28,4
Q011091,S0904,C032,27,6
Q011092,S0904,C028,5,5
Q011093,S0904,C028,7,4
Q011094,S0904,C028,15,4
Q011095,S0904,C028,23,5
Q011096,S0904,C017,86,1
Q011097,S0904,C017,81,1
Q011098,S0904,C004,34,6
Q011099,S0904,C004,48,4
Q011100,S0904,C004,31,4
Q011101,S0904,C004,42,3
Q011102,S0905,C027,31,5
Q011103,S0905,C027,35,4
Q011104,S0905,C030,60,3
Q011105,S0905,C030,76,1
Q011106,S0905,C030,77,2
Q011107,S0905,C030,57,4
Q011108,S0905,C030,69,3
Q011109,S0906,C019,9,6
Q011110,S0906,C019,6,4
Q011111,S0906,C019,20,5
Q011112,S0906,C019,3,4
Q011113,S0906,C035,30,5
Q011114,S0906,C035,30,5
Q011115,S0906,C035,13,5
Q011116,S0906,C035,33,5
Q011117,S0906,C023,83,1
Q011118,S0906,C023,100,1
Q011119,S0906,C023,81,1
Q011120,S0906,C010,100,1
Q011121,S0906,C010,87,2
Q011122,S0906,C010,84,2
Q011123,S0907,C005,20,4
Q011124,S0907,C005,5,6
Q011125,S0907,C038,7,6
Q011126,S0907,C038,0,6
Q011127,S0907,C038,13,4
Q011128,S0907,C038,15,4
Q011129,S0907,C038,5,5
Q011130,S0907,C024,35,6
Q011131,S0907,C024,30,4
Q011132,S0907,C032,23,5
Q011133,S0907,C032,3,6
Q011134,S0907,C032,25,5
Q011135,S0907,C032,25,6
Q011136,S0907,C032,11,5
Q011137,S0908,C037,3,6
Q011138,S0908,C037,12,6
Q011139,S0908,C037,4,5
Q011140,S0908,C037,9,6
Q011141,S0908,C037,6,6
Q011142,S0908,C032,1,6
Q011143,S0908,C032,11,4
Q011144,S0908,C032,8,6
Q011145,S0908,C032,12,6
Q011146,S0908,C032,26,4
Q011147,S0908,C014,14,4
Q011148,S0908,C014,10,5
Q011149,S0909,C036,60,2
Q011150,S0909,C036,67,3
Q011151,S0909,C036,57,4
Q011152,S0909,C036,63,2
Q011153,S0909,C037,59,4
Q011154,S0909,C037,80,2
Q011155,S0910,C031,100,1
Q011156,S0910,C031,87,2
Q011157,S0910,C031,96,1
Q011158,S0910,C009,69,2
Q011159,S0910,C009,71,2
Q011160,S0910,C009,64,2
Q011161,S0911,C033,34,4
Q011162,S0911,C033,19,6
Q011163,S0911,C033,44,3
Q011164,S0911,C033,43,4
Q011165,S0911,C029,14,4
Q011166,S0911,C029,16,5
Q011167,S0911,C029,2,4
Q011168,S0911,C040,16,5
Q011169,S0911,C040,26,4
Q011170,S0911,C028,39,6
Q011171,S0911,C028,64,3
Q011172,S0911,C028,55,4
Q011173,S0911,C028,49,4
Q011174,S0911,C028,45,4
Q011175,S0911,C034,63,3
Q011176,S0911,C034,40,4
Q011177,S0911,C034,64,3
Q011178,S0912,C028,63,3
Q011179,S0912,C028,46,3
Q011180,S0912,C028,52,4
Q011181,S0912,C028,61,2
Q011182,S0912,C028,68,2
Q011183,S0912,C008,30,5
Q011184,S0912,C008,43,3
Q011185,S0913,C038,75,1
Q011186,S0913,C038,69,3
Q011187,S0913,C038,95,1
Q011188,S0913,C038,84,1
Q011189,S0913,C038,72,3
Q011190,S0913,C021,39,5
Q011191,S0913,C021,20,4
Q011192,S0913,C021,39,4
Q011193,S0913,C021,25,5
Q011194,S0914,C039,10,5
Q011195,S0914,C039,0,5
Q011196,S0914,C039,0,4
Q011197,S0914,C039,12,4
Q011198,S0914,C039,0,5
Q011199,S0914,C036,87,2
Q011200,S0914,C036,74,3
Q011201,S0914,C036,95,1
Q011202,S0914,C036,78,1
Q011203,S0915,C020,0,4
Q011204,S0915,C020,0,5
Q011205,S0915,C020,0,5
Q011206,S0915,C020,0,5
Q011207,S0915,C029,58,3
Q011208,S0915,C029,80,2
Q011209,S0915,C002,51,4
Q011210,S0915,C002,72,2
Q011211,S0915,C002,54,4
Q011212,S0915,C002,54,4
Q011213,S0915,C002,66,2
Q011214,S0916,C040,4,5
Q011215,S0916,C040,0,6
Q011216,S0916,C040,24,5
Q011217,S0916,C040,14,4
Q011218,S0916,C033,3,6
Q011219,S0916,C033,6,6
Q011220,S0916,C033,17,4
Q011221,S0916,C033,26,6
Q011222,S0916,C033,12,4
Q011223,S0916,C038,21,5
Q011224,S0916,C038,38,5
Q011225,S0917,C016,23,6
Q011226,S0917,C016,46,4
Q011227,S0917,C016,47,3
Q011228,S0917,C028,37,6
Q011229,S0917,C028,43,4
Q011230,S0917,C026,10,6
Q011231,S0917,C026,21,4
Q011232,S0917,C037,74,2
Q011233,S0917,C037,80,2
Q011234,S0917,C037,67,3
Q011235,S0917,C037,80,1
Q011236,S0917,C037,87,2
Q011237,S0917,C032,33,6
Q011238,S0917,C032,50,3
Q011239,S0918,C030,29,6
Q011240,S0918,C030,45,3
Q011241,S0918,C030,48,3
Q011242,S0918,C030,41,4
Q011243,S0918,C039,84,1
Q011244,S0918,C039,74,3
Q011245,S0918,C004,13,5
Q011246,S0918,C004,28,6
Q011247,S0918,C035,18,6
Q011248,S0918,C035,8,5
Q011249,S0918,C035,15,5
Q011250,S0918,C035,14,5
Q011251,S0918,C015,58,3
Q011252,S0918,C015,84,2
Q011253,S0919,C036,61,3
Q011254,S0919,C036,68,2
Q011255,S0919,C036,58,4
Q011256,S0919,C016,53,4
Q011257,S0919,C016,66,3
Q011258,S0919,C016,70,2
Q011259,S0920,C040,98,1
Q011260,S0920,C040,83,1
Q011261,S0920,C040,94,1
Q011262,S0920,C040,85,1
Q011263,S0920,C040,100,1
Q011264,S0920,C034,87,2
Q011265,S0920,C034,75,1
Q011266,S0920,C021,40,3
Q011267,S0920,C021,32,5
Q011268,S0920,C021,55,3
Q011269,S0920,C021,40,3
Q011270,S0920,C021,43,4
Q011271,S0920,C019,36,4
Q011272,S0920,C019,28,6
Q011273,S0921,C032,37,4
Q011274,S0921,C032,44,3
Q011275,S0921,C026,75,1
Q011276,S0921,C026,66,2
Q011277,S0921,C026,83,2
Q011278,S0921,C014,10,5
Q011279,S0921,C014,28,5
Q011280,S0922,C031,18,6
Q011281,S0922,C031,9,6
Q011282,S0922,C034,23,5
Q011283,S0922,C034,25,4
Q011284,S0923,C006,97,1
Q011285,S0923,C006,78,2
Q011286,S0923,C006,99,1
Q011287,S0923,C006,83,1
Q011288,S0923,C010,66,2
Q011289,S0923,C010,67,2
Q011290,S0923,C010,63,3
Q011291,S0923,C010,62,2
Q011292,S0923,C010,59,4
Q011293,S0924,C017,3,6
Q011294,S0924,C017,0,4
Q011295,S0924,C017,14,6
Q011296,S0924,C017,13,6
Q011297,S0924,C017,11,6
Q011298,S0924,C014,0,5
Q011299,S0924,C014,13,5
Q011300,S0924,C014,0,6
Q011301,S0924,C014,2,5
Q011302,S0924,C036,11,4
Q011303,S0924,C036,35,5
Q011304,S0924,C036,13,4
Q011305,S0925,C018,62,2
Q011306,S0925,C018,64,2
Q011307,S0925,C008,100,1
Q011308,S0925,C008,100,1
Q011309,S0925,C022,60,2
Q011310,S0925,C022,75,1
Q011311,S0925,C022,56,3
Q011312,S0925,C017,0,4
Q011313,S0925,C017,5,5
Q011314,S0925,C036,58,3
Q011315,S0925,C036,65,2
Q011316,S0925,C036,53,4
Q011317,S0925,C036,63,2
Q011318,S0926,C030,35,6
Q011319,S0926,C030,8,4
Q011320,S0926,C030,29,4
Q011321,S0926,C030,18,5
Q011322,S0926,C031,22,6
Q011323,S0926,C031,3,6
Q011324,S0926,C031,15,4
Q011325,S0926,C031,20,4
Q011326,S0926,C031,18,4
Q011327,S0926,C013,60,2
Q011328,S0926,C013,80,2
Q011329,S0926,C013,79,2
Q011330,S0926,C013,60,3
Q011331,S0927,C007,67,3
Q011332,S0927,C007,83,1
Q011333,S0927,C033,38,6
Q011334,S0927,C033,57,4
Q011335,S0927,C033,58,4
Q011336,S0927,C009,49,3
Q011337,S0927,C009,49,3
Q011338,S0927,C009,52,4
Q011339,S0927,C009,23,6
Q011340,S0927,C038,92,1
Q011341,S0927,C038,94,1
Q011342,S0927,C038,83,2
Q011343,S0927,C036,35,4
Q011344,S0927,C036,40,4
Q011345,S0927,C036,28,5
Q011346,S0927,C036,41,4
Q011347,S0927,C036,41,4
Q011348,S0928,C027,77,2
Q011349,S0928,C027,86,1
Q011350,S0928,C027,71,2
Q011351,S0928,C027,98,1
Q011352,S0928,C010,7,4
Q011353,S0928,C010,37,4
Q011354,S0929,C011,78,2
Q011355,S0929,C011,77,1
Q011356,S0929,C008,100,1
Q011357,S0929,C008,100,1
Q011358,S0929,C008,92,1
Q011359,S0929,C008,100,1
Q011360,S0929,C022,89,2
Q011361,S0929,C022,89,2
Q011362,S0929,C022,63,3
Q011363,S0929,C022,86,2
Q011364,S0929,C019,17,6
Q011365,S0929,C019,8,4
Q011366,S0929,C019,12,4
Q011367,S0929,C019,1,5
Q011368,S0929,C019,16,6
Q011369,S0930,C011,59,3
Q011370,S0930,C011,57,4
Q011371,S0930,C011,39,5
Q011372,S0930,C006,90,1
Q011373,S0930,C006,100,1
Q011374,S0930,C006,100,1
Q011375,S0930,C007,92,1
Q011376,S0930,C007,84,2
Q011377,S0930,C007,76,2
Q011378,S0930,C013,15,5
Q011379,S0930,C013,17,5
Q011380,S0930,C013,24,4
Q011381,S0930,C013,29,6
Q011382,S0930,C017,29,5
Q011383,S0930,C017,11,4
Q011384,S0930,C017,25,6
Q011385,S0930,C017,14,4
Q011386,S0931,C031,92,1
Q011387,S0931,C031,77,1
Q011388,S0931,C031,100,1
Q011389,S0931,C003,43,4
Q011390,S0931,C003,62,3
Q011391,S0931,C003,44,3
Q011392,S0931,C003,36,4
Q011393,S0931,C037,15,6
Q011394,S0931,C037,19,6
Q011395,S0931,C037,15,4
Q011396,S0931,C037,16,5
Q011397,S0931,C037,28,6
Q011398,S0931,C005,55,4
Q011399,S0931,C005,51,3
Q011400,S0931,C005,64,3
Q011401,S0932,C003,58,4
Q011402,S0932,C003,59,4
Q011403,S0932,C001,88,1
Q011404,S0932,C001,87,1
Q011405,S0932,C001,88,2
Q011406,S0932,C001,85,2
Q011407,S0932,C001,100,1
Q011408,S0932,C028,47,3
Q011409,S0932,C028,51,3
Q011410,S0932,C028,69,3
Q011411,S0932,C028,47,4
Q011412,S0932,C028,70,3
Q011413,S0932,C021,30,5
Q011414,S0932,C021,31,5
Q011415,S0932,C021,11,4
Q011416,S0932,C021,28,5
Q011417,S0932,C021,23,5
Q011418,S0933,C033,21,5
Q011419,S0933,C033,0,6
Q011420,S0933,C033,5,6
Q011421,S0933,C033,6,4
Q011422,S0933,C033,0,5
Q011423,S0933,C005,40,3
Q011424,S0933,C005,46,4
Q011425,S0933,C005,47,3
Q011426,S0933,C005,35,5
Q011427,S0933,C005,43,3
Q011428,S0933,C022,35,4
Q011429,S0933,C022,16,4
Q011430,S0933,C022,15,4
Q011431,S0933,C022,28,4
Q011432,S0933,C021,19,6
Q011433,S0933,C021,20,4
Q011434,S0933,C021,8,5
Q011435,S0933,C021,22,4
Q011436,S0933,C021,20,5
Q011437,S0934,C022,80,2
Q011438,S0934,C022,96,1
Q011439,S0934,C022,93,1
Q011440,S0934,C022,84,2
Q011441,S0934,C003,40,4
Q011442,S0934,C003,46,4
Q011443,S0934,C003,35,6
Q011444,S0934,C018,77,2
Q011445,S0934,C018,83,2
Q011446,S0934,C035,51,3
Q011447,S0934,C035,31,5
Q011448,S0934,C035,57,4
Q011449,S0934,C035,52,4
Q011450,S0934,C035,54,4
Q011451,S0934,C020,50,3
Q011452,S0934,C020,56,3
Q011453,S0934,C020,47,3
Q011454,S0935,C029,11,4
Q011455,S0935,C029,0,4
Q011456,S0935,C029,8,4
Q011457,S0935,C017,16,4
Q011458,S0935,C017,22,4
Q011459,S0935,C017,7,6
Q011460,S0935,C017,9,5
Q011461,S0935,C035,0,6
Q011462,S0935,C035,7,4
Q011463,S0935,C001,52,3
Q011464,S0935,C001,49,4
Q011465,S0935,C001,43,4
Q011466,S0935,C001,58,3
Q011467,S0935,C001,30,4
Q011468,S0935,C004,44,3
Q011469,S0935,C004,31,4
Q011470,S0935,C004,24,5
Q011471,S0936,C024,25,5
Q011472,S0936,C024,22,4
Q011473,S0936,C024,19,5
Q011474,S0936,C028,37,4
Q011475,S0936,C028,36,5
Q011476,S0936,C022,86,1
Q011477,S0936,C022,70,3
Q011478,S0936,C022,64,3
Q011479,S0936,C006,63,2
Q011480,S0936,C006,62,2
Q011481,S0937,C014,75,1
Q011482,S0937,C014,70,2
Q011483,S0937,C014,58,4
Q011484,S0937,C014,67,2
Q011485,S0937,C010,29,5
Q011486,S0937,C010,28,5
Q011487,S0937,C010,31,4
Q011488,S0937,C010,19,6
Q011489,S0937,C010,27,5
Q011490,S0938,C013,45,4
Q011491,S0938,C013,60,2
Q011492,S0938,C014,54,3
Q011493,S0938,C014,64,2
Q011494,S0938,C014,78,1
Q011495,S0938,C014,56,3
Q011496,S0939,C002,100,1
Q011497,S0939,C002,100,1
Q011498,S0939,C002,94,1
Q011499,S0939,C002,100,1
Q011500,S0939,C024,37,4
Q011501,S0939,C024,48,4
Q011502,S0939,C024,24,4
Q011503,S0940,C037,0,5
Q011504,S0940,C037,21,6
Q011505,S0940,C037,22,6
Q011506,S0940,C018,26,5
Q011507,S0940,C018,29,5
Q011508,S0940,C018,18,4
Q011509,S0940,C018,11,4
Q011510,S0940,C003,36,5
Q011511,S0940,C003,17,6
Q011512,S0940,C003,14,5
Q011513,S0941,C013,59,3
Q011514,S0941,C013,46,3
Q011515,S0941,C013,43,3
Q011516,S0941,C013,60,2
Q011517,S0941,C013,36,5
Q011518,S0941,C014,28,5
Q011519,S0941,C014,46,4
Q011520,S0941,C014,52,3
Q011521,S0941,C014,52,3
Q011522,S0941,C014,32,5
Q011523,S0941,C019,42,4
Q011524,S0941,C019,45,3
Q011525,S0941,C019,61,2
Q011526,S0941,C019,47,3
Q011527,S0941,C007,30,4
Q011528,S0941,C007,56,3
Q011529,S0941,C007,33,4
Q011530,S0941,C036,32,6
Q011531,S0941,C036,32,5
Q011532,S0941,C036,23,5
Q011533,S0942,C019,87,2
Q011534,S0942,C019,74,3
Q011535,S0942,C019,79,1
Q011536,S0942,C019,82,1
Q011537,S0942,C018,67,3
Q011538,S0942,C018,61,2
Q011539,S0942,C018,85,2
Q011540,S0942,C018,78,2
Q011541,S0942,C018,62,2
Q011542,S0942,C038,35,4
Q011543,S0942,C038,37,6
Q011544,S0942,C038,10,6
Q011545,S0943,C026,87,2
Q011546,S0943,C026,95,1
Q011547,S0943,C026,99,1
Q011548,S0943,C026,94,1
Q011549,S0943,C026,79,1
Q011550,S0943,C015,67,3
Q011551,S0943,C015,65,2
Q011552,S0943,C015,43,3
Q011553,S0943,C015,45,4
Q011554,S0943,C015,51,3
Q011555,S0943,C007,61,3
Q011556,S0943,C007,74,3
Q011557,S0943,C007,55,3
Q011558,S0943,C007,50,3
Q011559,S0943,C007,74,2
Q011560,S0943,C006,18,5
Q011561,S0943,C006,23,4
Q011562,S0943,C022,60,3
Q011563,S0943,C022,53,4
Q011564,S0944,C028,70,2
Q011565,S0944,C028,70,2
Q011566,S0944,C028,77,2
Q011567,S0944,C019,1,5
Q011568,S0944,C019,5,5
Q011569,S0944,C019,23,5
Q011570,S0944,C019,13,6
Q011571,S0945,C004,25,5
Q011572,S0945,C004,17,4
Q011573,S0945,C004,41,4
Q011574,S0945,C004,29,6
Q011575,S0945,C005,56,4
Q011576,S0945,C005,37,4
Q011577,S0945,C005,39,4
Q011578,S0945,C005,45,4
Q011579,S0945,C040,74,3
Q011580,S0945,C040,69,2
Q011581,S0946,C040,53,3
Q011582,S0946,C040,53,3
Q011583,S0946,C008,20,6
Q011584,S0946,C008,14,5
Q011585,S0946,C008,7,6
Q011586,S0946,C008,20,5
Q011587,S0946,C001,78,2
Q011588,S0946,C001,100,1
Q011589,S0946,C001,88,1
Q011590,S0946,C001,93,1
Q011591,S0946,C001,82,1
Q011592,S0946,C014,5,4
Q011593,S0946,C014,0,5
Q011594,S0946,C014,0,4
Q011595,S0946,C014,0,5
Q011596,S0946,C014,0,4
Q011597,S0946,C021,54,4
Q011598,S0946,C021,57,4
Q011599,S0946,C021,61,2
Q011600,S0946,C021,55,3
Q011601,S0947,C025,95,1
Q011602,S0947,C025,74,2
Q011603,S0947,C014,38,4
Q011604,S0947,C014,27,6
Q011605,S0947,C014,54,3
Q011606,S0947,C031,91,1
Q011607,S0947,C031,96,1
Q011608,S0948,C040,38,5
Q011609,S0948,C040,28,6
Q011610,S0948,C040,45,3
Q011611,S0948,C001,45,3
Q011612,S0948,C001,44,4
Q011613,S0948,C026,94,1
Q011614,S0948,C026,70,2
Q011615,S0948,C026,98,1
Q011616,S0948,C026,75,2
Q011617,S0948,C030,8,4
Q011618,S0948,C030,0,5
Q011619,S0949,C008,100,1
Q011620,S0949,C008,100,1
Q011621,S0949,C022,100,1
Q011622,S0949,C022,95,1
Q011623,S0949,C022,95,1
Q011624,S0949,C022,100,1
Q011625,S0949,C011,55,4
Q011626,S0949,C011,63,3
Q011627,S0949,C036,13,4
Q011628,S0949,C036,13,4
Q011629,S0949,C036,31,5
Q011630,S0949,C006,21,6
Q011631,S0949,C006,20,5
Q011632,S0949,C006,13,4
Q011633,S0950,C040,77,2
Q011634,S0950,C040,67,3
Q011635,S0950,C040,78,1
Q011636,S0950,C033,68,3
Q011637,S0950,C033,57,3
Q011638,S0950,C033,42,4
