StudentID,RegistrationYear,RegistrationMonth,AgeGroup,StudentStatus
S0001,2024,6,20-30,At Risk
S0001,2024,6,20-30,At Risk
S0001,2024,6,20-30,At Risk
S0001,2024,6,20-30,At Risk
S0001,2024,6,20-30,At Risk
S0001,2024,6,20-30,At Risk
S0001,2024,6,20-30,At Risk
S0002,2024,1,20-30,In Progress
S0002,2024,1,20-30,In Progress
S0002,2024,1,20-30,In Progress
S0002,2024,1,20-30,In Progress
S0002,2024,1,20-30,In Progress
S0002,2024,1,20-30,In Progress
S0002,2024,1,20-30,In Progress
S0002,2024,1,20-30,In Progress
S0002,2024,1,20-30,In Progress
S0002,2024,1,20-30,At Risk
S0002,2024,1,20-30,At Risk
S0002,2024,1,20-30,At Risk
S0002,2024,1,20-30,At Risk
S0002,2024,1,20-30,At Risk
S0002,2024,1,20-30,At Risk
S0002,2024,1,20-30,At Risk
S0002,2024,1,20-30,At Risk
S0003,2023,3,31-40,In Progress
S0003,2023,3,31-40,In Progress
S0003,2023,3,31-40,In Progress
S0003,2023,3,31-40,In Progress
S0003,2023,3,31-40,In Progress
S0003,2023,3,31-40,In Progress
S0003,2023,3,31-40,In Progress
S0003,2023,3,31-40,In Progress
S0003,2023,3,31-40,In Progress
S0003,2023,3,31-40,At Risk
S0003,2023,3,31-40,At Risk
S0003,2023,3,31-40,At Risk
S0003,2023,3,31-40,At Risk
S0003,2023,3,31-40,At Risk
S0003,2023,3,31-40,In Progress
S0003,2023,3,31-40,In Progress
S0004,2025,1,20-30,At Risk
S0004,2025,1,20-30,At Risk
S0004,2025,1,20-30,At Risk
S0004,2025,1,20-30,At Risk
S0004,2025,1,20-30,At Risk
S0004,2025,1,20-30,At Risk
S0004,2025,1,20-30,At Risk
S0004,2025,1,20-30,At Risk
S0004,2025,1,20-30,At Risk
S0004,2025,1,20-30,At Risk
S0004,2025,1,20-30,In Progress
S0004,2025,1,20-30,In Progress
S0004,2025,1,20-30,In Progress
S0004,2025,1,20-30,In Progress
S0004,2025,1,20-30,In Progress
S0005,2023,10,20-30,At Risk
S0005,2023,10,20-30,At Risk
S0005,2023,10,20-30,At Risk
S0005,2023,10,20-30,At Risk
S0005,2023,10,20-30,At Risk
S0005,2023,10,20-30,In Progress
S0005,2023,10,20-30,In Progress
S0005,2023,10,20-30,At Risk
S0005,2023,10,20-30,At Risk
S0005,2023,10,20-30,At Risk
S0005,2023,10,20-30,At Risk
S0005,2023,10,20-30,At Risk
S0006,2024,6,20-30,In Progress
S0006,2024,6,20-30,In Progress
S0006,2024,6,20-30,At Risk
S0006,2024,6,20-30,At Risk
S0006,2024,6,20-30,At Risk
S0006,2024,6,20-30,At Risk
S0006,2024,6,20-30,At Risk
S0007,2024,9,20-30,At Risk
S0007,2024,9,20-30,At Risk
S0007,2024,9,20-30,At Risk
S0007,2024,9,20-30,At Risk
S0007,2024,9,20-30,At Risk
S0007,2024,9,20-30,At Risk
S0007,2024,9,20-30,At Risk
S0007,2024,9,20-30,At Risk
S0007,2024,9,20-30,At Risk
S0007,2024,9,20-30,At Risk
S0007,2024,9,20-30,At Risk
S0007,2024,9,20-30,In Progress
S0007,2024,9,20-30,In Progress
S0007,2024,9,20-30,In Progress
S0007,2024,9,20-30,In Progress
S0007,2024,9,20-30,At Risk
S0007,2024,9,20-30,At Risk
S0007,2024,9,20-30,At Risk
S0008,2023,9,20-30,At Risk
S0008,2023,9,20-30,At Risk
S0008,2023,9,20-30,At Risk
S0008,2023,9,20-30,In Progress
S0008,2023,9,20-30,In Progress
S0008,2023,9,20-30,In Progress
S0008,2023,9,20-30,At Risk
S0008,2023,9,20-30,At Risk
S0008,2023,9,20-30,At Risk
S0008,2023,9,20-30,At Risk
S0008,2023,9,20-30,At Risk
S0008,2023,9,20-30,In Progress
S0008,2023,9,20-30,In Progress
S0009,2024,9,40+,At Risk
S0009,2024,9,40+,At Risk
S0009,2024,9,40+,At Risk
S0009,2024,9,40+,In Progress
S0009,2024,9,40+,In Progress
S0009,2024,9,40+,In Progress
S0009,2024,9,40+,In Progress
S0009,2024,9,40+,In Progress
S0009,2024,9,40+,In Progress
S0009,2024,9,40+,In Progress
S0009,2024,9,40+,At Risk
S0009,2024,9,40+,At Risk
S0009,2024,9,40+,At Risk
S0009,2024,9,40+,At Risk
S0009,2024,9,40+,In Progress
S0009,2024,9,40+,In Progress
S0010,2024,2,20-30,At Risk
S0010,2024,2,20-30,At Risk
S0010,2024,2,20-30,In Progress
S0010,2024,2,20-30,In Progress
S0010,2024,2,20-30,In Progress
S0010,2024,2,20-30,In Progress
S0010,2024,2,20-30,In Progress
S0010,2024,2,20-30,At Risk
S0010,2024,2,20-30,At Risk
S0010,2024,2,20-30,In Progress
S0010,2024,2,20-30,In Progress
S0010,2024,2,20-30,In Progress
S0010,2024,2,20-30,In Progress
S0010,2024,2,20-30,In Progress
S0010,2024,2,20-30,In Progress
S0010,2024,2,20-30,In Progress
S0010,2024,2,20-30,In Progress
S0010,2024,2,20-30,In Progress
S0011,2023,2,20-30,In Progress
S0011,2023,2,20-30,In Progress
S0011,2023,2,20-30,In Progress
S0011,2023,2,20-30,In Progress
S0011,2023,2,20-30,In Progress
S0011,2023,2,20-30,In Progress
S0011,2023,2,20-30,In Progress
S0011,2023,2,20-30,In Progress
S0011,2023,2,20-30,In Progress
S0011,2023,2,20-30,In Progress
S0011,2023,2,20-30,In Progress
S0011,2023,2,20-30,In Progress
S0011,2023,2,20-30,In Progress
S0011,2023,2,20-30,In Progress
S0011,2023,2,20-30,In Progress
S0011,2023,2,20-30,In Progress
S0011,2023,2,20-30,In Progress
S0011,2023,2,20-30,In Progress
S0012,2023,5,Under 20,In Progress
S0012,2023,5,Under 20,In Progress
S0012,2023,5,Under 20,In Progress
S0012,2023,5,Under 20,In Progress
S0012,2023,5,Under 20,In Progress
S0012,2023,5,Under 20,In Progress
S0013,2023,8,20-30,In Progress
S0013,2023,8,20-30,In Progress
S0013,2023,8,20-30,In Progress
S0013,2023,8,20-30,In Progress
S0013,2023,8,20-30,In Progress
S0013,2023,8,20-30,In Progress
S0013,2023,8,20-30,At Risk
S0013,2023,8,20-30,At Risk
S0013,2023,8,20-30,At Risk
S0013,2023,8,20-30,At Risk
S0013,2023,8,20-30,At Risk
S0013,2023,8,20-30,At Risk
S0013,2023,8,20-30,At Risk
S0013,2023,8,20-30,At Risk
S0014,2023,5,20-30,In Progress
S0014,2023,5,20-30,In Progress
S0014,2023,5,20-30,In Progress
S0014,2023,5,20-30,In Progress
S0014,2023,5,20-30,In Progress
S0014,2023,5,20-30,In Progress
S0014,2023,5,20-30,At Risk
S0014,2023,5,20-30,At Risk
S0014,2023,5,20-30,At Risk
S0014,2023,5,20-30,At Risk
S0014,2023,5,20-30,At Risk
S0015,2024,12,40+,In Progress
S0015,2024,12,40+,In Progress
S0015,2024,12,40+,In Progress
S0015,2024,12,40+,In Progress
S0015,2024,12,40+,At Risk
S0015,2024,12,40+,At Risk
S0015,2024,12,40+,At Risk
S0015,2024,12,40+,At Risk
S0015,2024,12,40+,In Progress
S0015,2024,12,40+,In Progress
S0015,2024,12,40+,In Progress
S0016,2023,12,31-40,In Progress
S0016,2023,12,31-40,In Progress
S0016,2023,12,31-40,In Progress
S0016,2023,12,31-40,In Progress
S0016,2023,12,31-40,In Progress
S0016,2023,12,31-40,In Progress
S0016,2023,12,31-40,In Progress
S0016,2023,12,31-40,In Progress
S0016,2023,12,31-40,At Risk
S0016,2023,12,31-40,At Risk
S0016,2023,12,31-40,In Progress
S0016,2023,12,31-40,In Progress
S0016,2023,12,31-40,In Progress
S0017,2025,2,20-30,In Progress
S0017,2025,2,20-30,In Progress
S0017,2025,2,20-30,In Progress
S0017,2025,2,20-30,In Progress
S0017,2025,2,20-30,In Progress
S0017,2025,2,20-30,In Progress
S0017,2025,2,20-30,In Progress
S0017,2025,2,20-30,In Progress
S0017,2025,2,20-30,In Progress
S0017,2025,2,20-30,In Progress
S0017,2025,2,20-30,In Progress
S0017,2025,2,20-30,In Progress
S0017,2025,2,20-30,In Progress
S0017,2025,2,20-30,At Risk
S0017,2025,2,20-30,At Risk
S0018,2024,3,40+,At Risk
S0018,2024,3,40+,At Risk
S0018,2024,3,40+,At Risk
S0018,2024,3,40+,In Progress
S0018,2024,3,40+,In Progress
S0018,2024,3,40+,In Progress
S0019,2024,2,40+,In Progress
S0019,2024,2,40+,In Progress
S0019,2024,2,40+,In Progress
S0019,2024,2,40+,In Progress
S0019,2024,2,40+,At Risk
S0019,2024,2,40+,At Risk
S0020,2024,6,31-40,In Progress
S0020,2024,6,31-40,In Progress
S0020,2024,6,31-40,At Risk
S0020,2024,6,31-40,At Risk
S0020,2024,6,31-40,In Progress
S0020,2024,6,31-40,In Progress
S0020,2024,6,31-40,In Progress
S0021,2025,1,40+,At Risk
S0021,2025,1,40+,At Risk
S0021,2025,1,40+,In Progress
S0021,2025,1,40+,In Progress
S0021,2025,1,40+,In Progress
S0021,2025,1,40+,In Progress
S0021,2025,1,40+,In Progress
S0021,2025,1,40+,In Progress
S0021,2025,1,40+,In Progress
S0021,2025,1,40+,In Progress
S0021,2025,1,40+,In Progress
S0021,2025,1,40+,In Progress
S0021,2025,1,40+,In Progress
S0021,2025,1,40+,In Progress
S0021,2025,1,40+,At Risk
S0021,2025,1,40+,At Risk
S0022,2024,6,31-40,At Risk
S0022,2024,6,31-40,At Risk
S0022,2024,6,31-40,At Risk
S0022,2024,6,31-40,At Risk
S0022,2024,6,31-40,In Progress
S0022,2024,6,31-40,In Progress
S0022,2024,6,31-40,In Progress
S0022,2024,6,31-40,In Progress
S0022,2024,6,31-40,In Progress
S0022,2024,6,31-40,In Progress
S0022,2024,6,31-40,At Risk
S0022,2024,6,31-40,At Risk
S0022,2024,6,31-40,At Risk
S0022,2024,6,31-40,At Risk
S0023,2023,10,40+,In Progress
S0023,2023,10,40+,In Progress
S0023,2023,10,40+,In Progress
S0023,2023,10,40+,In Progress
S0023,2023,10,40+,At Risk
S0023,2023,10,40+,At Risk
S0023,2023,10,40+,At Risk
S0023,2023,10,40+,At Risk
S0023,2023,10,40+,At Risk
S0024,2024,5,40+,In Progress
S0024,2024,5,40+,In Progress
S0024,2024,5,40+,In Progress
S0024,2024,5,40+,In Progress
S0024,2024,5,40+,In Progress
S0024,2024,5,40+,At Risk
S0024,2024,5,40+,At Risk
S0024,2024,5,40+,At Risk
S0024,2024,5,40+,At Risk
S0024,2024,5,40+,At Risk
S0024,2024,5,40+,At Risk
S0024,2024,5,40+,At Risk
S0024,2024,5,40+,At Risk
S0024,2024,5,40+,At Risk
S0024,2024,5,40+,At Risk
S0024,2024,5,40+,At Risk
S0024,2024,5,40+,At Risk
S0025,2024,5,20-30,In Progress
S0025,2024,5,20-30,In Progress
S0025,2024,5,20-30,In Progress
S0025,2024,5,20-30,In Progress
S0025,2024,5,20-30,In Progress
S0025,2024,5,20-30,At Risk
S0025,2024,5,20-30,At Risk
S0025,2024,5,20-30,In Progress
S0025,2024,5,20-30,In Progress
S0025,2024,5,20-30,In Progress
S0026,2023,4,Under 20,In Progress
S0026,2023,4,Under 20,In Progress
S0026,2023,4,Under 20,At Risk
S0026,2023,4,Under 20,At Risk
S0026,2023,4,Under 20,At Risk
S0026,2023,4,Under 20,At Risk
S0026,2023,4,Under 20,At Risk
S0026,2023,4,Under 20,At Risk
S0027,2024,7,31-40,At Risk
S0027,2024,7,31-40,At Risk
S0027,2024,7,31-40,At Risk
S0027,2024,7,31-40,At Risk
S0027,2024,7,31-40,At Risk
S0027,2024,7,31-40,At Risk
S0027,2024,7,31-40,At Risk
S0028,2023,3,31-40,In Progress
S0028,2023,3,31-40,In Progress
S0028,2023,3,31-40,At Risk
S0028,2023,3,31-40,At Risk
S0028,2023,3,31-40,At Risk
S0028,2023,3,31-40,At Risk
S0028,2023,3,31-40,In Progress
S0028,2023,3,31-40,In Progress
S0028,2023,3,31-40,In Progress
S0028,2023,3,31-40,In Progress
S0028,2023,3,31-40,In Progress
S0029,2024,8,31-40,At Risk
S0029,2024,8,31-40,At Risk
S0029,2024,8,31-40,At Risk
S0029,2024,8,31-40,At Risk
S0029,2024,8,31-40,At Risk
S0029,2024,8,31-40,In Progress
S0029,2024,8,31-40,In Progress
S0029,2024,8,31-40,In Progress
S0030,2023,6,31-40,At Risk
S0030,2023,6,31-40,At Risk
S0030,2023,6,31-40,In Progress
S0030,2023,6,31-40,In Progress
S0031,2023,11,31-40,At Risk
S0031,2023,11,31-40,At Risk
S0031,2023,11,31-40,At Risk
S0031,2023,11,31-40,In Progress
S0031,2023,11,31-40,In Progress
S0031,2023,11,31-40,In Progress
S0031,2023,11,31-40,In Progress
S0031,2023,11,31-40,In Progress
S0031,2023,11,31-40,In Progress
S0031,2023,11,31-40,In Progress
S0031,2023,11,31-40,In Progress
S0031,2023,11,31-40,In Progress
S0031,2023,11,31-40,In Progress
S0031,2023,11,31-40,In Progress
S0031,2023,11,31-40,In Progress
S0031,2023,11,31-40,In Progress
S0031,2023,11,31-40,In Progress
S0031,2023,11,31-40,In Progress
S0031,2023,11,31-40,At Risk
S0031,2023,11,31-40,At Risk
S0031,2023,11,31-40,At Risk
S0031,2023,11,31-40,At Risk
S0032,2024,11,40+,At Risk
S0032,2024,11,40+,At Risk
S0032,2024,11,40+,At Risk
S0032,2024,11,40+,At Risk
S0032,2024,11,40+,At Risk
S0032,2024,11,40+,At Risk
S0032,2024,11,40+,At Risk
S0032,2024,11,40+,At Risk
S0033,2023,3,20-30,At Risk
S0033,2023,3,20-30,At Risk
S0033,2023,3,20-30,At Risk
S0033,2023,3,20-30,At Risk
S0033,2023,3,20-30,At Risk
S0033,2023,3,20-30,At Risk
S0033,2023,3,20-30,At Risk
S0033,2023,3,20-30,At Risk
S0033,2023,3,20-30,At Risk
S0033,2023,3,20-30,At Risk
S0034,2025,6,20-30,At Risk
S0034,2025,6,20-30,At Risk
S0034,2025,6,20-30,At Risk
S0034,2025,6,20-30,At Risk
S0034,2025,6,20-30,At Risk
S0034,2025,6,20-30,At Risk
S0034,2025,6,20-30,In Progress
S0034,2025,6,20-30,In Progress
S0034,2025,6,20-30,In Progress
S0035,2023,10,40+,In Progress
S0035,2023,10,40+,In Progress
S0035,2023,10,40+,At Risk
S0035,2023,10,40+,At Risk
S0035,2023,10,40+,At Risk
S0035,2023,10,40+,At Risk
S0035,2023,10,40+,In Progress
S0035,2023,10,40+,In Progress
S0035,2023,10,40+,In Progress
S0035,2023,10,40+,In Progress
S0035,2023,10,40+,In Progress
S0035,2023,10,40+,In Progress
S0035,2023,10,40+,In Progress
S0035,2023,10,40+,In Progress
S0035,2023,10,40+,In Progress
S0035,2023,10,40+,In Progress
S0035,2023,10,40+,In Progress
S0036,2023,10,31-40,In Progress
S0036,2023,10,31-40,In Progress
S0036,2023,10,31-40,In Progress
S0036,2023,10,31-40,In Progress
S0036,2023,10,31-40,In Progress
S0036,2023,10,31-40,Completed
S0036,2023,10,31-40,Completed
S0036,2023,10,31-40,Completed
S0036,2023,10,31-40,Completed
S0036,2023,10,31-40,In Progress
S0036,2023,10,31-40,In Progress
S0036,2023,10,31-40,In Progress
S0036,2023,10,31-40,In Progress
S0036,2023,10,31-40,At Risk
S0036,2023,10,31-40,At Risk
S0036,2023,10,31-40,At Risk
S0036,2023,10,31-40,In Progress
S0036,2023,10,31-40,In Progress
S0036,2023,10,31-40,In Progress
S0036,2023,10,31-40,In Progress
S0036,2023,10,31-40,In Progress
S0037,2025,5,20-30,In Progress
S0037,2025,5,20-30,In Progress
S0037,2025,5,20-30,At Risk
S0037,2025,5,20-30,At Risk
S0037,2025,5,20-30,At Risk
S0037,2025,5,20-30,At Risk
S0037,2025,5,20-30,At Risk
S0037,2025,5,20-30,At Risk
S0037,2025,5,20-30,At Risk
S0037,2025,5,20-30,At Risk
S0038,2023,3,40+,In Progress
S0038,2023,3,40+,In Progress
S0038,2023,3,40+,In Progress
S0038,2023,3,40+,In Progress
S0038,2023,3,40+,At Risk
S0038,2023,3,40+,At Risk
S0039,2023,1,31-40,In Progress
S0039,2023,1,31-40,In Progress
S0039,2023,1,31-40,In Progress
S0039,2023,1,31-40,In Progress
S0039,2023,1,31-40,In Progress
S0039,2023,1,31-40,In Progress
S0039,2023,1,31-40,In Progress
S0039,2023,1,31-40,In Progress
S0039,2023,1,31-40,In Progress
S0039,2023,1,31-40,At Risk
S0039,2023,1,31-40,At Risk
S0039,2023,1,31-40,At Risk
S0040,2023,3,20-30,At Risk
S0040,2023,3,20-30,At Risk
S0040,2023,3,20-30,In Progress
S0040,2023,3,20-30,In Progress
S0040,2023,3,20-30,In Progress
S0040,2023,3,20-30,In Progress
S0040,2023,3,20-30,In Progress
S0040,2023,3,20-30,At Risk
S0040,2023,3,20-30,At Risk
S0040,2023,3,20-30,At Risk
S0040,2023,3,20-30,At Risk
S0040,2023,3,20-30,At Risk
S0041,2025,2,20-30,In Progress
S0041,2025,2,20-30,In Progress
S0041,2025,2,20-30,In Progress
S0041,2025,2,20-30,In Progress
S0041,2025,2,20-30,In Progress
S0041,2025,2,20-30,In Progress
S0041,2025,2,20-30,In Progress
S0041,2025,2,20-30,In Progress
S0041,2025,2,20-30,In Progress
S0041,2025,2,20-30,In Progress
S0041,2025,2,20-30,In Progress
S0042,2024,1,Under 20,At Risk
S0042,2024,1,Under 20,At Risk
S0042,2024,1,Under 20,At Risk
S0042,2024,1,Under 20,At Risk
S0042,2024,1,Under 20,At Risk
S0042,2024,1,Under 20,At Risk
S0042,2024,1,Under 20,At Risk
S0042,2024,1,Under 20,At Risk
S0042,2024,1,Under 20,At Risk
S0042,2024,1,Under 20,At Risk
S0043,2024,8,31-40,In Progress
S0043,2024,8,31-40,In Progress
S0043,2024,8,31-40,In Progress
S0043,2024,8,31-40,In Progress
S0043,2024,8,31-40,In Progress
S0043,2024,8,31-40,In Progress
S0043,2024,8,31-40,In Progress
S0043,2024,8,31-40,At Risk
S0043,2024,8,31-40,At Risk
S0043,2024,8,31-40,At Risk
S0043,2024,8,31-40,At Risk
S0043,2024,8,31-40,At Risk
S0044,2024,7,31-40,In Progress
S0044,2024,7,31-40,In Progress
S0044,2024,7,31-40,In Progress
S0044,2024,7,31-40,In Progress
S0044,2024,7,31-40,At Risk
S0044,2024,7,31-40,At Risk
S0044,2024,7,31-40,At Risk
S0044,2024,7,31-40,At Risk
S0044,2024,7,31-40,In Progress
S0044,2024,7,31-40,In Progress
S0044,2024,7,31-40,At Risk
S0044,2024,7,31-40,At Risk
S0044,2024,7,31-40,At Risk
S0044,2024,7,31-40,In Progress
S0044,2024,7,31-40,In Progress
S0044,2024,7,31-40,In Progress
S0044,2024,7,31-40,In Progress
S0044,2024,7,31-40,In Progress
S0045,2024,11,31-40,In Progress
S0045,2024,11,31-40,In Progress
S0045,2024,11,31-40,In Progress
S0045,2024,11,31-40,In Progress
S0045,2024,11,31-40,In Progress
S0045,2024,11,31-40,In Progress
S0045,2024,11,31-40,In Progress
S0045,2024,11,31-40,At Risk
S0045,2024,11,31-40,At Risk
S0045,2024,11,31-40,In Progress
S0045,2024,11,31-40,In Progress
S0045,2024,11,31-40,In Progress
S0045,2024,11,31-40,In Progress
S0045,2024,11,31-40,In Progress
S0045,2024,11,31-40,In Progress
S0045,2024,11,31-40,In Progress
S0045,2024,11,31-40,In Progress
S0046,2025,5,Under 20,At Risk
S0046,2025,5,Under 20,At Risk
S0046,2025,5,Under 20,At Risk
S0046,2025,5,Under 20,At Risk
S0046,2025,5,Under 20,At Risk
S0046,2025,5,Under 20,In Progress
S0046,2025,5,Under 20,In Progress
S0046,2025,5,Under 20,In Progress
S0046,2025,5,Under 20,In Progress
S0046,2025,5,Under 20,In Progress
S0046,2025,5,Under 20,Completed
S0046,2025,5,Under 20,Completed
S0046,2025,5,Under 20,Completed
S0046,2025,5,Under 20,Completed
S0046,2025,5,Under 20,Completed
S0046,2025,5,Under 20,In Progress
S0046,2025,5,Under 20,In Progress
S0046,2025,5,Under 20,In Progress
S0046,2025,5,Under 20,At Risk
S0046,2025,5,Under 20,At Risk
S0046,2025,5,Under 20,At Risk
S0046,2025,5,Under 20,At Risk
S0047,2023,5,20-30,In Progress
S0047,2023,5,20-30,In Progress
S0047,2023,5,20-30,At Risk
S0047,2023,5,20-30,At Risk
S0048,2023,9,31-40,In Progress
S0048,2023,9,31-40,In Progress
S0048,2023,9,31-40,In Progress
S0048,2023,9,31-40,At Risk
S0048,2023,9,31-40,At Risk
S0048,2023,9,31-40,At Risk
S0048,2023,9,31-40,At Risk
S0048,2023,9,31-40,At Risk
S0048,2023,9,31-40,In Progress
S0048,2023,9,31-40,In Progress
S0048,2023,9,31-40,In Progress
S0049,2023,2,31-40,In Progress
S0049,2023,2,31-40,In Progress
S0049,2023,2,31-40,In Progress
S0049,2023,2,31-40,In Progress
S0049,2023,2,31-40,In Progress
S0050,2023,11,Under 20,In Progress
S0050,2023,11,Under 20,In Progress
S0050,2023,11,Under 20,In Progress
S0050,2023,11,Under 20,In Progress
S0050,2023,11,Under 20,In Progress
S0050,2023,11,Under 20,In Progress
S0050,2023,11,Under 20,In Progress
S0050,2023,11,Under 20,At Risk
S0050,2023,11,Under 20,At Risk
S0050,2023,11,Under 20,At Risk
S0050,2023,11,Under 20,At Risk
S0050,2023,11,Under 20,In Progress
S0050,2023,11,Under 20,In Progress
S0051,2023,3,40+,In Progress
S0051,2023,3,40+,In Progress
S0051,2023,3,40+,In Progress
S0051,2023,3,40+,In Progress
S0051,2023,3,40+,In Progress
S0051,2023,3,40+,At Risk
S0051,2023,3,40+,At Risk
S0051,2023,3,40+,In Progress
S0051,2023,3,40+,In Progress
S0051,2023,3,40+,In Progress
S0051,2023,3,40+,In Progress
S0051,2023,3,40+,In Progress
S0051,2023,3,40+,At Risk
S0051,2023,3,40+,At Risk
S0051,2023,3,40+,At Risk
S0051,2023,3,40+,At Risk
S0051,2023,3,40+,At Risk
S0052,2025,3,31-40,In Progress
S0052,2025,3,31-40,In Progress
S0052,2025,3,31-40,In Progress
S0052,2025,3,31-40,In Progress
S0052,2025,3,31-40,In Progress
S0052,2025,3,31-40,At Risk
S0052,2025,3,31-40,At Risk
S0052,2025,3,31-40,At Risk
S0052,2025,3,31-40,In Progress
S0052,2025,3,31-40,In Progress
S0052,2025,3,31-40,In Progress
S0052,2025,3,31-40,In Progress
S0052,2025,3,31-40,In Progress
S0052,2025,3,31-40,In Progress
S0052,2025,3,31-40,In Progress
S0052,2025,3,31-40,In Progress
S0052,2025,3,31-40,In Progress
S0052,2025,3,31-40,In Progress
S0052,2025,3,31-40,At Risk
S0052,2025,3,31-40,At Risk
S0052,2025,3,31-40,At Risk
S0053,2023,1,31-40,In Progress
S0053,2023,1,31-40,In Progress
S0053,2023,1,31-40,In Progress
S0053,2023,1,31-40,In Progress
S0053,2023,1,31-40,At Risk
S0053,2023,1,31-40,At Risk
S0053,2023,1,31-40,At Risk
S0054,2024,12,20-30,At Risk
S0054,2024,12,20-30,At Risk
S0054,2024,12,20-30,At Risk
S0054,2024,12,20-30,In Progress
S0054,2024,12,20-30,In Progress
S0054,2024,12,20-30,In Progress
S0054,2024,12,20-30,In Progress
S0055,2025,6,40+,At Risk
S0055,2025,6,40+,At Risk
S0055,2025,6,40+,At Risk
S0055,2025,6,40+,At Risk
S0055,2025,6,40+,At Risk
S0055,2025,6,40+,At Risk
S0055,2025,6,40+,At Risk
S0055,2025,6,40+,At Risk
S0055,2025,6,40+,At Risk
S0055,2025,6,40+,At Risk
S0056,2025,1,31-40,In Progress
S0056,2025,1,31-40,In Progress
S0056,2025,1,31-40,In Progress
S0056,2025,1,31-40,In Progress
S0056,2025,1,31-40,In Progress
S0056,2025,1,31-40,In Progress
S0056,2025,1,31-40,In Progress
S0056,2025,1,31-40,In Progress
S0057,2024,4,40+,At Risk
S0057,2024,4,40+,At Risk
S0057,2024,4,40+,In Progress
S0057,2024,4,40+,In Progress
S0057,2024,4,40+,In Progress
S0057,2024,4,40+,In Progress
S0057,2024,4,40+,In Progress
S0057,2024,4,40+,In Progress
S0057,2024,4,40+,In Progress
S0057,2024,4,40+,At Risk
S0057,2024,4,40+,At Risk
S0057,2024,4,40+,At Risk
S0057,2024,4,40+,At Risk
S0057,2024,4,40+,At Risk
S0057,2024,4,40+,At Risk
S0058,2024,3,20-30,In Progress
S0058,2024,3,20-30,In Progress
S0058,2024,3,20-30,In Progress
S0058,2024,3,20-30,In Progress
S0058,2024,3,20-30,In Progress
S0058,2024,3,20-30,In Progress
S0058,2024,3,20-30,In Progress
S0058,2024,3,20-30,In Progress
S0058,2024,3,20-30,In Progress
S0059,2023,7,40+,In Progress
S0059,2023,7,40+,In Progress
S0059,2023,7,40+,In Progress
S0059,2023,7,40+,In Progress
S0059,2023,7,40+,In Progress
S0059,2023,7,40+,In Progress
S0059,2023,7,40+,In Progress
S0059,2023,7,40+,In Progress
S0059,2023,7,40+,In Progress
S0059,2023,7,40+,In Progress
S0059,2023,7,40+,In Progress
S0059,2023,7,40+,In Progress
S0059,2023,7,40+,In Progress
S0060,2024,2,40+,At Risk
S0060,2024,2,40+,At Risk
S0060,2024,2,40+,At Risk
S0060,2024,2,40+,At Risk
S0060,2024,2,40+,At Risk
S0060,2024,2,40+,At Risk
S0060,2024,2,40+,At Risk
S0060,2024,2,40+,In Progress
S0060,2024,2,40+,In Progress
S0060,2024,2,40+,In Progress
S0060,2024,2,40+,In Progress
S0060,2024,2,40+,In Progress
S0060,2024,2,40+,In Progress
S0061,2023,8,31-40,In Progress
S0061,2023,8,31-40,In Progress
S0061,2023,8,31-40,In Progress
S0061,2023,8,31-40,In Progress
S0061,2023,8,31-40,In Progress
S0061,2023,8,31-40,In Progress
S0061,2023,8,31-40,In Progress
S0061,2023,8,31-40,In Progress
S0061,2023,8,31-40,At Risk
S0061,2023,8,31-40,At Risk
S0061,2023,8,31-40,At Risk
S0062,2024,10,31-40,At Risk
S0062,2024,10,31-40,At Risk
S0062,2024,10,31-40,At Risk
S0062,2024,10,31-40,At Risk
S0062,2024,10,31-40,At Risk
S0062,2024,10,31-40,At Risk
S0062,2024,10,31-40,At Risk
S0062,2024,10,31-40,At Risk
S0062,2024,10,31-40,At Risk
S0062,2024,10,31-40,At Risk
S0062,2024,10,31-40,Completed
S0062,2024,10,31-40,Completed
S0062,2024,10,31-40,Completed
S0062,2024,10,31-40,In Progress
S0062,2024,10,31-40,In Progress
S0062,2024,10,31-40,In Progress
S0062,2024,10,31-40,In Progress
S0062,2024,10,31-40,In Progress
S0063,2023,12,31-40,At Risk
S0063,2023,12,31-40,At Risk
S0063,2023,12,31-40,At Risk
S0063,2023,12,31-40,At Risk
S0063,2023,12,31-40,At Risk
S0063,2023,12,31-40,At Risk
S0063,2023,12,31-40,At Risk
S0063,2023,12,31-40,At Risk
S0063,2023,12,31-40,At Risk
S0063,2023,12,31-40,At Risk
S0063,2023,12,31-40,At Risk
S0063,2023,12,31-40,At Risk
S0063,2023,12,31-40,At Risk
S0063,2023,12,31-40,In Progress
S0063,2023,12,31-40,In Progress
S0063,2023,12,31-40,In Progress
S0064,2023,8,31-40,In Progress
S0064,2023,8,31-40,In Progress
S0064,2023,8,31-40,In Progress
S0064,2023,8,31-40,In Progress
S0064,2023,8,31-40,In Progress
S0064,2023,8,31-40,In Progress
S0064,2023,8,31-40,In Progress
S0064,2023,8,31-40,In Progress
S0065,2024,11,31-40,At Risk
S0065,2024,11,31-40,At Risk
S0065,2024,11,31-40,At Risk
S0065,2024,11,31-40,At Risk
S0065,2024,11,31-40,At Risk
S0065,2024,11,31-40,In Progress
S0065,2024,11,31-40,In Progress
S0065,2024,11,31-40,In Progress
S0065,2024,11,31-40,In Progress
S0065,2024,11,31-40,In Progress
S0065,2024,11,31-40,In Progress
S0065,2024,11,31-40,In Progress
S0065,2024,11,31-40,In Progress
S0066,2025,1,31-40,At Risk
S0066,2025,1,31-40,At Risk
S0066,2025,1,31-40,At Risk
S0066,2025,1,31-40,At Risk
S0066,2025,1,31-40,At Risk
S0066,2025,1,31-40,At Risk
S0066,2025,1,31-40,In Progress
S0066,2025,1,31-40,In Progress
S0066,2025,1,31-40,In Progress
S0066,2025,1,31-40,In Progress
S0067,2024,7,20-30,In Progress
S0067,2024,7,20-30,In Progress
S0067,2024,7,20-30,In Progress
S0067,2024,7,20-30,In Progress
S0067,2024,7,20-30,In Progress
S0067,2024,7,20-30,In Progress
S0067,2024,7,20-30,In Progress
S0067,2024,7,20-30,In Progress
S0067,2024,7,20-30,In Progress
S0067,2024,7,20-30,In Progress
S0067,2024,7,20-30,In Progress
S0067,2024,7,20-30,In Progress
S0067,2024,7,20-30,In Progress
S0067,2024,7,20-30,In Progress
S0067,2024,7,20-30,In Progress
S0067,2024,7,20-30,In Progress
S0067,2024,7,20-30,In Progress
S0068,2025,6,Under 20,In Progress
S0068,2025,6,Under 20,In Progress
S0068,2025,6,Under 20,In Progress
S0068,2025,6,Under 20,In Progress
S0068,2025,6,Under 20,In Progress
S0068,2025,6,Under 20,In Progress
S0068,2025,6,Under 20,In Progress
S0068,2025,6,Under 20,At Risk
S0068,2025,6,Under 20,At Risk
S0068,2025,6,Under 20,At Risk
S0068,2025,6,Under 20,At Risk
S0068,2025,6,Under 20,At Risk
S0068,2025,6,Under 20,At Risk
S0068,2025,6,Under 20,At Risk
S0068,2025,6,Under 20,At Risk
S0068,2025,6,Under 20,In Progress
S0068,2025,6,Under 20,In Progress
S0068,2025,6,Under 20,In Progress
S0068,2025,6,Under 20,In Progress
S0069,2025,6,31-40,In Progress
S0069,2025,6,31-40,In Progress
S0069,2025,6,31-40,In Progress
S0069,2025,6,31-40,In Progress
S0069,2025,6,31-40,In Progress
S0069,2025,6,31-40,At Risk
S0069,2025,6,31-40,At Risk
S0069,2025,6,31-40,At Risk
S0069,2025,6,31-40,At Risk
S0069,2025,6,31-40,At Risk
S0070,2025,5,Under 20,At Risk
S0070,2025,5,Under 20,At Risk
S0070,2025,5,Under 20,At Risk
S0070,2025,5,Under 20,At Risk
S0070,2025,5,Under 20,At Risk
S0070,2025,5,Under 20,At Risk
S0070,2025,5,Under 20,At Risk
S0070,2025,5,Under 20,At Risk
S0070,2025,5,Under 20,At Risk
S0070,2025,5,Under 20,In Progress
S0070,2025,5,Under 20,In Progress
S0070,2025,5,Under 20,In Progress
S0070,2025,5,Under 20,In Progress
S0070,2025,5,Under 20,In Progress
S0070,2025,5,Under 20,In Progress
S0070,2025,5,Under 20,In Progress
S0070,2025,5,Under 20,In Progress
S0070,2025,5,Under 20,In Progress
S0070,2025,5,Under 20,In Progress
S0071,2025,2,31-40,In Progress
S0071,2025,2,31-40,In Progress
S0071,2025,2,31-40,In Progress
S0071,2025,2,31-40,In Progress
S0071,2025,2,31-40,In Progress
S0071,2025,2,31-40,In Progress
S0071,2025,2,31-40,In Progress
S0071,2025,2,31-40,In Progress
S0071,2025,2,31-40,At Risk
S0071,2025,2,31-40,At Risk
S0071,2025,2,31-40,At Risk
S0071,2025,2,31-40,At Risk
S0072,2023,9,20-30,At Risk
S0072,2023,9,20-30,At Risk
S0072,2023,9,20-30,At Risk
S0072,2023,9,20-30,In Progress
S0072,2023,9,20-30,In Progress
S0072,2023,9,20-30,At Risk
S0072,2023,9,20-30,At Risk
S0072,2023,9,20-30,At Risk
S0072,2023,9,20-30,At Risk
S0072,2023,9,20-30,In Progress
S0072,2023,9,20-30,In Progress
S0072,2023,9,20-30,In Progress
S0072,2023,9,20-30,In Progress
S0073,2024,5,31-40,At Risk
S0073,2024,5,31-40,At Risk
S0073,2024,5,31-40,At Risk
S0073,2024,5,31-40,At Risk
S0073,2024,5,31-40,At Risk
S0073,2024,5,31-40,In Progress
S0073,2024,5,31-40,In Progress
S0073,2024,5,31-40,In Progress
S0073,2024,5,31-40,In Progress
S0073,2024,5,31-40,In Progress
S0073,2024,5,31-40,At Risk
S0073,2024,5,31-40,At Risk
S0073,2024,5,31-40,At Risk
S0073,2024,5,31-40,In Progress
S0073,2024,5,31-40,In Progress
S0074,2025,4,40+,In Progress
S0074,2025,4,40+,In Progress
S0074,2025,4,40+,In Progress
S0074,2025,4,40+,In Progress
S0074,2025,4,40+,At Risk
S0074,2025,4,40+,At Risk
S0074,2025,4,40+,At Risk
S0074,2025,4,40+,At Risk
S0074,2025,4,40+,At Risk
S0074,2025,4,40+,At Risk
S0074,2025,4,40+,At Risk
S0075,2023,6,31-40,At Risk
S0075,2023,6,31-40,At Risk
S0075,2023,6,31-40,At Risk
S0075,2023,6,31-40,At Risk
S0075,2023,6,31-40,At Risk
S0075,2023,6,31-40,In Progress
S0075,2023,6,31-40,In Progress
S0075,2023,6,31-40,In Progress
S0075,2023,6,31-40,In Progress
S0075,2023,6,31-40,In Progress
S0075,2023,6,31-40,In Progress
S0075,2023,6,31-40,In Progress
S0075,2023,6,31-40,In Progress
S0075,2023,6,31-40,At Risk
S0075,2023,6,31-40,At Risk
S0075,2023,6,31-40,At Risk
S0075,2023,6,31-40,At Risk
S0075,2023,6,31-40,At Risk
S0075,2023,6,31-40,At Risk
S0075,2023,6,31-40,At Risk
S0075,2023,6,31-40,At Risk
S0075,2023,6,31-40,At Risk
S0075,2023,6,31-40,At Risk
S0076,2023,8,20-30,At Risk
S0076,2023,8,20-30,At Risk
S0076,2023,8,20-30,At Risk
S0076,2023,8,20-30,At Risk
S0076,2023,8,20-30,At Risk
S0076,2023,8,20-30,At Risk
S0076,2023,8,20-30,At Risk
S0076,2023,8,20-30,At Risk
S0076,2023,8,20-30,At Risk
S0076,2023,8,20-30,At Risk
S0076,2023,8,20-30,At Risk
S0076,2023,8,20-30,In Progress
S0076,2023,8,20-30,In Progress
S0076,2023,8,20-30,In Progress
S0076,2023,8,20-30,In Progress
S0076,2023,8,20-30,In Progress
S0077,2023,11,31-40,In Progress
S0077,2023,11,31-40,In Progress
S0077,2023,11,31-40,At Risk
S0077,2023,11,31-40,At Risk
S0077,2023,11,31-40,At Risk
S0077,2023,11,31-40,At Risk
S0077,2023,11,31-40,At Risk
S0077,2023,11,31-40,At Risk
S0077,2023,11,31-40,At Risk
S0078,2023,3,20-30,At Risk
S0078,2023,3,20-30,At Risk
S0078,2023,3,20-30,At Risk
S0078,2023,3,20-30,At Risk
S0078,2023,3,20-30,At Risk
S0078,2023,3,20-30,In Progress
S0078,2023,3,20-30,In Progress
S0078,2023,3,20-30,In Progress
S0078,2023,3,20-30,In Progress
S0078,2023,3,20-30,In Progress
S0078,2023,3,20-30,In Progress
S0078,2023,3,20-30,In Progress
S0079,2023,11,20-30,In Progress
S0079,2023,11,20-30,In Progress
S0079,2023,11,20-30,In Progress
S0079,2023,11,20-30,In Progress
S0079,2023,11,20-30,In Progress
S0079,2023,11,20-30,In Progress
S0079,2023,11,20-30,In Progress
S0079,2023,11,20-30,In Progress
S0079,2023,11,20-30,At Risk
S0079,2023,11,20-30,At Risk
S0079,2023,11,20-30,At Risk
S0079,2023,11,20-30,At Risk
S0079,2023,11,20-30,In Progress
S0079,2023,11,20-30,In Progress
S0079,2023,11,20-30,In Progress
S0080,2023,12,40+,At Risk
S0080,2023,12,40+,At Risk
S0080,2023,12,40+,At Risk
S0080,2023,12,40+,At Risk
S0080,2023,12,40+,At Risk
S0080,2023,12,40+,In Progress
S0080,2023,12,40+,In Progress
S0080,2023,12,40+,In Progress
S0080,2023,12,40+,In Progress
S0081,2024,7,40+,In Progress
S0081,2024,7,40+,In Progress
S0081,2024,7,40+,In Progress
S0081,2024,7,40+,In Progress
S0081,2024,7,40+,At Risk
S0081,2024,7,40+,At Risk
S0081,2024,7,40+,At Risk
S0081,2024,7,40+,At Risk
S0081,2024,7,40+,At Risk
S0081,2024,7,40+,At Risk
S0081,2024,7,40+,At Risk
S0081,2024,7,40+,At Risk
S0081,2024,7,40+,At Risk
S0082,2024,10,31-40,At Risk
S0082,2024,10,31-40,At Risk
S0082,2024,10,31-40,At Risk
S0082,2024,10,31-40,At Risk
S0082,2024,10,31-40,At Risk
S0083,2023,3,Under 20,In Progress
S0083,2023,3,Under 20,In Progress
S0083,2023,3,Under 20,In Progress
S0083,2023,3,Under 20,In Progress
S0083,2023,3,Under 20,In Progress
S0083,2023,3,Under 20,In Progress
S0083,2023,3,Under 20,In Progress
S0083,2023,3,Under 20,In Progress
S0084,2024,7,Under 20,In Progress
S0084,2024,7,Under 20,In Progress
S0084,2024,7,Under 20,In Progress
S0084,2024,7,Under 20,In Progress
S0084,2024,7,Under 20,In Progress
S0084,2024,7,Under 20,In Progress
S0084,2024,7,Under 20,At Risk
S0084,2024,7,Under 20,At Risk
S0084,2024,7,Under 20,At Risk
S0084,2024,7,Under 20,At Risk
S0084,2024,7,Under 20,At Risk
S0084,2024,7,Under 20,At Risk
S0084,2024,7,Under 20,At Risk
S0085,2024,4,40+,At Risk
S0085,2024,4,40+,At Risk
S0085,2024,4,40+,At Risk
S0085,2024,4,40+,At Risk
S0085,2024,4,40+,At Risk
S0085,2024,4,40+,In Progress
S0085,2024,4,40+,In Progress
S0085,2024,4,40+,In Progress
S0085,2024,4,40+,In Progress
S0085,2024,4,40+,In Progress
S0086,2025,4,20-30,In Progress
S0086,2025,4,20-30,In Progress
S0086,2025,4,20-30,In Progress
S0086,2025,4,20-30,In Progress
S0086,2025,4,20-30,At Risk
S0086,2025,4,20-30,At Risk
S0086,2025,4,20-30,At Risk
S0086,2025,4,20-30,At Risk
S0086,2025,4,20-30,At Risk
S0087,2024,11,40+,At Risk
S0087,2024,11,40+,At Risk
S0087,2024,11,40+,At Risk
S0087,2024,11,40+,At Risk
S0087,2024,11,40+,At Risk
S0087,2024,11,40+,At Risk
S0087,2024,11,40+,At Risk
S0087,2024,11,40+,At Risk
S0087,2024,11,40+,At Risk
S0087,2024,11,40+,At Risk
S0087,2024,11,40+,At Risk
S0087,2024,11,40+,At Risk
S0087,2024,11,40+,At Risk
S0087,2024,11,40+,At Risk
S0087,2024,11,40+,At Risk
S0087,2024,11,40+,At Risk
S0087,2024,11,40+,At Risk
S0087,2024,11,40+,At Risk
S0088,2023,1,Under 20,In Progress
S0088,2023,1,Under 20,In Progress
S0088,2023,1,Under 20,In Progress
S0088,2023,1,Under 20,In Progress
S0088,2023,1,Under 20,In Progress
S0088,2023,1,Under 20,In Progress
S0088,2023,1,Under 20,In Progress
S0088,2023,1,Under 20,In Progress
S0088,2023,1,Under 20,In Progress
S0088,2023,1,Under 20,In Progress
S0088,2023,1,Under 20,At Risk
S0088,2023,1,Under 20,At Risk
S0088,2023,1,Under 20,At Risk
S0088,2023,1,Under 20,In Progress
S0088,2023,1,Under 20,In Progress
S0088,2023,1,Under 20,In Progress
S0089,2023,6,40+,In Progress
S0089,2023,6,40+,In Progress
S0089,2023,6,40+,In Progress
S0089,2023,6,40+,In Progress
S0089,2023,6,40+,In Progress
S0089,2023,6,40+,In Progress
S0089,2023,6,40+,At Risk
S0089,2023,6,40+,At Risk
S0089,2023,6,40+,At Risk
S0089,2023,6,40+,At Risk
S0089,2023,6,40+,At Risk
S0090,2023,7,40+,In Progress
S0090,2023,7,40+,In Progress
S0090,2023,7,40+,In Progress
S0090,2023,7,40+,In Progress
S0090,2023,7,40+,At Risk
S0090,2023,7,40+,At Risk
S0090,2023,7,40+,At Risk
S0090,2023,7,40+,At Risk
S0090,2023,7,40+,At Risk
S0090,2023,7,40+,At Risk
S0090,2023,7,40+,At Risk
S0090,2023,7,40+,At Risk
S0090,2023,7,40+,At Risk
S0090,2023,7,40+,At Risk
S0090,2023,7,40+,At Risk
S0090,2023,7,40+,At Risk
S0090,2023,7,40+,At Risk
S0090,2023,7,40+,At Risk
S0091,2024,7,Under 20,In Progress
S0091,2024,7,Under 20,In Progress
S0091,2024,7,Under 20,In Progress
S0091,2024,7,Under 20,In Progress
S0091,2024,7,Under 20,In Progress
S0091,2024,7,Under 20,In Progress
S0091,2024,7,Under 20,In Progress
S0091,2024,7,Under 20,In Progress
S0091,2024,7,Under 20,In Progress
S0092,2025,2,31-40,At Risk
S0092,2025,2,31-40,At Risk
S0092,2025,2,31-40,At Risk
S0092,2025,2,31-40,At Risk
S0092,2025,2,31-40,At Risk
S0092,2025,2,31-40,In Progress
S0092,2025,2,31-40,In Progress
S0092,2025,2,31-40,In Progress
S0092,2025,2,31-40,In Progress
S0092,2025,2,31-40,In Progress
S0092,2025,2,31-40,In Progress
S0092,2025,2,31-40,In Progress
S0092,2025,2,31-40,In Progress
S0093,2024,12,20-30,In Progress
S0093,2024,12,20-30,In Progress
S0093,2024,12,20-30,In Progress
S0093,2024,12,20-30,In Progress
S0093,2024,12,20-30,In Progress
S0093,2024,12,20-30,In Progress
S0093,2024,12,20-30,In Progress
S0093,2024,12,20-30,In Progress
S0093,2024,12,20-30,In Progress
S0094,2023,3,40+,In Progress
S0094,2023,3,40+,In Progress
S0094,2023,3,40+,In Progress
S0094,2023,3,40+,In Progress
S0094,2023,3,40+,In Progress
S0094,2023,3,40+,In Progress
S0094,2023,3,40+,In Progress
S0094,2023,3,40+,In Progress
S0094,2023,3,40+,In Progress
S0094,2023,3,40+,In Progress
S0094,2023,3,40+,In Progress
S0094,2023,3,40+,In Progress
S0094,2023,3,40+,In Progress
S0094,2023,3,40+,In Progress
S0094,2023,3,40+,In Progress
S0095,2023,12,20-30,In Progress
S0095,2023,12,20-30,In Progress
S0095,2023,12,20-30,In Progress
S0095,2023,12,20-30,In Progress
S0095,2023,12,20-30,In Progress
S0095,2023,12,20-30,In Progress
S0095,2023,12,20-30,In Progress
S0095,2023,12,20-30,In Progress
S0095,2023,12,20-30,In Progress
S0095,2023,12,20-30,In Progress
S0095,2023,12,20-30,At Risk
S0095,2023,12,20-30,At Risk
S0095,2023,12,20-30,At Risk
S0095,2023,12,20-30,At Risk
S0095,2023,12,20-30,At Risk
S0095,2023,12,20-30,At Risk
S0095,2023,12,20-30,At Risk
S0096,2023,8,31-40,At Risk
S0096,2023,8,31-40,At Risk
S0096,2023,8,31-40,In Progress
S0096,2023,8,31-40,In Progress
S0096,2023,8,31-40,In Progress
S0096,2023,8,31-40,In Progress
S0096,2023,8,31-40,In Progress
S0096,2023,8,31-40,In Progress
S0096,2023,8,31-40,In Progress
S0096,2023,8,31-40,In Progress
S0096,2023,8,31-40,In Progress
S0096,2023,8,31-40,In Progress
S0096,2023,8,31-40,In Progress
S0096,2023,8,31-40,In Progress
S0096,2023,8,31-40,In Progress
S0097,2023,2,40+,At Risk
S0097,2023,2,40+,At Risk
S0097,2023,2,40+,At Risk
S0097,2023,2,40+,At Risk
S0097,2023,2,40+,In Progress
S0097,2023,2,40+,In Progress
S0097,2023,2,40+,In Progress
S0097,2023,2,40+,In Progress
S0097,2023,2,40+,In Progress
S0097,2023,2,40+,In Progress
S0097,2023,2,40+,In Progress
S0097,2023,2,40+,In Progress
S0097,2023,2,40+,In Progress
S0097,2023,2,40+,In Progress
S0097,2023,2,40+,At Risk
S0097,2023,2,40+,At Risk
S0097,2023,2,40+,At Risk
S0097,2023,2,40+,At Risk
S0097,2023,2,40+,In Progress
S0097,2023,2,40+,In Progress
S0097,2023,2,40+,In Progress
S0097,2023,2,40+,In Progress
S0098,2023,9,20-30,In Progress
S0098,2023,9,20-30,In Progress
S0098,2023,9,20-30,In Progress
S0098,2023,9,20-30,At Risk
S0098,2023,9,20-30,At Risk
S0098,2023,9,20-30,At Risk
S0098,2023,9,20-30,In Progress
S0098,2023,9,20-30,In Progress
S0098,2023,9,20-30,In Progress
S0098,2023,9,20-30,In Progress
S0098,2023,9,20-30,In Progress
S0098,2023,9,20-30,In Progress
S0098,2023,9,20-30,In Progress
S0098,2023,9,20-30,In Progress
S0099,2023,11,31-40,At Risk
S0099,2023,11,31-40,At Risk
S0099,2023,11,31-40,At Risk
S0099,2023,11,31-40,At Risk
S0099,2023,11,31-40,At Risk
S0099,2023,11,31-40,At Risk
S0099,2023,11,31-40,At Risk
S0099,2023,11,31-40,At Risk
S0099,2023,11,31-40,At Risk
S0099,2023,11,31-40,At Risk
S0099,2023,11,31-40,In Progress
S0099,2023,11,31-40,In Progress
S0099,2023,11,31-40,In Progress
S0099,2023,11,31-40,At Risk
S0099,2023,11,31-40,At Risk
S0099,2023,11,31-40,At Risk
S0099,2023,11,31-40,At Risk
S0099,2023,11,31-40,At Risk
S0100,2023,10,40+,In Progress
S0100,2023,10,40+,In Progress
S0100,2023,10,40+,In Progress
S0100,2023,10,40+,At Risk
S0100,2023,10,40+,At Risk
S0100,2023,10,40+,At Risk
S0100,2023,10,40+,In Progress
S0100,2023,10,40+,In Progress
S0100,2023,10,40+,In Progress
S0100,2023,10,40+,In Progress
S0100,2023,10,40+,In Progress
S0101,2023,12,20-30,In Progress
S0101,2023,12,20-30,In Progress
S0101,2023,12,20-30,In Progress
S0101,2023,12,20-30,In Progress
S0101,2023,12,20-30,In Progress
S0101,2023,12,20-30,In Progress
S0101,2023,12,20-30,In Progress
S0102,2024,1,20-30,In Progress
S0102,2024,1,20-30,In Progress
S0102,2024,1,20-30,In Progress
S0102,2024,1,20-30,In Progress
S0102,2024,1,20-30,In Progress
S0102,2024,1,20-30,In Progress
S0102,2024,1,20-30,In Progress
S0103,2025,4,20-30,In Progress
S0103,2025,4,20-30,In Progress
S0103,2025,4,20-30,In Progress
S0103,2025,4,20-30,In Progress
S0103,2025,4,20-30,In Progress
S0103,2025,4,20-30,In Progress
S0103,2025,4,20-30,In Progress
S0103,2025,4,20-30,In Progress
S0103,2025,4,20-30,In Progress
S0103,2025,4,20-30,In Progress
S0103,2025,4,20-30,At Risk
S0103,2025,4,20-30,At Risk
S0103,2025,4,20-30,At Risk
S0104,2023,10,Under 20,At Risk
S0104,2023,10,Under 20,At Risk
S0104,2023,10,Under 20,At Risk
S0104,2023,10,Under 20,At Risk
S0104,2023,10,Under 20,At Risk
S0104,2023,10,Under 20,At Risk
S0104,2023,10,Under 20,At Risk
S0104,2023,10,Under 20,In Progress
S0104,2023,10,Under 20,In Progress
S0104,2023,10,Under 20,In Progress
S0105,2025,3,40+,In Progress
S0105,2025,3,40+,In Progress
S0105,2025,3,40+,In Progress
S0105,2025,3,40+,In Progress
S0105,2025,3,40+,In Progress
S0105,2025,3,40+,In Progress
S0105,2025,3,40+,In Progress
S0105,2025,3,40+,In Progress
S0105,2025,3,40+,In Progress
S0106,2023,12,40+,In Progress
S0106,2023,12,40+,In Progress
S0106,2023,12,40+,In Progress
S0106,2023,12,40+,In Progress
S0106,2023,12,40+,In Progress
S0106,2023,12,40+,In Progress
S0106,2023,12,40+,In Progress
S0106,2023,12,40+,In Progress
S0106,2023,12,40+,At Risk
S0106,2023,12,40+,At Risk
S0106,2023,12,40+,At Risk
S0106,2023,12,40+,At Risk
S0107,2023,9,31-40,In Progress
S0107,2023,9,31-40,In Progress
S0107,2023,9,31-40,At Risk
S0107,2023,9,31-40,At Risk
S0107,2023,9,31-40,At Risk
S0107,2023,9,31-40,At Risk
S0107,2023,9,31-40,At Risk
S0107,2023,9,31-40,At Risk
S0107,2023,9,31-40,At Risk
S0107,2023,9,31-40,At Risk
S0107,2023,9,31-40,At Risk
S0107,2023,9,31-40,At Risk
S0107,2023,9,31-40,At Risk
S0108,2024,12,20-30,At Risk
S0108,2024,12,20-30,At Risk
S0108,2024,12,20-30,At Risk
S0108,2024,12,20-30,At Risk
S0108,2024,12,20-30,In Progress
S0108,2024,12,20-30,In Progress
S0108,2024,12,20-30,In Progress
S0108,2024,12,20-30,In Progress
S0108,2024,12,20-30,In Progress
S0109,2024,5,31-40,At Risk
S0109,2024,5,31-40,At Risk
S0109,2024,5,31-40,At Risk
S0109,2024,5,31-40,At Risk
S0109,2024,5,31-40,At Risk
S0109,2024,5,31-40,At Risk
S0109,2024,5,31-40,At Risk
S0109,2024,5,31-40,At Risk
S0110,2024,1,40+,At Risk
S0110,2024,1,40+,At Risk
S0110,2024,1,40+,At Risk
S0110,2024,1,40+,At Risk
S0110,2024,1,40+,At Risk
S0110,2024,1,40+,In Progress
S0110,2024,1,40+,In Progress
S0110,2024,1,40+,In Progress
S0110,2024,1,40+,At Risk
S0110,2024,1,40+,At Risk
S0110,2024,1,40+,At Risk
S0110,2024,1,40+,At Risk
S0110,2024,1,40+,At Risk
S0110,2024,1,40+,At Risk
S0110,2024,1,40+,At Risk
S0110,2024,1,40+,At Risk
S0110,2024,1,40+,At Risk
S0111,2023,12,40+,In Progress
S0111,2023,12,40+,In Progress
S0111,2023,12,40+,In Progress
S0111,2023,12,40+,In Progress
S0111,2023,12,40+,In Progress
S0111,2023,12,40+,In Progress
S0112,2024,7,20-30,At Risk
S0112,2024,7,20-30,At Risk
S0112,2024,7,20-30,At Risk
S0112,2024,7,20-30,At Risk
S0112,2024,7,20-30,At Risk
S0112,2024,7,20-30,In Progress
S0112,2024,7,20-30,In Progress
S0112,2024,7,20-30,In Progress
S0112,2024,7,20-30,In Progress
S0112,2024,7,20-30,In Progress
S0112,2024,7,20-30,At Risk
S0112,2024,7,20-30,At Risk
S0112,2024,7,20-30,At Risk
S0112,2024,7,20-30,At Risk
S0112,2024,7,20-30,At Risk
S0112,2024,7,20-30,At Risk
S0112,2024,7,20-30,At Risk
S0113,2025,3,Under 20,In Progress
S0113,2025,3,Under 20,In Progress
S0113,2025,3,Under 20,In Progress
S0113,2025,3,Under 20,In Progress
S0113,2025,3,Under 20,In Progress
S0113,2025,3,Under 20,At Risk
S0113,2025,3,Under 20,At Risk
S0113,2025,3,Under 20,At Risk
S0113,2025,3,Under 20,At Risk
S0113,2025,3,Under 20,At Risk
S0113,2025,3,Under 20,At Risk
S0113,2025,3,Under 20,At Risk
S0113,2025,3,Under 20,At Risk
S0113,2025,3,Under 20,At Risk
S0113,2025,3,Under 20,At Risk
S0113,2025,3,Under 20,At Risk
S0113,2025,3,Under 20,At Risk
S0113,2025,3,Under 20,At Risk
S0114,2023,7,31-40,At Risk
S0114,2023,7,31-40,At Risk
S0114,2023,7,31-40,At Risk
S0114,2023,7,31-40,In Progress
S0114,2023,7,31-40,In Progress
S0114,2023,7,31-40,In Progress
S0114,2023,7,31-40,In Progress
S0114,2023,7,31-40,In Progress
S0114,2023,7,31-40,At Risk
S0114,2023,7,31-40,At Risk
S0114,2023,7,31-40,At Risk
S0114,2023,7,31-40,At Risk
S0114,2023,7,31-40,At Risk
S0115,2023,7,31-40,At Risk
S0115,2023,7,31-40,At Risk
S0115,2023,7,31-40,At Risk
S0115,2023,7,31-40,At Risk
S0115,2023,7,31-40,At Risk
S0115,2023,7,31-40,At Risk
S0115,2023,7,31-40,At Risk
S0115,2023,7,31-40,At Risk
S0116,2025,5,40+,In Progress
S0116,2025,5,40+,In Progress
S0116,2025,5,40+,In Progress
S0116,2025,5,40+,In Progress
S0116,2025,5,40+,In Progress
S0116,2025,5,40+,In Progress
S0116,2025,5,40+,In Progress
S0116,2025,5,40+,In Progress
S0116,2025,5,40+,In Progress
S0116,2025,5,40+,In Progress
S0116,2025,5,40+,In Progress
S0116,2025,5,40+,In Progress
S0116,2025,5,40+,In Progress
S0116,2025,5,40+,In Progress
S0117,2023,3,31-40,At Risk
S0117,2023,3,31-40,At Risk
S0117,2023,3,31-40,At Risk
S0117,2023,3,31-40,At Risk
S0117,2023,3,31-40,At Risk
S0117,2023,3,31-40,In Progress
S0117,2023,3,31-40,In Progress
S0117,2023,3,31-40,In Progress
S0117,2023,3,31-40,In Progress
S0117,2023,3,31-40,At Risk
S0117,2023,3,31-40,At Risk
S0117,2023,3,31-40,At Risk
S0118,2024,10,20-30,In Progress
S0118,2024,10,20-30,In Progress
S0118,2024,10,20-30,In Progress
S0118,2024,10,20-30,In Progress
S0118,2024,10,20-30,In Progress
S0118,2024,10,20-30,In Progress
S0118,2024,10,20-30,At Risk
S0118,2024,10,20-30,At Risk
S0118,2024,10,20-30,At Risk
S0118,2024,10,20-30,At Risk
S0118,2024,10,20-30,At Risk
S0118,2024,10,20-30,In Progress
S0118,2024,10,20-30,In Progress
S0118,2024,10,20-30,In Progress
S0118,2024,10,20-30,In Progress
S0118,2024,10,20-30,In Progress
S0118,2024,10,20-30,In Progress
S0118,2024,10,20-30,In Progress
S0119,2025,6,40+,In Progress
S0119,2025,6,40+,In Progress
S0119,2025,6,40+,In Progress
S0119,2025,6,40+,In Progress
S0119,2025,6,40+,In Progress
S0119,2025,6,40+,In Progress
S0119,2025,6,40+,In Progress
S0119,2025,6,40+,In Progress
S0120,2024,8,20-30,At Risk
S0120,2024,8,20-30,At Risk
S0120,2024,8,20-30,At Risk
S0120,2024,8,20-30,At Risk
S0120,2024,8,20-30,At Risk
S0120,2024,8,20-30,At Risk
S0120,2024,8,20-30,At Risk
S0120,2024,8,20-30,At Risk
S0120,2024,8,20-30,At Risk
S0120,2024,8,20-30,At Risk
S0120,2024,8,20-30,At Risk
S0121,2023,1,31-40,At Risk
S0121,2023,1,31-40,At Risk
S0121,2023,1,31-40,At Risk
S0121,2023,1,31-40,At Risk
S0121,2023,1,31-40,At Risk
S0121,2023,1,31-40,At Risk
S0121,2023,1,31-40,At Risk
S0121,2023,1,31-40,In Progress
S0121,2023,1,31-40,In Progress
S0121,2023,1,31-40,In Progress
S0121,2023,1,31-40,In Progress
S0121,2023,1,31-40,In Progress
S0121,2023,1,31-40,In Progress
S0122,2023,6,31-40,In Progress
S0122,2023,6,31-40,In Progress
S0122,2023,6,31-40,In Progress
S0122,2023,6,31-40,In Progress
S0122,2023,6,31-40,In Progress
S0122,2023,6,31-40,In Progress
S0122,2023,6,31-40,In Progress
S0122,2023,6,31-40,At Risk
S0122,2023,6,31-40,At Risk
S0122,2023,6,31-40,At Risk
S0122,2023,6,31-40,In Progress
S0122,2023,6,31-40,In Progress
S0122,2023,6,31-40,In Progress
S0122,2023,6,31-40,In Progress
S0122,2023,6,31-40,In Progress
S0122,2023,6,31-40,At Risk
S0122,2023,6,31-40,At Risk
S0123,2023,3,31-40,At Risk
S0123,2023,3,31-40,At Risk
S0123,2023,3,31-40,Completed
S0123,2023,3,31-40,Completed
S0124,2023,6,31-40,At Risk
S0124,2023,6,31-40,At Risk
S0124,2023,6,31-40,At Risk
S0124,2023,6,31-40,At Risk
S0125,2024,1,31-40,At Risk
S0125,2024,1,31-40,At Risk
S0125,2024,1,31-40,At Risk
S0125,2024,1,31-40,At Risk
S0125,2024,1,31-40,At Risk
S0125,2024,1,31-40,At Risk
S0125,2024,1,31-40,At Risk
S0125,2024,1,31-40,At Risk
S0125,2024,1,31-40,At Risk
S0125,2024,1,31-40,At Risk
S0125,2024,1,31-40,At Risk
S0125,2024,1,31-40,At Risk
S0126,2023,1,40+,At Risk
S0126,2023,1,40+,At Risk
S0126,2023,1,40+,At Risk
S0126,2023,1,40+,At Risk
S0126,2023,1,40+,In Progress
S0126,2023,1,40+,In Progress
S0126,2023,1,40+,In Progress
S0126,2023,1,40+,In Progress
S0126,2023,1,40+,At Risk
S0126,2023,1,40+,At Risk
S0126,2023,1,40+,In Progress
S0126,2023,1,40+,In Progress
S0126,2023,1,40+,In Progress
S0126,2023,1,40+,In Progress
S0126,2023,1,40+,At Risk
S0126,2023,1,40+,At Risk
S0126,2023,1,40+,At Risk
S0127,2024,6,40+,At Risk
S0127,2024,6,40+,At Risk
S0127,2024,6,40+,At Risk
S0127,2024,6,40+,At Risk
S0127,2024,6,40+,At Risk
S0127,2024,6,40+,At Risk
S0127,2024,6,40+,In Progress
S0127,2024,6,40+,In Progress
S0127,2024,6,40+,In Progress
S0127,2024,6,40+,In Progress
S0128,2024,7,20-30,In Progress
S0128,2024,7,20-30,In Progress
S0128,2024,7,20-30,In Progress
S0128,2024,7,20-30,In Progress
S0128,2024,7,20-30,At Risk
S0128,2024,7,20-30,At Risk
S0128,2024,7,20-30,At Risk
S0128,2024,7,20-30,At Risk
S0128,2024,7,20-30,At Risk
S0129,2023,10,31-40,In Progress
S0129,2023,10,31-40,In Progress
S0129,2023,10,31-40,In Progress
S0129,2023,10,31-40,In Progress
S0129,2023,10,31-40,In Progress
S0129,2023,10,31-40,In Progress
S0129,2023,10,31-40,In Progress
S0129,2023,10,31-40,In Progress
S0129,2023,10,31-40,In Progress
S0130,2023,5,31-40,At Risk
S0130,2023,5,31-40,At Risk
S0130,2023,5,31-40,At Risk
S0130,2023,5,31-40,At Risk
S0130,2023,5,31-40,In Progress
S0130,2023,5,31-40,In Progress
S0130,2023,5,31-40,In Progress
S0131,2025,3,40+,In Progress
S0131,2025,3,40+,In Progress
S0131,2025,3,40+,In Progress
S0131,2025,3,40+,At Risk
S0131,2025,3,40+,At Risk
S0131,2025,3,40+,At Risk
S0131,2025,3,40+,At Risk
S0131,2025,3,40+,At Risk
S0131,2025,3,40+,At Risk
S0132,2024,6,31-40,At Risk
S0132,2024,6,31-40,At Risk
S0132,2024,6,31-40,At Risk
S0132,2024,6,31-40,At Risk
S0132,2024,6,31-40,At Risk
S0132,2024,6,31-40,In Progress
S0132,2024,6,31-40,In Progress
S0132,2024,6,31-40,In Progress
S0132,2024,6,31-40,In Progress
S0132,2024,6,31-40,In Progress
S0132,2024,6,31-40,At Risk
S0132,2024,6,31-40,At Risk
S0132,2024,6,31-40,At Risk
S0132,2024,6,31-40,At Risk
S0132,2024,6,31-40,At Risk
S0132,2024,6,31-40,At Risk
S0132,2024,6,31-40,At Risk
S0132,2024,6,31-40,In Progress
S0132,2024,6,31-40,In Progress
S0132,2024,6,31-40,In Progress
S0132,2024,6,31-40,In Progress
S0133,2025,5,20-30,In Progress
S0133,2025,5,20-30,In Progress
S0133,2025,5,20-30,In Progress
S0133,2025,5,20-30,In Progress
S0133,2025,5,20-30,In Progress
S0133,2025,5,20-30,In Progress
S0133,2025,5,20-30,In Progress
S0134,2025,6,20-30,In Progress
S0134,2025,6,20-30,In Progress
S0134,2025,6,20-30,In Progress
S0134,2025,6,20-30,At Risk
S0134,2025,6,20-30,At Risk
S0135,2024,7,40+,In Progress
S0135,2024,7,40+,In Progress
S0135,2024,7,40+,At Risk
S0135,2024,7,40+,At Risk
S0135,2024,7,40+,At Risk
S0135,2024,7,40+,In Progress
S0135,2024,7,40+,In Progress
S0135,2024,7,40+,In Progress
S0135,2024,7,40+,In Progress
S0135,2024,7,40+,In Progress
S0136,2025,2,40+,In Progress
S0136,2025,2,40+,In Progress
S0136,2025,2,40+,In Progress
S0136,2025,2,40+,At Risk
S0136,2025,2,40+,At Risk
S0136,2025,2,40+,At Risk
S0136,2025,2,40+,In Progress
S0136,2025,2,40+,In Progress
S0136,2025,2,40+,In Progress
S0136,2025,2,40+,In Progress
S0136,2025,2,40+,In Progress
S0137,2024,7,31-40,At Risk
S0137,2024,7,31-40,At Risk
S0137,2024,7,31-40,At Risk
S0137,2024,7,31-40,In Progress
S0137,2024,7,31-40,In Progress
S0137,2024,7,31-40,In Progress
S0137,2024,7,31-40,In Progress
S0137,2024,7,31-40,In Progress
S0137,2024,7,31-40,At Risk
S0137,2024,7,31-40,At Risk
S0137,2024,7,31-40,At Risk
S0137,2024,7,31-40,At Risk
S0137,2024,7,31-40,At Risk
S0137,2024,7,31-40,At Risk
S0138,2024,6,31-40,In Progress
S0138,2024,6,31-40,In Progress
S0138,2024,6,31-40,In Progress
S0138,2024,6,31-40,In Progress
S0138,2024,6,31-40,In Progress
S0138,2024,6,31-40,In Progress
S0139,2024,7,20-30,At Risk
S0139,2024,7,20-30,At Risk
S0139,2024,7,20-30,At Risk
S0139,2024,7,20-30,At Risk
S0139,2024,7,20-30,In Progress
S0139,2024,7,20-30,In Progress
S0139,2024,7,20-30,In Progress
S0139,2024,7,20-30,In Progress
S0139,2024,7,20-30,In Progress
S0139,2024,7,20-30,In Progress
S0139,2024,7,20-30,In Progress
S0139,2024,7,20-30,In Progress
S0139,2024,7,20-30,In Progress
S0139,2024,7,20-30,In Progress
S0139,2024,7,20-30,In Progress
S0140,2025,3,31-40,In Progress
S0140,2025,3,31-40,In Progress
S0140,2025,3,31-40,At Risk
S0140,2025,3,31-40,At Risk
S0140,2025,3,31-40,At Risk
S0140,2025,3,31-40,At Risk
S0140,2025,3,31-40,At Risk
S0141,2024,11,31-40,In Progress
S0141,2024,11,31-40,In Progress
S0141,2024,11,31-40,In Progress
S0141,2024,11,31-40,In Progress
S0141,2024,11,31-40,In Progress
S0141,2024,11,31-40,In Progress
S0141,2024,11,31-40,In Progress
S0141,2024,11,31-40,In Progress
S0141,2024,11,31-40,At Risk
S0141,2024,11,31-40,At Risk
S0141,2024,11,31-40,At Risk
S0141,2024,11,31-40,In Progress
S0141,2024,11,31-40,In Progress
S0141,2024,11,31-40,In Progress
S0141,2024,11,31-40,In Progress
S0141,2024,11,31-40,In Progress
S0142,2024,12,31-40,In Progress
S0142,2024,12,31-40,In Progress
S0142,2024,12,31-40,In Progress
S0142,2024,12,31-40,In Progress
S0142,2024,12,31-40,In Progress
S0142,2024,12,31-40,At Risk
S0142,2024,12,31-40,At Risk
S0142,2024,12,31-40,At Risk
S0142,2024,12,31-40,At Risk
S0142,2024,12,31-40,At Risk
S0142,2024,12,31-40,In Progress
S0142,2024,12,31-40,In Progress
S0142,2024,12,31-40,In Progress
S0142,2024,12,31-40,In Progress
S0142,2024,12,31-40,In Progress
S0142,2024,12,31-40,In Progress
S0142,2024,12,31-40,In Progress
S0142,2024,12,31-40,In Progress
S0142,2024,12,31-40,In Progress
S0142,2024,12,31-40,In Progress
S0142,2024,12,31-40,In Progress
S0142,2024,12,31-40,In Progress
S0142,2024,12,31-40,In Progress
S0143,2023,2,40+,At Risk
S0143,2023,2,40+,At Risk
S0143,2023,2,40+,At Risk
S0143,2023,2,40+,At Risk
S0143,2023,2,40+,At Risk
S0143,2023,2,40+,At Risk
S0143,2023,2,40+,At Risk
S0143,2023,2,40+,At Risk
S0143,2023,2,40+,At Risk
S0143,2023,2,40+,At Risk
S0143,2023,2,40+,At Risk
S0143,2023,2,40+,At Risk
S0143,2023,2,40+,At Risk
S0144,2023,7,31-40,At Risk
S0144,2023,7,31-40,At Risk
S0144,2023,7,31-40,At Risk
S0144,2023,7,31-40,At Risk
S0144,2023,7,31-40,At Risk
S0144,2023,7,31-40,In Progress
S0144,2023,7,31-40,In Progress
S0144,2023,7,31-40,In Progress
S0144,2023,7,31-40,In Progress
S0144,2023,7,31-40,In Progress
S0144,2023,7,31-40,In Progress
S0144,2023,7,31-40,In Progress
S0144,2023,7,31-40,In Progress
S0144,2023,7,31-40,In Progress
S0145,2023,12,40+,In Progress
S0145,2023,12,40+,In Progress
S0145,2023,12,40+,At Risk
S0145,2023,12,40+,At Risk
S0145,2023,12,40+,At Risk
S0145,2023,12,40+,In Progress
S0145,2023,12,40+,In Progress
S0145,2023,12,40+,In Progress
S0145,2023,12,40+,In Progress
S0145,2023,12,40+,In Progress
S0146,2023,5,31-40,In Progress
S0146,2023,5,31-40,In Progress
S0146,2023,5,31-40,In Progress
S0146,2023,5,31-40,In Progress
S0146,2023,5,31-40,At Risk
S0146,2023,5,31-40,At Risk
S0146,2023,5,31-40,At Risk
S0146,2023,5,31-40,At Risk
S0146,2023,5,31-40,At Risk
S0147,2023,12,31-40,In Progress
S0147,2023,12,31-40,In Progress
S0147,2023,12,31-40,In Progress
S0147,2023,12,31-40,In Progress
S0147,2023,12,31-40,In Progress
S0147,2023,12,31-40,In Progress
S0147,2023,12,31-40,In Progress
S0147,2023,12,31-40,In Progress
S0147,2023,12,31-40,In Progress
S0147,2023,12,31-40,At Risk
S0147,2023,12,31-40,At Risk
S0147,2023,12,31-40,At Risk
S0147,2023,12,31-40,In Progress
S0147,2023,12,31-40,In Progress
S0147,2023,12,31-40,In Progress
S0147,2023,12,31-40,In Progress
S0147,2023,12,31-40,In Progress
S0148,2023,10,40+,At Risk
S0148,2023,10,40+,At Risk
S0148,2023,10,40+,At Risk
S0148,2023,10,40+,At Risk
S0148,2023,10,40+,Completed
S0148,2023,10,40+,Completed
S0148,2023,10,40+,Completed
S0148,2023,10,40+,Completed
S0148,2023,10,40+,At Risk
S0148,2023,10,40+,At Risk
S0148,2023,10,40+,At Risk
S0148,2023,10,40+,At Risk
S0148,2023,10,40+,At Risk
S0148,2023,10,40+,At Risk
S0148,2023,10,40+,At Risk
S0148,2023,10,40+,At Risk
S0148,2023,10,40+,At Risk
S0148,2023,10,40+,At Risk
S0148,2023,10,40+,At Risk
S0148,2023,10,40+,At Risk
S0149,2023,8,20-30,At Risk
S0149,2023,8,20-30,At Risk
S0149,2023,8,20-30,At Risk
S0149,2023,8,20-30,At Risk
S0149,2023,8,20-30,In Progress
S0149,2023,8,20-30,In Progress
S0149,2023,8,20-30,In Progress
S0149,2023,8,20-30,In Progress
S0149,2023,8,20-30,In Progress
S0149,2023,8,20-30,In Progress
S0150,2023,3,20-30,In Progress
S0150,2023,3,20-30,In Progress
S0150,2023,3,20-30,In Progress
S0150,2023,3,20-30,In Progress
S0150,2023,3,20-30,In Progress
S0150,2023,3,20-30,In Progress
S0150,2023,3,20-30,In Progress
S0150,2023,3,20-30,In Progress
S0150,2023,3,20-30,In Progress
S0150,2023,3,20-30,In Progress
S0151,2024,9,31-40,At Risk
S0151,2024,9,31-40,At Risk
S0151,2024,9,31-40,In Progress
S0151,2024,9,31-40,In Progress
S0151,2024,9,31-40,In Progress
S0151,2024,9,31-40,In Progress
S0151,2024,9,31-40,In Progress
S0151,2024,9,31-40,In Progress
S0151,2024,9,31-40,In Progress
S0151,2024,9,31-40,In Progress
S0151,2024,9,31-40,In Progress
S0152,2024,10,20-30,At Risk
S0152,2024,10,20-30,At Risk
S0152,2024,10,20-30,At Risk
S0152,2024,10,20-30,In Progress
S0152,2024,10,20-30,In Progress
S0152,2024,10,20-30,At Risk
S0152,2024,10,20-30,At Risk
S0152,2024,10,20-30,At Risk
S0152,2024,10,20-30,At Risk
S0152,2024,10,20-30,In Progress
S0152,2024,10,20-30,In Progress
S0152,2024,10,20-30,In Progress
S0153,2023,5,40+,At Risk
S0153,2023,5,40+,At Risk
S0153,2023,5,40+,In Progress
S0153,2023,5,40+,In Progress
S0153,2023,5,40+,In Progress
S0153,2023,5,40+,In Progress
S0153,2023,5,40+,At Risk
S0153,2023,5,40+,At Risk
S0154,2024,8,20-30,At Risk
S0154,2024,8,20-30,At Risk
S0154,2024,8,20-30,At Risk
S0154,2024,8,20-30,At Risk
S0154,2024,8,20-30,At Risk
S0154,2024,8,20-30,At Risk
S0154,2024,8,20-30,In Progress
S0154,2024,8,20-30,In Progress
S0154,2024,8,20-30,In Progress
S0154,2024,8,20-30,In Progress
S0154,2024,8,20-30,In Progress
S0155,2024,7,40+,At Risk
S0155,2024,7,40+,At Risk
S0155,2024,7,40+,At Risk
S0155,2024,7,40+,At Risk
S0155,2024,7,40+,At Risk
S0155,2024,7,40+,At Risk
S0155,2024,7,40+,At Risk
S0156,2024,4,20-30,In Progress
S0156,2024,4,20-30,In Progress
S0156,2024,4,20-30,In Progress
S0156,2024,4,20-30,In Progress
S0156,2024,4,20-30,In Progress
S0156,2024,4,20-30,In Progress
S0156,2024,4,20-30,In Progress
S0157,2025,2,40+,At Risk
S0157,2025,2,40+,At Risk
S0157,2025,2,40+,At Risk
S0157,2025,2,40+,At Risk
S0157,2025,2,40+,At Risk
S0157,2025,2,40+,At Risk
S0157,2025,2,40+,At Risk
S0157,2025,2,40+,At Risk
S0157,2025,2,40+,At Risk
S0157,2025,2,40+,At Risk
S0157,2025,2,40+,At Risk
S0157,2025,2,40+,At Risk
S0157,2025,2,40+,At Risk
S0158,2024,5,40+,At Risk
S0158,2024,5,40+,At Risk
S0158,2024,5,40+,At Risk
S0158,2024,5,40+,At Risk
S0158,2024,5,40+,In Progress
S0158,2024,5,40+,In Progress
S0158,2024,5,40+,In Progress
S0158,2024,5,40+,In Progress
S0158,2024,5,40+,At Risk
S0158,2024,5,40+,At Risk
S0158,2024,5,40+,At Risk
S0158,2024,5,40+,At Risk
S0158,2024,5,40+,At Risk
S0158,2024,5,40+,At Risk
S0158,2024,5,40+,At Risk
S0158,2024,5,40+,At Risk
S0159,2023,3,40+,In Progress
S0159,2023,3,40+,In Progress
S0159,2023,3,40+,In Progress
S0159,2023,3,40+,In Progress
S0159,2023,3,40+,In Progress
S0159,2023,3,40+,In Progress
S0159,2023,3,40+,In Progress
S0160,2025,2,40+,In Progress
S0160,2025,2,40+,In Progress
S0160,2025,2,40+,In Progress
S0160,2025,2,40+,At Risk
S0160,2025,2,40+,At Risk
S0161,2023,5,Under 20,At Risk
S0161,2023,5,Under 20,At Risk
S0161,2023,5,Under 20,At Risk
S0161,2023,5,Under 20,At Risk
S0162,2024,10,20-30,In Progress
S0162,2024,10,20-30,In Progress
S0162,2024,10,20-30,In Progress
S0162,2024,10,20-30,In Progress
S0162,2024,10,20-30,In Progress
S0162,2024,10,20-30,In Progress
S0162,2024,10,20-30,At Risk
S0162,2024,10,20-30,At Risk
S0162,2024,10,20-30,At Risk
S0162,2024,10,20-30,At Risk
S0162,2024,10,20-30,At Risk
S0162,2024,10,20-30,In Progress
S0162,2024,10,20-30,In Progress
S0162,2024,10,20-30,In Progress
S0163,2023,1,40+,In Progress
S0163,2023,1,40+,In Progress
S0163,2023,1,40+,In Progress
S0163,2023,1,40+,In Progress
S0163,2023,1,40+,At Risk
S0163,2023,1,40+,At Risk
S0164,2023,8,20-30,In Progress
S0164,2023,8,20-30,In Progress
S0164,2023,8,20-30,In Progress
S0164,2023,8,20-30,In Progress
S0164,2023,8,20-30,At Risk
S0164,2023,8,20-30,At Risk
S0164,2023,8,20-30,At Risk
S0164,2023,8,20-30,At Risk
S0164,2023,8,20-30,At Risk
S0164,2023,8,20-30,At Risk
S0164,2023,8,20-30,At Risk
S0164,2023,8,20-30,At Risk
S0164,2023,8,20-30,In Progress
S0164,2023,8,20-30,In Progress
S0164,2023,8,20-30,In Progress
S0164,2023,8,20-30,In Progress
S0164,2023,8,20-30,In Progress
S0165,2024,7,40+,At Risk
S0165,2024,7,40+,At Risk
S0165,2024,7,40+,At Risk
S0165,2024,7,40+,In Progress
S0165,2024,7,40+,In Progress
S0165,2024,7,40+,In Progress
S0166,2024,6,40+,In Progress
S0166,2024,6,40+,In Progress
S0166,2024,6,40+,In Progress
S0166,2024,6,40+,In Progress
S0166,2024,6,40+,In Progress
S0166,2024,6,40+,In Progress
S0166,2024,6,40+,In Progress
S0166,2024,6,40+,In Progress
S0166,2024,6,40+,In Progress
S0166,2024,6,40+,In Progress
S0166,2024,6,40+,In Progress
S0166,2024,6,40+,In Progress
S0167,2024,11,31-40,At Risk
S0167,2024,11,31-40,At Risk
S0167,2024,11,31-40,At Risk
S0167,2024,11,31-40,At Risk
S0167,2024,11,31-40,At Risk
S0167,2024,11,31-40,At Risk
S0167,2024,11,31-40,At Risk
S0167,2024,11,31-40,At Risk
S0167,2024,11,31-40,At Risk
S0167,2024,11,31-40,At Risk
S0167,2024,11,31-40,At Risk
S0167,2024,11,31-40,In Progress
S0167,2024,11,31-40,In Progress
S0167,2024,11,31-40,In Progress
S0167,2024,11,31-40,In Progress
S0167,2024,11,31-40,In Progress
S0167,2024,11,31-40,In Progress
S0167,2024,11,31-40,In Progress
S0167,2024,11,31-40,In Progress
S0168,2025,1,20-30,At Risk
S0168,2025,1,20-30,At Risk
S0168,2025,1,20-30,At Risk
S0168,2025,1,20-30,At Risk
S0168,2025,1,20-30,At Risk
S0168,2025,1,20-30,At Risk
S0168,2025,1,20-30,In Progress
S0168,2025,1,20-30,In Progress
S0168,2025,1,20-30,In Progress
S0168,2025,1,20-30,In Progress
S0168,2025,1,20-30,In Progress
S0168,2025,1,20-30,In Progress
S0168,2025,1,20-30,In Progress
S0168,2025,1,20-30,In Progress
S0169,2024,6,40+,At Risk
S0169,2024,6,40+,At Risk
S0169,2024,6,40+,At Risk
S0169,2024,6,40+,At Risk
S0169,2024,6,40+,At Risk
S0169,2024,6,40+,At Risk
S0169,2024,6,40+,In Progress
S0169,2024,6,40+,In Progress
S0169,2024,6,40+,In Progress
S0170,2023,9,31-40,In Progress
S0170,2023,9,31-40,In Progress
S0170,2023,9,31-40,In Progress
S0170,2023,9,31-40,At Risk
S0170,2023,9,31-40,At Risk
S0170,2023,9,31-40,At Risk
S0170,2023,9,31-40,At Risk
S0170,2023,9,31-40,At Risk
S0170,2023,9,31-40,In Progress
S0170,2023,9,31-40,In Progress
S0171,2025,4,40+,In Progress
S0171,2025,4,40+,In Progress
S0171,2025,4,40+,In Progress
S0171,2025,4,40+,In Progress
S0171,2025,4,40+,At Risk
S0171,2025,4,40+,At Risk
S0171,2025,4,40+,At Risk
S0171,2025,4,40+,At Risk
S0171,2025,4,40+,At Risk
S0171,2025,4,40+,Completed
S0171,2025,4,40+,Completed
S0171,2025,4,40+,Completed
S0171,2025,4,40+,Completed
S0171,2025,4,40+,Completed
S0172,2024,10,20-30,In Progress
S0172,2024,10,20-30,In Progress
S0172,2024,10,20-30,In Progress
S0172,2024,10,20-30,In Progress
S0172,2024,10,20-30,In Progress
S0172,2024,10,20-30,In Progress
S0172,2024,10,20-30,In Progress
S0172,2024,10,20-30,At Risk
S0172,2024,10,20-30,At Risk
S0172,2024,10,20-30,At Risk
S0172,2024,10,20-30,At Risk
S0172,2024,10,20-30,At Risk
S0172,2024,10,20-30,At Risk
S0172,2024,10,20-30,At Risk
S0172,2024,10,20-30,At Risk
S0173,2025,2,31-40,In Progress
S0173,2025,2,31-40,In Progress
S0173,2025,2,31-40,At Risk
S0173,2025,2,31-40,At Risk
S0173,2025,2,31-40,At Risk
S0173,2025,2,31-40,At Risk
S0173,2025,2,31-40,At Risk
S0173,2025,2,31-40,At Risk
S0173,2025,2,31-40,At Risk
S0173,2025,2,31-40,At Risk
S0174,2024,3,20-30,In Progress
S0174,2024,3,20-30,In Progress
S0174,2024,3,20-30,At Risk
S0174,2024,3,20-30,At Risk
S0174,2024,3,20-30,At Risk
S0174,2024,3,20-30,At Risk
S0174,2024,3,20-30,At Risk
S0174,2024,3,20-30,In Progress
S0174,2024,3,20-30,In Progress
S0174,2024,3,20-30,In Progress
S0174,2024,3,20-30,At Risk
S0174,2024,3,20-30,At Risk
S0174,2024,3,20-30,At Risk
S0174,2024,3,20-30,At Risk
S0175,2025,5,20-30,In Progress
S0175,2025,5,20-30,In Progress
S0175,2025,5,20-30,In Progress
S0175,2025,5,20-30,In Progress
S0175,2025,5,20-30,In Progress
S0175,2025,5,20-30,In Progress
S0175,2025,5,20-30,In Progress
S0175,2025,5,20-30,In Progress
S0175,2025,5,20-30,In Progress
S0175,2025,5,20-30,In Progress
S0175,2025,5,20-30,In Progress
S0175,2025,5,20-30,In Progress
S0175,2025,5,20-30,In Progress
S0175,2025,5,20-30,At Risk
S0175,2025,5,20-30,At Risk
S0175,2025,5,20-30,At Risk
S0175,2025,5,20-30,At Risk
S0175,2025,5,20-30,At Risk
S0175,2025,5,20-30,At Risk
S0175,2025,5,20-30,At Risk
S0176,2023,6,20-30,In Progress
S0176,2023,6,20-30,In Progress
S0176,2023,6,20-30,In Progress
S0176,2023,6,20-30,In Progress
S0176,2023,6,20-30,In Progress
S0176,2023,6,20-30,In Progress
S0176,2023,6,20-30,In Progress
S0176,2023,6,20-30,At Risk
S0176,2023,6,20-30,At Risk
S0176,2023,6,20-30,At Risk
S0176,2023,6,20-30,At Risk
S0176,2023,6,20-30,At Risk
S0177,2023,5,40+,At Risk
S0177,2023,5,40+,At Risk
S0177,2023,5,40+,At Risk
S0177,2023,5,40+,In Progress
S0177,2023,5,40+,In Progress
S0177,2023,5,40+,In Progress
S0177,2023,5,40+,At Risk
S0177,2023,5,40+,At Risk
S0177,2023,5,40+,In Progress
S0177,2023,5,40+,In Progress
S0178,2024,2,20-30,In Progress
S0178,2024,2,20-30,In Progress
S0178,2024,2,20-30,In Progress
S0178,2024,2,20-30,In Progress
S0178,2024,2,20-30,In Progress
S0178,2024,2,20-30,In Progress
S0178,2024,2,20-30,In Progress
S0178,2024,2,20-30,In Progress
S0178,2024,2,20-30,In Progress
S0178,2024,2,20-30,In Progress
S0178,2024,2,20-30,In Progress
S0178,2024,2,20-30,In Progress
S0178,2024,2,20-30,In Progress
S0178,2024,2,20-30,In Progress
S0178,2024,2,20-30,In Progress
S0178,2024,2,20-30,In Progress
S0178,2024,2,20-30,In Progress
S0179,2024,6,31-40,At Risk
S0179,2024,6,31-40,At Risk
S0179,2024,6,31-40,At Risk
S0179,2024,6,31-40,At Risk
S0179,2024,6,31-40,In Progress
S0179,2024,6,31-40,In Progress
S0179,2024,6,31-40,In Progress
S0179,2024,6,31-40,In Progress
S0179,2024,6,31-40,At Risk
S0179,2024,6,31-40,At Risk
S0179,2024,6,31-40,At Risk
S0179,2024,6,31-40,At Risk
S0180,2023,6,31-40,In Progress
S0180,2023,6,31-40,In Progress
S0180,2023,6,31-40,In Progress
S0180,2023,6,31-40,In Progress
S0180,2023,6,31-40,In Progress
S0180,2023,6,31-40,In Progress
S0180,2023,6,31-40,At Risk
S0180,2023,6,31-40,At Risk
S0180,2023,6,31-40,In Progress
S0180,2023,6,31-40,In Progress
S0180,2023,6,31-40,In Progress
S0180,2023,6,31-40,In Progress
S0180,2023,6,31-40,In Progress
S0180,2023,6,31-40,At Risk
S0180,2023,6,31-40,At Risk
S0180,2023,6,31-40,At Risk
S0181,2024,1,31-40,In Progress
S0181,2024,1,31-40,In Progress
S0181,2024,1,31-40,In Progress
S0181,2024,1,31-40,In Progress
S0181,2024,1,31-40,At Risk
S0181,2024,1,31-40,At Risk
S0181,2024,1,31-40,At Risk
S0181,2024,1,31-40,In Progress
S0181,2024,1,31-40,In Progress
S0182,2023,12,40+,In Progress
S0182,2023,12,40+,In Progress
S0182,2023,12,40+,In Progress
S0182,2023,12,40+,In Progress
S0182,2023,12,40+,At Risk
S0182,2023,12,40+,At Risk
S0182,2023,12,40+,In Progress
S0182,2023,12,40+,In Progress
S0182,2023,12,40+,At Risk
S0182,2023,12,40+,At Risk
S0182,2023,12,40+,At Risk
S0182,2023,12,40+,At Risk
S0182,2023,12,40+,In Progress
S0182,2023,12,40+,In Progress
S0182,2023,12,40+,In Progress
S0182,2023,12,40+,In Progress
S0183,2023,1,31-40,At Risk
S0183,2023,1,31-40,At Risk
S0183,2023,1,31-40,At Risk
S0183,2023,1,31-40,At Risk
S0183,2023,1,31-40,At Risk
S0183,2023,1,31-40,In Progress
S0183,2023,1,31-40,In Progress
S0183,2023,1,31-40,In Progress
S0183,2023,1,31-40,At Risk
S0183,2023,1,31-40,At Risk
S0183,2023,1,31-40,In Progress
S0183,2023,1,31-40,In Progress
S0183,2023,1,31-40,In Progress
S0183,2023,1,31-40,In Progress
S0183,2023,1,31-40,In Progress
S0184,2025,5,20-30,In Progress
S0184,2025,5,20-30,In Progress
S0184,2025,5,20-30,At Risk
S0184,2025,5,20-30,At Risk
S0184,2025,5,20-30,At Risk
S0184,2025,5,20-30,At Risk
S0184,2025,5,20-30,At Risk
S0184,2025,5,20-30,At Risk
S0184,2025,5,20-30,At Risk
S0184,2025,5,20-30,At Risk
S0184,2025,5,20-30,At Risk
S0184,2025,5,20-30,At Risk
S0184,2025,5,20-30,At Risk
S0184,2025,5,20-30,At Risk
S0184,2025,5,20-30,At Risk
S0184,2025,5,20-30,At Risk
S0184,2025,5,20-30,At Risk
S0184,2025,5,20-30,At Risk
S0184,2025,5,20-30,At Risk
S0185,2024,10,31-40,At Risk
S0185,2024,10,31-40,At Risk
S0185,2024,10,31-40,At Risk
S0185,2024,10,31-40,At Risk
S0185,2024,10,31-40,At Risk
S0185,2024,10,31-40,In Progress
S0185,2024,10,31-40,In Progress
S0185,2024,10,31-40,In Progress
S0185,2024,10,31-40,In Progress
S0185,2024,10,31-40,In Progress
S0185,2024,10,31-40,In Progress
S0185,2024,10,31-40,In Progress
S0185,2024,10,31-40,In Progress
S0185,2024,10,31-40,At Risk
S0185,2024,10,31-40,At Risk
S0185,2024,10,31-40,At Risk
S0185,2024,10,31-40,At Risk
S0186,2023,4,20-30,In Progress
S0186,2023,4,20-30,In Progress
S0186,2023,4,20-30,In Progress
S0186,2023,4,20-30,In Progress
S0186,2023,4,20-30,At Risk
S0186,2023,4,20-30,At Risk
S0186,2023,4,20-30,At Risk
S0186,2023,4,20-30,In Progress
S0186,2023,4,20-30,In Progress
S0186,2023,4,20-30,In Progress
S0186,2023,4,20-30,In Progress
S0186,2023,4,20-30,In Progress
S0186,2023,4,20-30,In Progress
S0186,2023,4,20-30,In Progress
S0187,2024,7,20-30,At Risk
S0187,2024,7,20-30,At Risk
S0187,2024,7,20-30,In Progress
S0187,2024,7,20-30,In Progress
S0187,2024,7,20-30,In Progress
S0187,2024,7,20-30,In Progress
S0187,2024,7,20-30,In Progress
S0187,2024,7,20-30,In Progress
S0187,2024,7,20-30,In Progress
S0187,2024,7,20-30,In Progress
S0187,2024,7,20-30,In Progress
S0187,2024,7,20-30,In Progress
S0188,2023,6,40+,At Risk
S0188,2023,6,40+,At Risk
S0188,2023,6,40+,At Risk
S0188,2023,6,40+,At Risk
S0188,2023,6,40+,In Progress
S0188,2023,6,40+,In Progress
S0188,2023,6,40+,In Progress
S0188,2023,6,40+,In Progress
S0188,2023,6,40+,In Progress
S0189,2024,8,20-30,At Risk
S0189,2024,8,20-30,At Risk
S0189,2024,8,20-30,At Risk
S0189,2024,8,20-30,At Risk
S0189,2024,8,20-30,At Risk
S0189,2024,8,20-30,At Risk
S0189,2024,8,20-30,At Risk
S0189,2024,8,20-30,At Risk
S0189,2024,8,20-30,At Risk
S0189,2024,8,20-30,At Risk
S0189,2024,8,20-30,At Risk
S0189,2024,8,20-30,At Risk
S0190,2023,8,31-40,In Progress
S0190,2023,8,31-40,In Progress
S0190,2023,8,31-40,In Progress
S0190,2023,8,31-40,In Progress
S0190,2023,8,31-40,In Progress
S0190,2023,8,31-40,In Progress
S0190,2023,8,31-40,In Progress
S0190,2023,8,31-40,At Risk
S0190,2023,8,31-40,At Risk
S0190,2023,8,31-40,In Progress
S0190,2023,8,31-40,In Progress
S0190,2023,8,31-40,In Progress
S0190,2023,8,31-40,In Progress
S0190,2023,8,31-40,In Progress
S0190,2023,8,31-40,In Progress
S0190,2023,8,31-40,In Progress
S0190,2023,8,31-40,In Progress
S0191,2025,1,20-30,At Risk
S0191,2025,1,20-30,At Risk
S0191,2025,1,20-30,At Risk
S0191,2025,1,20-30,At Risk
S0191,2025,1,20-30,At Risk
S0191,2025,1,20-30,At Risk
S0191,2025,1,20-30,At Risk
S0191,2025,1,20-30,At Risk
S0191,2025,1,20-30,At Risk
S0191,2025,1,20-30,At Risk
S0192,2023,12,20-30,At Risk
S0192,2023,12,20-30,At Risk
S0192,2023,12,20-30,At Risk
S0192,2023,12,20-30,At Risk
S0192,2023,12,20-30,In Progress
S0192,2023,12,20-30,In Progress
S0192,2023,12,20-30,In Progress
S0192,2023,12,20-30,In Progress
S0193,2025,5,20-30,In Progress
S0193,2025,5,20-30,In Progress
S0193,2025,5,20-30,In Progress
S0193,2025,5,20-30,At Risk
S0193,2025,5,20-30,At Risk
S0193,2025,5,20-30,In Progress
S0193,2025,5,20-30,In Progress
S0193,2025,5,20-30,In Progress
S0193,2025,5,20-30,In Progress
S0193,2025,5,20-30,In Progress
S0194,2024,1,20-30,In Progress
S0194,2024,1,20-30,In Progress
S0194,2024,1,20-30,In Progress
S0194,2024,1,20-30,In Progress
S0194,2024,1,20-30,At Risk
S0194,2024,1,20-30,At Risk
S0194,2024,1,20-30,At Risk
S0195,2024,7,20-30,At Risk
S0195,2024,7,20-30,At Risk
S0195,2024,7,20-30,At Risk
S0195,2024,7,20-30,At Risk
S0195,2024,7,20-30,At Risk
S0195,2024,7,20-30,At Risk
S0195,2024,7,20-30,At Risk
S0195,2024,7,20-30,At Risk
S0195,2024,7,20-30,At Risk
S0195,2024,7,20-30,At Risk
S0195,2024,7,20-30,At Risk
S0196,2024,10,20-30,At Risk
S0196,2024,10,20-30,At Risk
S0196,2024,10,20-30,At Risk
S0196,2024,10,20-30,In Progress
S0196,2024,10,20-30,In Progress
S0196,2024,10,20-30,In Progress
S0196,2024,10,20-30,In Progress
S0196,2024,10,20-30,In Progress
S0196,2024,10,20-30,At Risk
S0196,2024,10,20-30,At Risk
S0196,2024,10,20-30,At Risk
S0196,2024,10,20-30,At Risk
S0197,2024,2,20-30,In Progress
S0197,2024,2,20-30,In Progress
S0197,2024,2,20-30,In Progress
S0197,2024,2,20-30,At Risk
S0197,2024,2,20-30,At Risk
S0197,2024,2,20-30,At Risk
S0198,2025,6,20-30,At Risk
S0198,2025,6,20-30,At Risk
S0198,2025,6,20-30,At Risk
S0198,2025,6,20-30,At Risk
S0198,2025,6,20-30,At Risk
S0198,2025,6,20-30,At Risk
S0198,2025,6,20-30,At Risk
S0198,2025,6,20-30,At Risk
S0198,2025,6,20-30,At Risk
S0198,2025,6,20-30,At Risk
S0198,2025,6,20-30,At Risk
S0198,2025,6,20-30,At Risk
S0198,2025,6,20-30,At Risk
S0199,2023,11,31-40,At Risk
S0199,2023,11,31-40,At Risk
S0199,2023,11,31-40,At Risk
S0199,2023,11,31-40,In Progress
S0199,2023,11,31-40,In Progress
S0199,2023,11,31-40,In Progress
S0199,2023,11,31-40,In Progress
S0199,2023,11,31-40,In Progress
S0199,2023,11,31-40,In Progress
S0199,2023,11,31-40,In Progress
S0199,2023,11,31-40,In Progress
S0199,2023,11,31-40,At Risk
S0199,2023,11,31-40,At Risk
S0199,2023,11,31-40,At Risk
S0199,2023,11,31-40,At Risk
S0199,2023,11,31-40,At Risk
S0199,2023,11,31-40,At Risk
S0199,2023,11,31-40,At Risk
S0199,2023,11,31-40,At Risk
S0199,2023,11,31-40,At Risk
S0200,2024,4,31-40,In Progress
S0200,2024,4,31-40,In Progress
S0200,2024,4,31-40,In Progress
S0200,2024,4,31-40,In Progress
S0200,2024,4,31-40,In Progress
S0200,2024,4,31-40,In Progress
S0200,2024,4,31-40,In Progress
S0200,2024,4,31-40,In Progress
S0200,2024,4,31-40,In Progress
S0200,2024,4,31-40,In Progress
S0200,2024,4,31-40,At Risk
S0200,2024,4,31-40,At Risk
S0200,2024,4,31-40,At Risk
S0201,2024,2,20-30,In Progress
S0201,2024,2,20-30,In Progress
S0201,2024,2,20-30,At Risk
S0201,2024,2,20-30,At Risk
S0201,2024,2,20-30,At Risk
S0201,2024,2,20-30,At Risk
S0201,2024,2,20-30,In Progress
S0201,2024,2,20-30,In Progress
S0201,2024,2,20-30,In Progress
S0201,2024,2,20-30,In Progress
S0201,2024,2,20-30,In Progress
S0201,2024,2,20-30,In Progress
S0202,2023,4,31-40,In Progress
S0202,2023,4,31-40,In Progress
S0202,2023,4,31-40,In Progress
S0202,2023,4,31-40,In Progress
S0202,2023,4,31-40,In Progress
S0202,2023,4,31-40,In Progress
S0202,2023,4,31-40,In Progress
S0202,2023,4,31-40,In Progress
S0202,2023,4,31-40,In Progress
S0202,2023,4,31-40,In Progress
S0202,2023,4,31-40,In Progress
S0202,2023,4,31-40,In Progress
S0202,2023,4,31-40,In Progress
S0202,2023,4,31-40,In Progress
S0203,2023,3,20-30,At Risk
S0203,2023,3,20-30,At Risk
S0203,2023,3,20-30,At Risk
S0203,2023,3,20-30,At Risk
S0203,2023,3,20-30,At Risk
S0203,2023,3,20-30,At Risk
S0203,2023,3,20-30,At Risk
S0204,2025,3,20-30,At Risk
S0204,2025,3,20-30,At Risk
S0204,2025,3,20-30,At Risk
S0204,2025,3,20-30,At Risk
S0204,2025,3,20-30,At Risk
S0204,2025,3,20-30,In Progress
S0204,2025,3,20-30,In Progress
S0204,2025,3,20-30,In Progress
S0204,2025,3,20-30,In Progress
S0204,2025,3,20-30,In Progress
S0204,2025,3,20-30,In Progress
S0205,2024,2,31-40,In Progress
S0205,2024,2,31-40,In Progress
S0205,2024,2,31-40,In Progress
S0205,2024,2,31-40,In Progress
S0205,2024,2,31-40,At Risk
S0205,2024,2,31-40,At Risk
S0205,2024,2,31-40,At Risk
S0205,2024,2,31-40,At Risk
S0205,2024,2,31-40,At Risk
S0205,2024,2,31-40,In Progress
S0205,2024,2,31-40,In Progress
S0206,2024,6,40+,Completed
S0206,2024,6,40+,Completed
S0206,2024,6,40+,Completed
S0206,2024,6,40+,Completed
S0206,2024,6,40+,At Risk
S0206,2024,6,40+,At Risk
S0207,2024,7,20-30,In Progress
S0207,2024,7,20-30,In Progress
S0207,2024,7,20-30,In Progress
S0207,2024,7,20-30,In Progress
S0207,2024,7,20-30,At Risk
S0207,2024,7,20-30,At Risk
S0207,2024,7,20-30,At Risk
S0207,2024,7,20-30,At Risk
S0207,2024,7,20-30,In Progress
S0207,2024,7,20-30,In Progress
S0207,2024,7,20-30,At Risk
S0207,2024,7,20-30,At Risk
S0207,2024,7,20-30,At Risk
S0207,2024,7,20-30,At Risk
S0207,2024,7,20-30,At Risk
S0208,2024,7,31-40,In Progress
S0208,2024,7,31-40,In Progress
S0208,2024,7,31-40,In Progress
S0208,2024,7,31-40,In Progress
S0208,2024,7,31-40,At Risk
S0208,2024,7,31-40,At Risk
S0208,2024,7,31-40,In Progress
S0208,2024,7,31-40,In Progress
S0208,2024,7,31-40,In Progress
S0208,2024,7,31-40,In Progress
S0208,2024,7,31-40,In Progress
S0209,2024,4,20-30,In Progress
S0209,2024,4,20-30,In Progress
S0209,2024,4,20-30,In Progress
S0209,2024,4,20-30,In Progress
S0209,2024,4,20-30,In Progress
S0209,2024,4,20-30,In Progress
S0209,2024,4,20-30,In Progress
S0209,2024,4,20-30,In Progress
S0209,2024,4,20-30,In Progress
S0209,2024,4,20-30,In Progress
S0209,2024,4,20-30,In Progress
S0209,2024,4,20-30,In Progress
S0209,2024,4,20-30,In Progress
S0209,2024,4,20-30,In Progress
S0209,2024,4,20-30,In Progress
S0210,2024,12,20-30,At Risk
S0210,2024,12,20-30,At Risk
S0210,2024,12,20-30,At Risk
S0210,2024,12,20-30,At Risk
S0210,2024,12,20-30,At Risk
S0210,2024,12,20-30,At Risk
S0210,2024,12,20-30,At Risk
S0210,2024,12,20-30,At Risk
S0210,2024,12,20-30,At Risk
S0210,2024,12,20-30,In Progress
S0210,2024,12,20-30,In Progress
S0210,2024,12,20-30,In Progress
S0211,2024,7,40+,In Progress
S0211,2024,7,40+,In Progress
S0211,2024,7,40+,In Progress
S0211,2024,7,40+,In Progress
S0211,2024,7,40+,In Progress
S0211,2024,7,40+,At Risk
S0211,2024,7,40+,At Risk
S0211,2024,7,40+,In Progress
S0211,2024,7,40+,In Progress
S0211,2024,7,40+,In Progress
S0211,2024,7,40+,In Progress
S0211,2024,7,40+,In Progress
S0211,2024,7,40+,In Progress
S0211,2024,7,40+,In Progress
S0211,2024,7,40+,In Progress
S0212,2023,7,40+,At Risk
S0212,2023,7,40+,At Risk
S0212,2023,7,40+,At Risk
S0212,2023,7,40+,At Risk
S0212,2023,7,40+,At Risk
S0212,2023,7,40+,At Risk
S0212,2023,7,40+,At Risk
S0212,2023,7,40+,At Risk
S0212,2023,7,40+,At Risk
S0212,2023,7,40+,In Progress
S0212,2023,7,40+,In Progress
S0212,2023,7,40+,In Progress
S0212,2023,7,40+,In Progress
S0212,2023,7,40+,In Progress
S0212,2023,7,40+,In Progress
S0212,2023,7,40+,In Progress
S0212,2023,7,40+,In Progress
S0212,2023,7,40+,In Progress
S0213,2025,1,40+,In Progress
S0213,2025,1,40+,In Progress
S0213,2025,1,40+,In Progress
S0213,2025,1,40+,In Progress
S0213,2025,1,40+,In Progress
S0213,2025,1,40+,In Progress
S0213,2025,1,40+,In Progress
S0213,2025,1,40+,In Progress
S0213,2025,1,40+,In Progress
S0213,2025,1,40+,In Progress
S0213,2025,1,40+,At Risk
S0213,2025,1,40+,At Risk
S0214,2023,11,40+,At Risk
S0214,2023,11,40+,At Risk
S0214,2023,11,40+,At Risk
S0214,2023,11,40+,At Risk
S0214,2023,11,40+,At Risk
S0214,2023,11,40+,At Risk
S0214,2023,11,40+,In Progress
S0214,2023,11,40+,In Progress
S0214,2023,11,40+,In Progress
S0214,2023,11,40+,In Progress
S0214,2023,11,40+,In Progress
S0214,2023,11,40+,In Progress
S0214,2023,11,40+,In Progress
S0214,2023,11,40+,In Progress
S0214,2023,11,40+,In Progress
S0214,2023,11,40+,In Progress
S0214,2023,11,40+,In Progress
S0214,2023,11,40+,In Progress
S0214,2023,11,40+,In Progress
S0214,2023,11,40+,In Progress
S0215,2025,3,31-40,At Risk
S0215,2025,3,31-40,At Risk
S0215,2025,3,31-40,At Risk
S0215,2025,3,31-40,At Risk
S0215,2025,3,31-40,At Risk
S0215,2025,3,31-40,In Progress
S0215,2025,3,31-40,In Progress
S0215,2025,3,31-40,At Risk
S0215,2025,3,31-40,At Risk
S0215,2025,3,31-40,At Risk
S0215,2025,3,31-40,At Risk
S0215,2025,3,31-40,At Risk
S0215,2025,3,31-40,At Risk
S0216,2024,9,20-30,In Progress
S0216,2024,9,20-30,In Progress
S0216,2024,9,20-30,At Risk
S0216,2024,9,20-30,At Risk
S0216,2024,9,20-30,At Risk
S0216,2024,9,20-30,In Progress
S0216,2024,9,20-30,In Progress
S0216,2024,9,20-30,In Progress
S0216,2024,9,20-30,At Risk
S0216,2024,9,20-30,At Risk
S0216,2024,9,20-30,At Risk
S0216,2024,9,20-30,At Risk
S0216,2024,9,20-30,At Risk
S0217,2024,2,31-40,In Progress
S0217,2024,2,31-40,In Progress
S0217,2024,2,31-40,In Progress
S0217,2024,2,31-40,At Risk
S0217,2024,2,31-40,At Risk
S0217,2024,2,31-40,At Risk
S0217,2024,2,31-40,At Risk
S0217,2024,2,31-40,At Risk
S0218,2023,11,40+,In Progress
S0218,2023,11,40+,In Progress
S0218,2023,11,40+,In Progress
S0218,2023,11,40+,In Progress
S0218,2023,11,40+,In Progress
S0218,2023,11,40+,In Progress
S0218,2023,11,40+,In Progress
S0218,2023,11,40+,In Progress
S0218,2023,11,40+,In Progress
S0219,2023,9,20-30,At Risk
S0219,2023,9,20-30,At Risk
S0219,2023,9,20-30,At Risk
S0219,2023,9,20-30,At Risk
S0219,2023,9,20-30,At Risk
S0219,2023,9,20-30,At Risk
S0219,2023,9,20-30,At Risk
S0219,2023,9,20-30,At Risk
S0219,2023,9,20-30,At Risk
S0219,2023,9,20-30,In Progress
S0219,2023,9,20-30,In Progress
S0219,2023,9,20-30,At Risk
S0219,2023,9,20-30,At Risk
S0220,2023,11,31-40,In Progress
S0220,2023,11,31-40,In Progress
S0220,2023,11,31-40,In Progress
S0220,2023,11,31-40,At Risk
S0220,2023,11,31-40,At Risk
S0220,2023,11,31-40,At Risk
S0221,2023,4,31-40,At Risk
S0221,2023,4,31-40,At Risk
S0221,2023,4,31-40,In Progress
S0221,2023,4,31-40,In Progress
S0221,2023,4,31-40,In Progress
S0221,2023,4,31-40,In Progress
S0221,2023,4,31-40,In Progress
S0221,2023,4,31-40,In Progress
S0221,2023,4,31-40,In Progress
S0221,2023,4,31-40,In Progress
S0221,2023,4,31-40,In Progress
S0221,2023,4,31-40,In Progress
S0221,2023,4,31-40,In Progress
S0221,2023,4,31-40,In Progress
S0222,2023,2,20-30,At Risk
S0222,2023,2,20-30,At Risk
S0222,2023,2,20-30,At Risk
S0222,2023,2,20-30,At Risk
S0222,2023,2,20-30,At Risk
S0222,2023,2,20-30,In Progress
S0222,2023,2,20-30,In Progress
S0222,2023,2,20-30,In Progress
S0222,2023,2,20-30,In Progress
S0222,2023,2,20-30,In Progress
S0222,2023,2,20-30,In Progress
S0222,2023,2,20-30,In Progress
S0222,2023,2,20-30,In Progress
S0222,2023,2,20-30,In Progress
S0222,2023,2,20-30,In Progress
S0222,2023,2,20-30,At Risk
S0222,2023,2,20-30,At Risk
S0222,2023,2,20-30,At Risk
S0223,2024,9,20-30,In Progress
S0223,2024,9,20-30,In Progress
S0223,2024,9,20-30,In Progress
S0223,2024,9,20-30,In Progress
S0223,2024,9,20-30,In Progress
S0223,2024,9,20-30,In Progress
S0223,2024,9,20-30,In Progress
S0223,2024,9,20-30,In Progress
S0223,2024,9,20-30,At Risk
S0223,2024,9,20-30,At Risk
S0223,2024,9,20-30,At Risk
S0223,2024,9,20-30,At Risk
S0223,2024,9,20-30,At Risk
S0223,2024,9,20-30,In Progress
S0223,2024,9,20-30,In Progress
S0223,2024,9,20-30,In Progress
S0223,2024,9,20-30,In Progress
S0224,2024,9,40+,In Progress
S0224,2024,9,40+,In Progress
S0224,2024,9,40+,In Progress
S0224,2024,9,40+,In Progress
S0224,2024,9,40+,In Progress
S0224,2024,9,40+,In Progress
S0224,2024,9,40+,In Progress
S0224,2024,9,40+,In Progress
S0224,2024,9,40+,At Risk
S0224,2024,9,40+,At Risk
S0225,2024,8,31-40,At Risk
S0225,2024,8,31-40,At Risk
S0225,2024,8,31-40,At Risk
S0225,2024,8,31-40,At Risk
S0225,2024,8,31-40,In Progress
S0225,2024,8,31-40,In Progress
S0226,2025,5,40+,In Progress
S0226,2025,5,40+,In Progress
S0226,2025,5,40+,In Progress
S0226,2025,5,40+,In Progress
S0226,2025,5,40+,In Progress
S0226,2025,5,40+,At Risk
S0226,2025,5,40+,At Risk
S0226,2025,5,40+,At Risk
S0226,2025,5,40+,At Risk
S0226,2025,5,40+,In Progress
S0226,2025,5,40+,In Progress
S0226,2025,5,40+,In Progress
S0226,2025,5,40+,In Progress
S0226,2025,5,40+,In Progress
S0226,2025,5,40+,In Progress
S0226,2025,5,40+,In Progress
S0226,2025,5,40+,In Progress
S0226,2025,5,40+,In Progress
S0226,2025,5,40+,In Progress
S0227,2025,3,31-40,At Risk
S0227,2025,3,31-40,At Risk
S0227,2025,3,31-40,At Risk
S0227,2025,3,31-40,At Risk
S0227,2025,3,31-40,At Risk
S0227,2025,3,31-40,At Risk
S0227,2025,3,31-40,At Risk
S0227,2025,3,31-40,At Risk
S0227,2025,3,31-40,At Risk
S0227,2025,3,31-40,At Risk
S0227,2025,3,31-40,At Risk
S0227,2025,3,31-40,At Risk
S0227,2025,3,31-40,At Risk
S0228,2023,12,40+,In Progress
S0228,2023,12,40+,In Progress
S0228,2023,12,40+,At Risk
S0228,2023,12,40+,At Risk
S0229,2023,12,40+,At Risk
S0229,2023,12,40+,At Risk
S0229,2023,12,40+,At Risk
S0229,2023,12,40+,At Risk
S0229,2023,12,40+,At Risk
S0229,2023,12,40+,At Risk
S0229,2023,12,40+,At Risk
S0229,2023,12,40+,In Progress
S0229,2023,12,40+,In Progress
S0229,2023,12,40+,In Progress
S0229,2023,12,40+,In Progress
S0230,2024,8,20-30,At Risk
S0230,2024,8,20-30,At Risk
S0230,2024,8,20-30,At Risk
S0230,2024,8,20-30,At Risk
S0230,2024,8,20-30,In Progress
S0230,2024,8,20-30,In Progress
S0230,2024,8,20-30,In Progress
S0230,2024,8,20-30,In Progress
S0231,2023,6,Under 20,At Risk
S0231,2023,6,Under 20,At Risk
S0231,2023,6,Under 20,At Risk
S0231,2023,6,Under 20,At Risk
S0231,2023,6,Under 20,At Risk
S0231,2023,6,Under 20,At Risk
S0231,2023,6,Under 20,At Risk
S0231,2023,6,Under 20,At Risk
S0231,2023,6,Under 20,In Progress
S0231,2023,6,Under 20,In Progress
S0231,2023,6,Under 20,In Progress
S0231,2023,6,Under 20,In Progress
S0231,2023,6,Under 20,At Risk
S0231,2023,6,Under 20,At Risk
S0232,2024,9,Under 20,In Progress
S0232,2024,9,Under 20,In Progress
S0232,2024,9,Under 20,At Risk
S0232,2024,9,Under 20,At Risk
S0232,2024,9,Under 20,At Risk
S0232,2024,9,Under 20,At Risk
S0232,2024,9,Under 20,At Risk
S0232,2024,9,Under 20,At Risk
S0232,2024,9,Under 20,At Risk
S0232,2024,9,Under 20,At Risk
S0232,2024,9,Under 20,At Risk
S0232,2024,9,Under 20,At Risk
S0232,2024,9,Under 20,At Risk
S0232,2024,9,Under 20,At Risk
S0232,2024,9,Under 20,At Risk
S0232,2024,9,Under 20,At Risk
S0233,2023,2,20-30,At Risk
S0233,2023,2,20-30,At Risk
S0233,2023,2,20-30,At Risk
S0233,2023,2,20-30,At Risk
S0233,2023,2,20-30,At Risk
S0233,2023,2,20-30,At Risk
S0233,2023,2,20-30,At Risk
S0233,2023,2,20-30,At Risk
S0233,2023,2,20-30,At Risk
S0233,2023,2,20-30,At Risk
S0233,2023,2,20-30,At Risk
S0233,2023,2,20-30,At Risk
S0233,2023,2,20-30,At Risk
S0233,2023,2,20-30,In Progress
S0233,2023,2,20-30,In Progress
S0233,2023,2,20-30,In Progress
S0233,2023,2,20-30,In Progress
S0234,2024,7,20-30,At Risk
S0234,2024,7,20-30,At Risk
S0234,2024,7,20-30,At Risk
S0234,2024,7,20-30,At Risk
S0234,2024,7,20-30,In Progress
S0234,2024,7,20-30,In Progress
S0234,2024,7,20-30,In Progress
S0234,2024,7,20-30,In Progress
S0234,2024,7,20-30,In Progress
S0235,2023,2,31-40,At Risk
S0235,2023,2,31-40,At Risk
S0235,2023,2,31-40,At Risk
S0235,2023,2,31-40,At Risk
S0235,2023,2,31-40,At Risk
S0235,2023,2,31-40,In Progress
S0235,2023,2,31-40,In Progress
S0235,2023,2,31-40,In Progress
S0235,2023,2,31-40,In Progress
S0235,2023,2,31-40,In Progress
S0235,2023,2,31-40,In Progress
S0235,2023,2,31-40,In Progress
S0235,2023,2,31-40,In Progress
S0235,2023,2,31-40,In Progress
S0236,2024,11,Under 20,In Progress
S0236,2024,11,Under 20,In Progress
S0236,2024,11,Under 20,In Progress
S0236,2024,11,Under 20,In Progress
S0236,2024,11,Under 20,In Progress
S0236,2024,11,Under 20,In Progress
S0236,2024,11,Under 20,In Progress
S0236,2024,11,Under 20,At Risk
S0236,2024,11,Under 20,At Risk
S0237,2024,1,40+,At Risk
S0237,2024,1,40+,At Risk
S0237,2024,1,40+,At Risk
S0237,2024,1,40+,At Risk
S0237,2024,1,40+,At Risk
S0237,2024,1,40+,At Risk
S0237,2024,1,40+,At Risk
S0237,2024,1,40+,In Progress
S0237,2024,1,40+,In Progress
S0237,2024,1,40+,In Progress
S0237,2024,1,40+,In Progress
S0237,2024,1,40+,In Progress
S0237,2024,1,40+,In Progress
S0237,2024,1,40+,In Progress
S0237,2024,1,40+,In Progress
S0237,2024,1,40+,In Progress
S0237,2024,1,40+,In Progress
S0237,2024,1,40+,In Progress
S0237,2024,1,40+,In Progress
S0238,2023,3,40+,At Risk
S0238,2023,3,40+,At Risk
S0238,2023,3,40+,At Risk
S0238,2023,3,40+,At Risk
S0238,2023,3,40+,At Risk
S0238,2023,3,40+,At Risk
S0238,2023,3,40+,At Risk
S0238,2023,3,40+,At Risk
S0238,2023,3,40+,At Risk
S0238,2023,3,40+,At Risk
S0238,2023,3,40+,At Risk
S0238,2023,3,40+,At Risk
S0238,2023,3,40+,At Risk
S0238,2023,3,40+,At Risk
S0238,2023,3,40+,At Risk
S0238,2023,3,40+,At Risk
S0239,2023,5,Under 20,At Risk
S0239,2023,5,Under 20,At Risk
S0239,2023,5,Under 20,At Risk
S0239,2023,5,Under 20,In Progress
S0239,2023,5,Under 20,In Progress
S0239,2023,5,Under 20,In Progress
S0239,2023,5,Under 20,In Progress
S0239,2023,5,Under 20,In Progress
S0239,2023,5,Under 20,In Progress
S0239,2023,5,Under 20,In Progress
S0239,2023,5,Under 20,In Progress
S0239,2023,5,Under 20,In Progress
S0239,2023,5,Under 20,In Progress
S0240,2025,6,20-30,At Risk
S0240,2025,6,20-30,At Risk
S0240,2025,6,20-30,At Risk
S0240,2025,6,20-30,At Risk
S0240,2025,6,20-30,At Risk
S0240,2025,6,20-30,At Risk
S0240,2025,6,20-30,In Progress
S0240,2025,6,20-30,In Progress
S0240,2025,6,20-30,In Progress
S0240,2025,6,20-30,In Progress
S0240,2025,6,20-30,In Progress
S0241,2024,11,20-30,At Risk
S0241,2024,11,20-30,At Risk
S0241,2024,11,20-30,At Risk
S0241,2024,11,20-30,At Risk
S0241,2024,11,20-30,In Progress
S0241,2024,11,20-30,In Progress
S0241,2024,11,20-30,In Progress
S0241,2024,11,20-30,In Progress
S0241,2024,11,20-30,In Progress
S0241,2024,11,20-30,In Progress
S0241,2024,11,20-30,In Progress
S0241,2024,11,20-30,In Progress
S0241,2024,11,20-30,In Progress
S0241,2024,11,20-30,In Progress
S0241,2024,11,20-30,In Progress
S0242,2023,5,31-40,In Progress
S0242,2023,5,31-40,In Progress
S0242,2023,5,31-40,In Progress
S0242,2023,5,31-40,In Progress
S0242,2023,5,31-40,In Progress
S0242,2023,5,31-40,In Progress
S0242,2023,5,31-40,In Progress
S0243,2024,9,20-30,In Progress
S0243,2024,9,20-30,In Progress
S0243,2024,9,20-30,In Progress
S0243,2024,9,20-30,In Progress
S0243,2024,9,20-30,In Progress
S0243,2024,9,20-30,In Progress
S0243,2024,9,20-30,In Progress
S0243,2024,9,20-30,In Progress
S0243,2024,9,20-30,In Progress
S0243,2024,9,20-30,At Risk
S0243,2024,9,20-30,At Risk
S0243,2024,9,20-30,At Risk
S0243,2024,9,20-30,At Risk
S0243,2024,9,20-30,In Progress
S0243,2024,9,20-30,In Progress
S0243,2024,9,20-30,In Progress
S0243,2024,9,20-30,In Progress
S0243,2024,9,20-30,In Progress
S0244,2023,5,40+,In Progress
S0244,2023,5,40+,In Progress
S0244,2023,5,40+,In Progress
S0244,2023,5,40+,In Progress
S0244,2023,5,40+,In Progress
S0244,2023,5,40+,At Risk
S0244,2023,5,40+,At Risk
S0244,2023,5,40+,At Risk
S0244,2023,5,40+,At Risk
S0244,2023,5,40+,At Risk
S0244,2023,5,40+,At Risk
S0244,2023,5,40+,At Risk
S0244,2023,5,40+,At Risk
S0244,2023,5,40+,At Risk
S0244,2023,5,40+,In Progress
S0244,2023,5,40+,In Progress
S0244,2023,5,40+,In Progress
S0244,2023,5,40+,In Progress
S0244,2023,5,40+,At Risk
S0244,2023,5,40+,At Risk
S0244,2023,5,40+,At Risk
S0244,2023,5,40+,At Risk
S0245,2023,5,31-40,At Risk
S0245,2023,5,31-40,At Risk
S0245,2023,5,31-40,In Progress
S0245,2023,5,31-40,In Progress
S0245,2023,5,31-40,In Progress
S0245,2023,5,31-40,In Progress
S0245,2023,5,31-40,In Progress
S0245,2023,5,31-40,At Risk
S0245,2023,5,31-40,At Risk
S0245,2023,5,31-40,At Risk
S0245,2023,5,31-40,At Risk
S0245,2023,5,31-40,At Risk
S0246,2024,9,Under 20,At Risk
S0246,2024,9,Under 20,At Risk
S0246,2024,9,Under 20,At Risk
S0246,2024,9,Under 20,At Risk
S0246,2024,9,Under 20,At Risk
S0246,2024,9,Under 20,At Risk
S0246,2024,9,Under 20,At Risk
S0246,2024,9,Under 20,In Progress
S0246,2024,9,Under 20,In Progress
S0246,2024,9,Under 20,In Progress
S0246,2024,9,Under 20,In Progress
S0247,2023,7,40+,In Progress
S0247,2023,7,40+,In Progress
S0247,2023,7,40+,At Risk
S0247,2023,7,40+,At Risk
S0247,2023,7,40+,In Progress
S0247,2023,7,40+,In Progress
S0247,2023,7,40+,In Progress
S0247,2023,7,40+,In Progress
S0248,2024,8,31-40,In Progress
S0248,2024,8,31-40,In Progress
S0248,2024,8,31-40,In Progress
S0248,2024,8,31-40,In Progress
S0248,2024,8,31-40,In Progress
S0248,2024,8,31-40,In Progress
S0248,2024,8,31-40,In Progress
S0248,2024,8,31-40,In Progress
S0248,2024,8,31-40,In Progress
S0248,2024,8,31-40,In Progress
S0248,2024,8,31-40,In Progress
S0249,2023,2,20-30,At Risk
S0249,2023,2,20-30,At Risk
S0249,2023,2,20-30,At Risk
S0249,2023,2,20-30,At Risk
S0249,2023,2,20-30,At Risk
S0249,2023,2,20-30,In Progress
S0249,2023,2,20-30,In Progress
S0249,2023,2,20-30,In Progress
S0249,2023,2,20-30,At Risk
S0249,2023,2,20-30,At Risk
S0249,2023,2,20-30,At Risk
S0250,2023,4,Under 20,In Progress
S0250,2023,4,Under 20,In Progress
S0250,2023,4,Under 20,At Risk
S0250,2023,4,Under 20,At Risk
S0250,2023,4,Under 20,At Risk
S0251,2025,1,20-30,In Progress
S0251,2025,1,20-30,In Progress
S0251,2025,1,20-30,In Progress
S0251,2025,1,20-30,In Progress
S0251,2025,1,20-30,In Progress
S0251,2025,1,20-30,In Progress
S0251,2025,1,20-30,In Progress
S0251,2025,1,20-30,In Progress
S0251,2025,1,20-30,At Risk
S0251,2025,1,20-30,At Risk
S0251,2025,1,20-30,At Risk
S0252,2025,4,31-40,At Risk
S0252,2025,4,31-40,At Risk
S0252,2025,4,31-40,At Risk
S0252,2025,4,31-40,At Risk
S0252,2025,4,31-40,At Risk
S0252,2025,4,31-40,At Risk
S0252,2025,4,31-40,At Risk
S0252,2025,4,31-40,At Risk
S0253,2023,7,20-30,In Progress
S0253,2023,7,20-30,In Progress
S0253,2023,7,20-30,In Progress
S0253,2023,7,20-30,In Progress
S0253,2023,7,20-30,In Progress
S0253,2023,7,20-30,In Progress
S0253,2023,7,20-30,In Progress
S0253,2023,7,20-30,In Progress
S0253,2023,7,20-30,In Progress
S0253,2023,7,20-30,In Progress
S0253,2023,7,20-30,In Progress
S0253,2023,7,20-30,In Progress
S0253,2023,7,20-30,In Progress
S0253,2023,7,20-30,In Progress
S0253,2023,7,20-30,In Progress
S0253,2023,7,20-30,In Progress
S0253,2023,7,20-30,In Progress
S0254,2025,3,40+,In Progress
S0254,2025,3,40+,In Progress
S0254,2025,3,40+,In Progress
S0254,2025,3,40+,In Progress
S0254,2025,3,40+,In Progress
S0254,2025,3,40+,In Progress
S0254,2025,3,40+,In Progress
S0254,2025,3,40+,In Progress
S0254,2025,3,40+,In Progress
S0254,2025,3,40+,In Progress
S0254,2025,3,40+,At Risk
S0254,2025,3,40+,At Risk
S0254,2025,3,40+,At Risk
S0254,2025,3,40+,At Risk
S0254,2025,3,40+,At Risk
S0254,2025,3,40+,At Risk
S0254,2025,3,40+,At Risk
S0254,2025,3,40+,At Risk
S0254,2025,3,40+,At Risk
S0255,2025,3,Under 20,At Risk
S0255,2025,3,Under 20,At Risk
S0255,2025,3,Under 20,At Risk
S0255,2025,3,Under 20,At Risk
S0255,2025,3,Under 20,At Risk
S0255,2025,3,Under 20,At Risk
S0255,2025,3,Under 20,At Risk
S0255,2025,3,Under 20,At Risk
S0255,2025,3,Under 20,At Risk
S0255,2025,3,Under 20,At Risk
S0255,2025,3,Under 20,At Risk
S0255,2025,3,Under 20,At Risk
S0256,2024,2,31-40,At Risk
S0256,2024,2,31-40,At Risk
S0256,2024,2,31-40,At Risk
S0256,2024,2,31-40,At Risk
S0256,2024,2,31-40,At Risk
S0256,2024,2,31-40,In Progress
S0256,2024,2,31-40,In Progress
S0256,2024,2,31-40,In Progress
S0256,2024,2,31-40,In Progress
S0257,2023,9,31-40,In Progress
S0257,2023,9,31-40,In Progress
S0257,2023,9,31-40,In Progress
S0257,2023,9,31-40,In Progress
S0258,2023,8,31-40,In Progress
S0258,2023,8,31-40,In Progress
S0258,2023,8,31-40,In Progress
S0258,2023,8,31-40,In Progress
S0258,2023,8,31-40,In Progress
S0258,2023,8,31-40,In Progress
S0258,2023,8,31-40,In Progress
S0258,2023,8,31-40,At Risk
S0258,2023,8,31-40,At Risk
S0258,2023,8,31-40,At Risk
S0258,2023,8,31-40,At Risk
S0258,2023,8,31-40,In Progress
S0258,2023,8,31-40,In Progress
S0258,2023,8,31-40,In Progress
S0258,2023,8,31-40,In Progress
S0258,2023,8,31-40,In Progress
S0258,2023,8,31-40,In Progress
S0258,2023,8,31-40,In Progress
S0258,2023,8,31-40,In Progress
S0259,2024,1,20-30,At Risk
S0259,2024,1,20-30,At Risk
S0259,2024,1,20-30,At Risk
S0259,2024,1,20-30,At Risk
S0259,2024,1,20-30,In Progress
S0259,2024,1,20-30,In Progress
S0259,2024,1,20-30,In Progress
S0259,2024,1,20-30,In Progress
S0259,2024,1,20-30,In Progress
S0259,2024,1,20-30,In Progress
S0259,2024,1,20-30,In Progress
S0259,2024,1,20-30,In Progress
S0259,2024,1,20-30,At Risk
S0259,2024,1,20-30,At Risk
S0259,2024,1,20-30,At Risk
S0259,2024,1,20-30,In Progress
S0259,2024,1,20-30,In Progress
S0259,2024,1,20-30,In Progress
S0259,2024,1,20-30,In Progress
S0260,2025,4,40+,At Risk
S0260,2025,4,40+,At Risk
S0260,2025,4,40+,At Risk
S0260,2025,4,40+,At Risk
S0260,2025,4,40+,At Risk
S0260,2025,4,40+,At Risk
S0260,2025,4,40+,At Risk
S0260,2025,4,40+,At Risk
S0260,2025,4,40+,At Risk
S0260,2025,4,40+,At Risk
S0260,2025,4,40+,At Risk
S0260,2025,4,40+,At Risk
S0260,2025,4,40+,In Progress
S0260,2025,4,40+,In Progress
S0260,2025,4,40+,In Progress
S0261,2023,9,40+,At Risk
S0261,2023,9,40+,At Risk
S0261,2023,9,40+,At Risk
S0261,2023,9,40+,At Risk
S0261,2023,9,40+,At Risk
S0261,2023,9,40+,At Risk
S0261,2023,9,40+,At Risk
S0261,2023,9,40+,In Progress
S0261,2023,9,40+,In Progress
S0262,2024,2,20-30,In Progress
S0262,2024,2,20-30,In Progress
S0262,2024,2,20-30,In Progress
S0262,2024,2,20-30,In Progress
S0263,2024,5,20-30,At Risk
S0263,2024,5,20-30,At Risk
S0263,2024,5,20-30,At Risk
S0263,2024,5,20-30,In Progress
S0263,2024,5,20-30,In Progress
S0263,2024,5,20-30,In Progress
S0264,2023,12,40+,In Progress
S0264,2023,12,40+,In Progress
S0264,2023,12,40+,At Risk
S0264,2023,12,40+,At Risk
S0265,2023,5,40+,In Progress
S0265,2023,5,40+,In Progress
S0265,2023,5,40+,At Risk
S0265,2023,5,40+,At Risk
S0265,2023,5,40+,At Risk
S0265,2023,5,40+,At Risk
S0265,2023,5,40+,In Progress
S0265,2023,5,40+,In Progress
S0265,2023,5,40+,In Progress
S0265,2023,5,40+,In Progress
S0265,2023,5,40+,In Progress
S0265,2023,5,40+,In Progress
S0266,2024,6,20-30,At Risk
S0266,2024,6,20-30,At Risk
S0266,2024,6,20-30,At Risk
S0266,2024,6,20-30,At Risk
S0266,2024,6,20-30,At Risk
S0266,2024,6,20-30,At Risk
S0266,2024,6,20-30,At Risk
S0266,2024,6,20-30,At Risk
S0266,2024,6,20-30,In Progress
S0266,2024,6,20-30,In Progress
S0266,2024,6,20-30,In Progress
S0266,2024,6,20-30,In Progress
S0266,2024,6,20-30,At Risk
S0266,2024,6,20-30,At Risk
S0266,2024,6,20-30,At Risk
S0266,2024,6,20-30,At Risk
S0266,2024,6,20-30,At Risk
S0267,2023,8,31-40,At Risk
S0267,2023,8,31-40,At Risk
S0267,2023,8,31-40,At Risk
S0267,2023,8,31-40,At Risk
S0267,2023,8,31-40,At Risk
S0267,2023,8,31-40,At Risk
S0267,2023,8,31-40,At Risk
S0267,2023,8,31-40,At Risk
S0268,2023,1,20-30,In Progress
S0268,2023,1,20-30,In Progress
S0268,2023,1,20-30,In Progress
S0268,2023,1,20-30,In Progress
S0268,2023,1,20-30,At Risk
S0268,2023,1,20-30,At Risk
S0268,2023,1,20-30,At Risk
S0268,2023,1,20-30,At Risk
S0268,2023,1,20-30,In Progress
S0268,2023,1,20-30,In Progress
S0268,2023,1,20-30,In Progress
S0268,2023,1,20-30,In Progress
S0268,2023,1,20-30,In Progress
S0268,2023,1,20-30,In Progress
S0269,2024,1,Under 20,In Progress
S0269,2024,1,Under 20,In Progress
S0269,2024,1,Under 20,In Progress
S0269,2024,1,Under 20,In Progress
S0269,2024,1,Under 20,In Progress
S0269,2024,1,Under 20,In Progress
S0269,2024,1,Under 20,In Progress
S0270,2023,10,31-40,At Risk
S0270,2023,10,31-40,At Risk
S0270,2023,10,31-40,At Risk
S0270,2023,10,31-40,At Risk
S0270,2023,10,31-40,At Risk
S0270,2023,10,31-40,At Risk
S0270,2023,10,31-40,At Risk
S0270,2023,10,31-40,At Risk
S0270,2023,10,31-40,At Risk
S0270,2023,10,31-40,At Risk
S0270,2023,10,31-40,At Risk
S0271,2024,5,40+,In Progress
S0271,2024,5,40+,In Progress
S0271,2024,5,40+,At Risk
S0271,2024,5,40+,At Risk
S0272,2023,2,20-30,At Risk
S0272,2023,2,20-30,At Risk
S0272,2023,2,20-30,At Risk
S0272,2023,2,20-30,At Risk
S0272,2023,2,20-30,At Risk
S0272,2023,2,20-30,In Progress
S0272,2023,2,20-30,In Progress
S0272,2023,2,20-30,In Progress
S0272,2023,2,20-30,In Progress
S0272,2023,2,20-30,In Progress
S0272,2023,2,20-30,In Progress
S0273,2024,5,31-40,In Progress
S0273,2024,5,31-40,In Progress
S0273,2024,5,31-40,At Risk
S0273,2024,5,31-40,At Risk
S0273,2024,5,31-40,At Risk
S0273,2024,5,31-40,At Risk
S0273,2024,5,31-40,At Risk
S0273,2024,5,31-40,At Risk
S0273,2024,5,31-40,At Risk
S0273,2024,5,31-40,At Risk
S0273,2024,5,31-40,At Risk
S0273,2024,5,31-40,At Risk
S0273,2024,5,31-40,At Risk
S0273,2024,5,31-40,At Risk
S0273,2024,5,31-40,At Risk
S0273,2024,5,31-40,At Risk
S0273,2024,5,31-40,At Risk
S0273,2024,5,31-40,At Risk
S0273,2024,5,31-40,At Risk
S0273,2024,5,31-40,At Risk
S0274,2023,8,31-40,At Risk
S0274,2023,8,31-40,At Risk
S0274,2023,8,31-40,At Risk
S0274,2023,8,31-40,At Risk
S0274,2023,8,31-40,In Progress
S0274,2023,8,31-40,In Progress
S0275,2023,7,40+,At Risk
S0275,2023,7,40+,At Risk
S0275,2023,7,40+,At Risk
S0275,2023,7,40+,At Risk
S0275,2023,7,40+,In Progress
S0275,2023,7,40+,In Progress
S0275,2023,7,40+,At Risk
S0275,2023,7,40+,At Risk
S0275,2023,7,40+,At Risk
S0275,2023,7,40+,At Risk
S0275,2023,7,40+,At Risk
S0276,2023,10,Under 20,At Risk
S0276,2023,10,Under 20,At Risk
S0276,2023,10,Under 20,At Risk
S0276,2023,10,Under 20,In Progress
S0276,2023,10,Under 20,In Progress
S0276,2023,10,Under 20,In Progress
S0276,2023,10,Under 20,In Progress
S0276,2023,10,Under 20,At Risk
S0276,2023,10,Under 20,At Risk
S0276,2023,10,Under 20,At Risk
S0276,2023,10,Under 20,At Risk
S0276,2023,10,Under 20,In Progress
S0276,2023,10,Under 20,In Progress
S0276,2023,10,Under 20,In Progress
S0276,2023,10,Under 20,At Risk
S0276,2023,10,Under 20,At Risk
S0276,2023,10,Under 20,At Risk
S0277,2025,4,40+,In Progress
S0277,2025,4,40+,In Progress
S0277,2025,4,40+,In Progress
S0277,2025,4,40+,In Progress
S0277,2025,4,40+,In Progress
S0277,2025,4,40+,At Risk
S0277,2025,4,40+,At Risk
S0277,2025,4,40+,At Risk
S0277,2025,4,40+,At Risk
S0277,2025,4,40+,At Risk
S0277,2025,4,40+,At Risk
S0277,2025,4,40+,At Risk
S0277,2025,4,40+,At Risk
S0277,2025,4,40+,In Progress
S0277,2025,4,40+,In Progress
S0277,2025,4,40+,In Progress
S0277,2025,4,40+,In Progress
S0277,2025,4,40+,In Progress
S0277,2025,4,40+,In Progress
S0277,2025,4,40+,In Progress
S0277,2025,4,40+,In Progress
S0278,2023,8,40+,At Risk
S0278,2023,8,40+,At Risk
S0278,2023,8,40+,In Progress
S0278,2023,8,40+,In Progress
S0278,2023,8,40+,In Progress
S0278,2023,8,40+,In Progress
S0278,2023,8,40+,In Progress
S0278,2023,8,40+,In Progress
S0278,2023,8,40+,At Risk
S0278,2023,8,40+,At Risk
S0278,2023,8,40+,At Risk
S0278,2023,8,40+,At Risk
S0279,2024,9,20-30,In Progress
S0279,2024,9,20-30,In Progress
S0279,2024,9,20-30,At Risk
S0279,2024,9,20-30,At Risk
S0279,2024,9,20-30,In Progress
S0279,2024,9,20-30,In Progress
S0280,2023,1,Under 20,In Progress
S0280,2023,1,Under 20,In Progress
S0280,2023,1,Under 20,In Progress
S0280,2023,1,Under 20,In Progress
S0280,2023,1,Under 20,In Progress
S0280,2023,1,Under 20,In Progress
S0280,2023,1,Under 20,In Progress
S0280,2023,1,Under 20,In Progress
S0280,2023,1,Under 20,At Risk
S0280,2023,1,Under 20,At Risk
S0280,2023,1,Under 20,At Risk
S0280,2023,1,Under 20,At Risk
S0280,2023,1,Under 20,At Risk
S0280,2023,1,Under 20,At Risk
S0280,2023,1,Under 20,At Risk
S0280,2023,1,Under 20,At Risk
S0281,2023,12,Under 20,In Progress
S0281,2023,12,Under 20,In Progress
S0281,2023,12,Under 20,In Progress
S0281,2023,12,Under 20,In Progress
S0281,2023,12,Under 20,In Progress
S0281,2023,12,Under 20,In Progress
S0281,2023,12,Under 20,In Progress
S0281,2023,12,Under 20,In Progress
S0281,2023,12,Under 20,At Risk
S0281,2023,12,Under 20,At Risk
S0281,2023,12,Under 20,At Risk
S0281,2023,12,Under 20,At Risk
S0281,2023,12,Under 20,In Progress
S0281,2023,12,Under 20,In Progress
S0281,2023,12,Under 20,In Progress
S0282,2023,2,40+,At Risk
S0282,2023,2,40+,At Risk
S0282,2023,2,40+,At Risk
S0282,2023,2,40+,At Risk
S0282,2023,2,40+,At Risk
S0282,2023,2,40+,At Risk
S0282,2023,2,40+,At Risk
S0282,2023,2,40+,At Risk
S0282,2023,2,40+,At Risk
S0282,2023,2,40+,In Progress
S0282,2023,2,40+,In Progress
S0282,2023,2,40+,At Risk
S0282,2023,2,40+,At Risk
S0283,2024,7,31-40,In Progress
S0283,2024,7,31-40,In Progress
S0283,2024,7,31-40,In Progress
S0283,2024,7,31-40,At Risk
S0283,2024,7,31-40,At Risk
S0283,2024,7,31-40,At Risk
S0283,2024,7,31-40,At Risk
S0283,2024,7,31-40,At Risk
S0283,2024,7,31-40,In Progress
S0283,2024,7,31-40,In Progress
S0283,2024,7,31-40,In Progress
S0284,2023,8,20-30,In Progress
S0284,2023,8,20-30,In Progress
S0284,2023,8,20-30,In Progress
S0284,2023,8,20-30,In Progress
S0284,2023,8,20-30,In Progress
S0284,2023,8,20-30,In Progress
S0284,2023,8,20-30,In Progress
S0284,2023,8,20-30,In Progress
S0284,2023,8,20-30,In Progress
S0284,2023,8,20-30,At Risk
S0284,2023,8,20-30,At Risk
S0284,2023,8,20-30,At Risk
S0284,2023,8,20-30,At Risk
S0284,2023,8,20-30,In Progress
S0284,2023,8,20-30,In Progress
S0285,2023,9,40+,In Progress
S0285,2023,9,40+,In Progress
S0285,2023,9,40+,In Progress
S0285,2023,9,40+,In Progress
S0285,2023,9,40+,In Progress
S0285,2023,9,40+,In Progress
S0285,2023,9,40+,In Progress
S0286,2024,11,31-40,At Risk
S0286,2024,11,31-40,At Risk
S0286,2024,11,31-40,At Risk
S0286,2024,11,31-40,At Risk
S0286,2024,11,31-40,At Risk
S0286,2024,11,31-40,At Risk
S0287,2025,4,31-40,In Progress
S0287,2025,4,31-40,In Progress
S0287,2025,4,31-40,At Risk
S0287,2025,4,31-40,At Risk
S0287,2025,4,31-40,In Progress
S0287,2025,4,31-40,In Progress
S0287,2025,4,31-40,In Progress
S0287,2025,4,31-40,In Progress
S0287,2025,4,31-40,At Risk
S0287,2025,4,31-40,At Risk
S0287,2025,4,31-40,At Risk
S0287,2025,4,31-40,At Risk
S0287,2025,4,31-40,At Risk
S0288,2023,1,40+,At Risk
S0288,2023,1,40+,At Risk
S0288,2023,1,40+,At Risk
S0288,2023,1,40+,At Risk
S0288,2023,1,40+,At Risk
S0288,2023,1,40+,In Progress
S0288,2023,1,40+,In Progress
S0288,2023,1,40+,In Progress
S0289,2024,11,31-40,At Risk
S0289,2024,11,31-40,At Risk
S0289,2024,11,31-40,At Risk
S0289,2024,11,31-40,At Risk
S0289,2024,11,31-40,At Risk
S0289,2024,11,31-40,At Risk
S0289,2024,11,31-40,At Risk
S0289,2024,11,31-40,At Risk
S0289,2024,11,31-40,At Risk
S0289,2024,11,31-40,At Risk
S0289,2024,11,31-40,At Risk
S0289,2024,11,31-40,At Risk
S0289,2024,11,31-40,At Risk
S0289,2024,11,31-40,At Risk
S0289,2024,11,31-40,At Risk
S0290,2023,5,40+,In Progress
S0290,2023,5,40+,In Progress
S0290,2023,5,40+,In Progress
S0290,2023,5,40+,In Progress
S0290,2023,5,40+,In Progress
S0290,2023,5,40+,In Progress
S0290,2023,5,40+,In Progress
S0290,2023,5,40+,In Progress
S0290,2023,5,40+,In Progress
S0290,2023,5,40+,In Progress
S0290,2023,5,40+,In Progress
S0290,2023,5,40+,In Progress
S0290,2023,5,40+,In Progress
S0290,2023,5,40+,In Progress
S0290,2023,5,40+,At Risk
S0290,2023,5,40+,At Risk
S0290,2023,5,40+,At Risk
S0290,2023,5,40+,At Risk
S0291,2024,3,31-40,In Progress
S0291,2024,3,31-40,In Progress
S0291,2024,3,31-40,In Progress
S0291,2024,3,31-40,In Progress
S0291,2024,3,31-40,In Progress
S0291,2024,3,31-40,In Progress
S0291,2024,3,31-40,In Progress
S0292,2023,8,20-30,In Progress
S0292,2023,8,20-30,In Progress
S0292,2023,8,20-30,In Progress
S0292,2023,8,20-30,At Risk
S0292,2023,8,20-30,At Risk
S0293,2024,1,31-40,In Progress
S0293,2024,1,31-40,In Progress
S0293,2024,1,31-40,In Progress
S0293,2024,1,31-40,In Progress
S0293,2024,1,31-40,In Progress
S0293,2024,1,31-40,In Progress
S0293,2024,1,31-40,In Progress
S0293,2024,1,31-40,In Progress
S0293,2024,1,31-40,In Progress
S0294,2025,2,31-40,At Risk
S0294,2025,2,31-40,At Risk
S0294,2025,2,31-40,At Risk
S0294,2025,2,31-40,At Risk
S0294,2025,2,31-40,In Progress
S0294,2025,2,31-40,In Progress
S0294,2025,2,31-40,At Risk
S0294,2025,2,31-40,At Risk
S0294,2025,2,31-40,At Risk
S0294,2025,2,31-40,At Risk
S0294,2025,2,31-40,At Risk
S0294,2025,2,31-40,Completed
S0294,2025,2,31-40,Completed
S0294,2025,2,31-40,At Risk
S0294,2025,2,31-40,At Risk
S0294,2025,2,31-40,At Risk
S0294,2025,2,31-40,At Risk
S0294,2025,2,31-40,At Risk
S0295,2024,3,20-30,At Risk
S0295,2024,3,20-30,At Risk
S0295,2024,3,20-30,At Risk
S0295,2024,3,20-30,At Risk
S0295,2024,3,20-30,At Risk
S0295,2024,3,20-30,At Risk
S0295,2024,3,20-30,At Risk
S0295,2024,3,20-30,At Risk
S0295,2024,3,20-30,At Risk
S0295,2024,3,20-30,At Risk
S0295,2024,3,20-30,At Risk
S0295,2024,3,20-30,At Risk
S0295,2024,3,20-30,In Progress
S0295,2024,3,20-30,In Progress
S0295,2024,3,20-30,In Progress
S0295,2024,3,20-30,In Progress
S0295,2024,3,20-30,At Risk
S0295,2024,3,20-30,At Risk
S0296,2024,6,20-30,In Progress
S0296,2024,6,20-30,In Progress
S0296,2024,6,20-30,In Progress
S0296,2024,6,20-30,In Progress
S0296,2024,6,20-30,At Risk
S0296,2024,6,20-30,At Risk
S0296,2024,6,20-30,At Risk
S0296,2024,6,20-30,In Progress
S0296,2024,6,20-30,In Progress
S0296,2024,6,20-30,In Progress
S0296,2024,6,20-30,In Progress
S0296,2024,6,20-30,In Progress
S0296,2024,6,20-30,At Risk
S0296,2024,6,20-30,At Risk
S0297,2024,11,40+,In Progress
S0297,2024,11,40+,In Progress
S0297,2024,11,40+,In Progress
S0297,2024,11,40+,In Progress
S0297,2024,11,40+,In Progress
S0297,2024,11,40+,In Progress
S0297,2024,11,40+,At Risk
S0297,2024,11,40+,At Risk
S0297,2024,11,40+,At Risk
S0297,2024,11,40+,At Risk
S0297,2024,11,40+,At Risk
S0297,2024,11,40+,At Risk
S0297,2024,11,40+,At Risk
S0297,2024,11,40+,At Risk
S0298,2023,7,40+,In Progress
S0298,2023,7,40+,In Progress
S0298,2023,7,40+,At Risk
S0298,2023,7,40+,At Risk
S0298,2023,7,40+,At Risk
S0298,2023,7,40+,In Progress
S0298,2023,7,40+,In Progress
S0298,2023,7,40+,At Risk
S0298,2023,7,40+,At Risk
S0298,2023,7,40+,At Risk
S0298,2023,7,40+,At Risk
S0299,2023,12,Under 20,At Risk
S0299,2023,12,Under 20,At Risk
S0299,2023,12,Under 20,At Risk
S0299,2023,12,Under 20,At Risk
S0299,2023,12,Under 20,At Risk
S0299,2023,12,Under 20,In Progress
S0299,2023,12,Under 20,In Progress
S0299,2023,12,Under 20,In Progress
S0299,2023,12,Under 20,In Progress
S0299,2023,12,Under 20,In Progress
S0299,2023,12,Under 20,In Progress
S0299,2023,12,Under 20,In Progress
S0299,2023,12,Under 20,In Progress
S0299,2023,12,Under 20,In Progress
S0299,2023,12,Under 20,In Progress
S0299,2023,12,Under 20,In Progress
S0299,2023,12,Under 20,At Risk
S0299,2023,12,Under 20,At Risk
S0299,2023,12,Under 20,At Risk
S0300,2023,7,31-40,At Risk
S0300,2023,7,31-40,At Risk
S0300,2023,7,31-40,At Risk
S0300,2023,7,31-40,At Risk
S0300,2023,7,31-40,In Progress
S0300,2023,7,31-40,In Progress
S0300,2023,7,31-40,In Progress
S0300,2023,7,31-40,In Progress
S0301,2024,2,Under 20,In Progress
S0301,2024,2,Under 20,In Progress
S0301,2024,2,Under 20,In Progress
S0301,2024,2,Under 20,In Progress
S0301,2024,2,Under 20,In Progress
S0301,2024,2,Under 20,In Progress
S0301,2024,2,Under 20,In Progress
S0301,2024,2,Under 20,At Risk
S0301,2024,2,Under 20,At Risk
S0301,2024,2,Under 20,At Risk
S0301,2024,2,Under 20,At Risk
S0301,2024,2,Under 20,At Risk
S0302,2024,7,31-40,At Risk
S0302,2024,7,31-40,At Risk
S0302,2024,7,31-40,At Risk
S0302,2024,7,31-40,At Risk
S0302,2024,7,31-40,At Risk
S0302,2024,7,31-40,At Risk
S0302,2024,7,31-40,At Risk
S0302,2024,7,31-40,In Progress
S0302,2024,7,31-40,In Progress
S0302,2024,7,31-40,In Progress
S0302,2024,7,31-40,In Progress
S0302,2024,7,31-40,In Progress
S0302,2024,7,31-40,In Progress
S0303,2023,6,Under 20,In Progress
S0303,2023,6,Under 20,In Progress
S0303,2023,6,Under 20,At Risk
S0303,2023,6,Under 20,At Risk
S0303,2023,6,Under 20,At Risk
S0304,2024,4,31-40,At Risk
S0304,2024,4,31-40,At Risk
S0304,2024,4,31-40,In Progress
S0304,2024,4,31-40,In Progress
S0304,2024,4,31-40,In Progress
S0304,2024,4,31-40,In Progress
S0304,2024,4,31-40,At Risk
S0304,2024,4,31-40,At Risk
S0304,2024,4,31-40,At Risk
S0304,2024,4,31-40,In Progress
S0304,2024,4,31-40,In Progress
S0304,2024,4,31-40,In Progress
S0304,2024,4,31-40,In Progress
S0304,2024,4,31-40,In Progress
S0304,2024,4,31-40,In Progress
S0304,2024,4,31-40,In Progress
S0304,2024,4,31-40,In Progress
S0304,2024,4,31-40,In Progress
S0304,2024,4,31-40,In Progress
S0305,2023,12,20-30,In Progress
S0305,2023,12,20-30,In Progress
S0305,2023,12,20-30,In Progress
S0305,2023,12,20-30,At Risk
S0305,2023,12,20-30,At Risk
S0305,2023,12,20-30,At Risk
S0305,2023,12,20-30,At Risk
S0305,2023,12,20-30,At Risk
S0305,2023,12,20-30,At Risk
S0305,2023,12,20-30,At Risk
S0306,2024,3,31-40,In Progress
S0306,2024,3,31-40,In Progress
S0306,2024,3,31-40,In Progress
S0306,2024,3,31-40,In Progress
S0306,2024,3,31-40,In Progress
S0306,2024,3,31-40,In Progress
S0306,2024,3,31-40,In Progress
S0306,2024,3,31-40,In Progress
S0306,2024,3,31-40,At Risk
S0306,2024,3,31-40,At Risk
S0306,2024,3,31-40,In Progress
S0306,2024,3,31-40,In Progress
S0306,2024,3,31-40,In Progress
S0306,2024,3,31-40,In Progress
S0306,2024,3,31-40,At Risk
S0306,2024,3,31-40,At Risk
S0306,2024,3,31-40,At Risk
S0306,2024,3,31-40,At Risk
S0306,2024,3,31-40,At Risk
S0307,2025,3,20-30,At Risk
S0307,2025,3,20-30,At Risk
S0307,2025,3,20-30,At Risk
S0307,2025,3,20-30,At Risk
S0307,2025,3,20-30,At Risk
S0307,2025,3,20-30,At Risk
S0307,2025,3,20-30,At Risk
S0307,2025,3,20-30,At Risk
S0307,2025,3,20-30,At Risk
S0307,2025,3,20-30,At Risk
S0307,2025,3,20-30,At Risk
S0307,2025,3,20-30,In Progress
S0307,2025,3,20-30,In Progress
S0307,2025,3,20-30,In Progress
S0307,2025,3,20-30,In Progress
S0307,2025,3,20-30,In Progress
S0307,2025,3,20-30,In Progress
S0307,2025,3,20-30,In Progress
S0308,2024,2,40+,In Progress
S0308,2024,2,40+,In Progress
S0308,2024,2,40+,At Risk
S0308,2024,2,40+,At Risk
S0308,2024,2,40+,At Risk
S0308,2024,2,40+,At Risk
S0308,2024,2,40+,At Risk
S0308,2024,2,40+,In Progress
S0308,2024,2,40+,In Progress
S0308,2024,2,40+,In Progress
S0308,2024,2,40+,In Progress
S0308,2024,2,40+,In Progress
S0308,2024,2,40+,In Progress
S0308,2024,2,40+,In Progress
S0308,2024,2,40+,In Progress
S0308,2024,2,40+,In Progress
S0309,2023,4,20-30,At Risk
S0309,2023,4,20-30,At Risk
S0309,2023,4,20-30,At Risk
S0309,2023,4,20-30,At Risk
S0309,2023,4,20-30,In Progress
S0309,2023,4,20-30,In Progress
S0309,2023,4,20-30,In Progress
S0309,2023,4,20-30,In Progress
S0309,2023,4,20-30,In Progress
S0309,2023,4,20-30,In Progress
S0309,2023,4,20-30,At Risk
S0309,2023,4,20-30,At Risk
S0309,2023,4,20-30,At Risk
S0309,2023,4,20-30,At Risk
S0309,2023,4,20-30,At Risk
S0309,2023,4,20-30,At Risk
S0309,2023,4,20-30,At Risk
S0310,2024,9,40+,In Progress
S0310,2024,9,40+,In Progress
S0310,2024,9,40+,In Progress
S0310,2024,9,40+,In Progress
S0310,2024,9,40+,In Progress
S0310,2024,9,40+,In Progress
S0310,2024,9,40+,In Progress
S0310,2024,9,40+,In Progress
S0310,2024,9,40+,In Progress
S0310,2024,9,40+,In Progress
S0310,2024,9,40+,In Progress
S0310,2024,9,40+,In Progress
S0311,2024,5,20-30,In Progress
S0311,2024,5,20-30,In Progress
S0311,2024,5,20-30,In Progress
S0311,2024,5,20-30,In Progress
S0311,2024,5,20-30,In Progress
S0311,2024,5,20-30,In Progress
S0311,2024,5,20-30,In Progress
S0311,2024,5,20-30,In Progress
S0311,2024,5,20-30,In Progress
S0311,2024,5,20-30,In Progress
S0311,2024,5,20-30,At Risk
S0311,2024,5,20-30,At Risk
S0311,2024,5,20-30,At Risk
S0311,2024,5,20-30,At Risk
S0312,2023,6,20-30,At Risk
S0312,2023,6,20-30,At Risk
S0312,2023,6,20-30,At Risk
S0312,2023,6,20-30,At Risk
S0312,2023,6,20-30,At Risk
S0312,2023,6,20-30,At Risk
S0312,2023,6,20-30,At Risk
S0312,2023,6,20-30,At Risk
S0312,2023,6,20-30,At Risk
S0312,2023,6,20-30,At Risk
S0312,2023,6,20-30,At Risk
S0312,2023,6,20-30,At Risk
S0312,2023,6,20-30,At Risk
S0312,2023,6,20-30,At Risk
S0312,2023,6,20-30,At Risk
S0312,2023,6,20-30,At Risk
S0313,2024,12,31-40,At Risk
S0313,2024,12,31-40,At Risk
S0313,2024,12,31-40,At Risk
S0313,2024,12,31-40,At Risk
S0313,2024,12,31-40,At Risk
S0313,2024,12,31-40,At Risk
S0314,2023,11,20-30,At Risk
S0314,2023,11,20-30,At Risk
S0314,2023,11,20-30,At Risk
S0314,2023,11,20-30,At Risk
S0314,2023,11,20-30,At Risk
S0314,2023,11,20-30,At Risk
S0314,2023,11,20-30,At Risk
S0314,2023,11,20-30,In Progress
S0314,2023,11,20-30,In Progress
S0314,2023,11,20-30,In Progress
S0314,2023,11,20-30,At Risk
S0314,2023,11,20-30,At Risk
S0315,2023,7,40+,At Risk
S0315,2023,7,40+,At Risk
S0315,2023,7,40+,At Risk
S0315,2023,7,40+,At Risk
S0315,2023,7,40+,At Risk
S0315,2023,7,40+,In Progress
S0315,2023,7,40+,In Progress
S0315,2023,7,40+,In Progress
S0315,2023,7,40+,In Progress
S0315,2023,7,40+,In Progress
S0315,2023,7,40+,In Progress
S0315,2023,7,40+,In Progress
S0315,2023,7,40+,In Progress
S0315,2023,7,40+,In Progress
S0315,2023,7,40+,In Progress
S0316,2025,2,20-30,At Risk
S0316,2025,2,20-30,At Risk
S0316,2025,2,20-30,At Risk
S0316,2025,2,20-30,At Risk
S0316,2025,2,20-30,At Risk
S0316,2025,2,20-30,At Risk
S0316,2025,2,20-30,In Progress
S0316,2025,2,20-30,In Progress
S0316,2025,2,20-30,In Progress
S0316,2025,2,20-30,In Progress
S0317,2023,1,31-40,In Progress
S0317,2023,1,31-40,In Progress
S0317,2023,1,31-40,At Risk
S0317,2023,1,31-40,At Risk
S0317,2023,1,31-40,At Risk
S0317,2023,1,31-40,Completed
S0317,2023,1,31-40,Completed
S0317,2023,1,31-40,Completed
S0317,2023,1,31-40,Completed
S0317,2023,1,31-40,Completed
S0317,2023,1,31-40,At Risk
S0317,2023,1,31-40,At Risk
S0317,2023,1,31-40,At Risk
S0317,2023,1,31-40,At Risk
S0317,2023,1,31-40,At Risk
S0317,2023,1,31-40,At Risk
S0317,2023,1,31-40,At Risk
S0317,2023,1,31-40,At Risk
S0318,2024,5,31-40,In Progress
S0318,2024,5,31-40,In Progress
S0318,2024,5,31-40,At Risk
S0318,2024,5,31-40,At Risk
S0318,2024,5,31-40,At Risk
S0318,2024,5,31-40,In Progress
S0318,2024,5,31-40,In Progress
S0318,2024,5,31-40,In Progress
S0318,2024,5,31-40,In Progress
S0318,2024,5,31-40,In Progress
S0318,2024,5,31-40,In Progress
S0318,2024,5,31-40,At Risk
S0318,2024,5,31-40,At Risk
S0318,2024,5,31-40,At Risk
S0318,2024,5,31-40,At Risk
S0319,2023,3,Under 20,In Progress
S0319,2023,3,Under 20,In Progress
S0319,2023,3,Under 20,In Progress
S0319,2023,3,Under 20,In Progress
S0319,2023,3,Under 20,In Progress
S0319,2023,3,Under 20,In Progress
S0319,2023,3,Under 20,In Progress
S0319,2023,3,Under 20,In Progress
S0319,2023,3,Under 20,In Progress
S0319,2023,3,Under 20,In Progress
S0319,2023,3,Under 20,In Progress
S0319,2023,3,Under 20,In Progress
S0319,2023,3,Under 20,In Progress
S0319,2023,3,Under 20,In Progress
S0319,2023,3,Under 20,In Progress
S0319,2023,3,Under 20,In Progress
S0320,2023,5,40+,At Risk
S0320,2023,5,40+,At Risk
S0320,2023,5,40+,At Risk
S0320,2023,5,40+,At Risk
S0320,2023,5,40+,At Risk
S0320,2023,5,40+,At Risk
S0320,2023,5,40+,In Progress
S0320,2023,5,40+,In Progress
S0320,2023,5,40+,In Progress
S0321,2025,2,20-30,In Progress
S0321,2025,2,20-30,In Progress
S0321,2025,2,20-30,In Progress
S0321,2025,2,20-30,In Progress
S0321,2025,2,20-30,At Risk
S0321,2025,2,20-30,At Risk
S0321,2025,2,20-30,At Risk
S0321,2025,2,20-30,At Risk
S0321,2025,2,20-30,In Progress
S0321,2025,2,20-30,In Progress
S0321,2025,2,20-30,In Progress
S0321,2025,2,20-30,In Progress
S0322,2025,4,40+,In Progress
S0322,2025,4,40+,In Progress
S0322,2025,4,40+,In Progress
S0322,2025,4,40+,In Progress
S0322,2025,4,40+,In Progress
S0322,2025,4,40+,In Progress
S0322,2025,4,40+,In Progress
S0322,2025,4,40+,In Progress
S0322,2025,4,40+,In Progress
S0322,2025,4,40+,In Progress
S0322,2025,4,40+,In Progress
S0322,2025,4,40+,In Progress
S0322,2025,4,40+,In Progress
S0322,2025,4,40+,In Progress
S0322,2025,4,40+,In Progress
S0322,2025,4,40+,In Progress
S0322,2025,4,40+,In Progress
S0323,2025,3,20-30,At Risk
S0323,2025,3,20-30,At Risk
S0323,2025,3,20-30,At Risk
S0323,2025,3,20-30,At Risk
S0323,2025,3,20-30,At Risk
S0323,2025,3,20-30,At Risk
S0323,2025,3,20-30,At Risk
S0323,2025,3,20-30,In Progress
S0323,2025,3,20-30,In Progress
S0323,2025,3,20-30,In Progress
S0323,2025,3,20-30,In Progress
S0324,2024,6,40+,In Progress
S0324,2024,6,40+,In Progress
S0324,2024,6,40+,In Progress
S0324,2024,6,40+,In Progress
S0324,2024,6,40+,In Progress
S0324,2024,6,40+,In Progress
S0325,2025,1,Under 20,In Progress
S0325,2025,1,Under 20,In Progress
S0325,2025,1,Under 20,In Progress
S0325,2025,1,Under 20,In Progress
S0325,2025,1,Under 20,In Progress
S0325,2025,1,Under 20,In Progress
S0325,2025,1,Under 20,At Risk
S0325,2025,1,Under 20,At Risk
S0325,2025,1,Under 20,At Risk
S0325,2025,1,Under 20,At Risk
S0325,2025,1,Under 20,At Risk
S0326,2025,2,40+,At Risk
S0326,2025,2,40+,At Risk
S0326,2025,2,40+,At Risk
S0326,2025,2,40+,In Progress
S0326,2025,2,40+,In Progress
S0326,2025,2,40+,In Progress
S0326,2025,2,40+,At Risk
S0326,2025,2,40+,At Risk
S0326,2025,2,40+,In Progress
S0326,2025,2,40+,In Progress
S0326,2025,2,40+,In Progress
S0326,2025,2,40+,In Progress
S0326,2025,2,40+,At Risk
S0326,2025,2,40+,At Risk
S0327,2023,6,40+,In Progress
S0327,2023,6,40+,In Progress
S0327,2023,6,40+,In Progress
S0327,2023,6,40+,In Progress
S0327,2023,6,40+,In Progress
S0327,2023,6,40+,In Progress
S0327,2023,6,40+,In Progress
S0327,2023,6,40+,In Progress
S0327,2023,6,40+,In Progress
S0327,2023,6,40+,In Progress
S0327,2023,6,40+,At Risk
S0327,2023,6,40+,At Risk
S0327,2023,6,40+,At Risk
S0327,2023,6,40+,At Risk
S0327,2023,6,40+,At Risk
S0327,2023,6,40+,At Risk
S0327,2023,6,40+,At Risk
S0328,2023,9,31-40,At Risk
S0328,2023,9,31-40,At Risk
S0328,2023,9,31-40,At Risk
S0328,2023,9,31-40,At Risk
S0328,2023,9,31-40,At Risk
S0328,2023,9,31-40,At Risk
S0328,2023,9,31-40,At Risk
S0328,2023,9,31-40,At Risk
S0328,2023,9,31-40,At Risk
S0328,2023,9,31-40,At Risk
S0328,2023,9,31-40,In Progress
S0328,2023,9,31-40,In Progress
S0328,2023,9,31-40,In Progress
S0328,2023,9,31-40,In Progress
S0328,2023,9,31-40,In Progress
S0328,2023,9,31-40,At Risk
S0328,2023,9,31-40,At Risk
S0328,2023,9,31-40,At Risk
S0328,2023,9,31-40,At Risk
S0328,2023,9,31-40,At Risk
S0328,2023,9,31-40,At Risk
S0328,2023,9,31-40,At Risk
S0329,2024,9,20-30,In Progress
S0329,2024,9,20-30,In Progress
S0329,2024,9,20-30,In Progress
S0329,2024,9,20-30,In Progress
S0329,2024,9,20-30,In Progress
S0329,2024,9,20-30,At Risk
S0329,2024,9,20-30,At Risk
S0329,2024,9,20-30,At Risk
S0329,2024,9,20-30,At Risk
S0329,2024,9,20-30,At Risk
S0329,2024,9,20-30,At Risk
S0329,2024,9,20-30,At Risk
S0329,2024,9,20-30,At Risk
S0329,2024,9,20-30,At Risk
S0329,2024,9,20-30,In Progress
S0329,2024,9,20-30,In Progress
S0329,2024,9,20-30,In Progress
S0329,2024,9,20-30,In Progress
S0329,2024,9,20-30,In Progress
S0330,2025,3,40+,In Progress
S0330,2025,3,40+,In Progress
S0330,2025,3,40+,At Risk
S0330,2025,3,40+,At Risk
S0330,2025,3,40+,At Risk
S0330,2025,3,40+,At Risk
S0330,2025,3,40+,At Risk
S0330,2025,3,40+,At Risk
S0330,2025,3,40+,At Risk
S0331,2024,6,40+,At Risk
S0331,2024,6,40+,At Risk
S0331,2024,6,40+,At Risk
S0331,2024,6,40+,At Risk
S0331,2024,6,40+,At Risk
S0331,2024,6,40+,At Risk
S0331,2024,6,40+,At Risk
S0331,2024,6,40+,At Risk
S0331,2024,6,40+,At Risk
S0331,2024,6,40+,At Risk
S0331,2024,6,40+,In Progress
S0331,2024,6,40+,In Progress
S0331,2024,6,40+,In Progress
S0331,2024,6,40+,At Risk
S0331,2024,6,40+,At Risk
S0331,2024,6,40+,At Risk
S0331,2024,6,40+,At Risk
S0332,2025,2,31-40,In Progress
S0332,2025,2,31-40,In Progress
S0332,2025,2,31-40,In Progress
S0332,2025,2,31-40,In Progress
S0332,2025,2,31-40,At Risk
S0332,2025,2,31-40,At Risk
S0332,2025,2,31-40,At Risk
S0332,2025,2,31-40,At Risk
S0332,2025,2,31-40,At Risk
S0332,2025,2,31-40,At Risk
S0332,2025,2,31-40,In Progress
S0332,2025,2,31-40,In Progress
S0332,2025,2,31-40,In Progress
S0332,2025,2,31-40,In Progress
S0333,2024,4,40+,In Progress
S0333,2024,4,40+,In Progress
S0333,2024,4,40+,In Progress
S0333,2024,4,40+,In Progress
S0333,2024,4,40+,In Progress
S0333,2024,4,40+,At Risk
S0333,2024,4,40+,At Risk
S0333,2024,4,40+,At Risk
S0333,2024,4,40+,At Risk
S0333,2024,4,40+,At Risk
S0333,2024,4,40+,At Risk
S0333,2024,4,40+,At Risk
S0333,2024,4,40+,At Risk
S0334,2025,5,40+,In Progress
S0334,2025,5,40+,In Progress
S0334,2025,5,40+,In Progress
S0334,2025,5,40+,In Progress
S0334,2025,5,40+,At Risk
S0334,2025,5,40+,At Risk
S0334,2025,5,40+,At Risk
S0334,2025,5,40+,In Progress
S0334,2025,5,40+,In Progress
S0334,2025,5,40+,In Progress
S0334,2025,5,40+,At Risk
S0334,2025,5,40+,At Risk
S0334,2025,5,40+,At Risk
S0334,2025,5,40+,At Risk
S0335,2024,7,20-30,In Progress
S0335,2024,7,20-30,In Progress
S0335,2024,7,20-30,In Progress
S0335,2024,7,20-30,In Progress
S0335,2024,7,20-30,In Progress
S0335,2024,7,20-30,In Progress
S0335,2024,7,20-30,In Progress
S0335,2024,7,20-30,In Progress
S0335,2024,7,20-30,At Risk
S0335,2024,7,20-30,At Risk
S0335,2024,7,20-30,At Risk
S0335,2024,7,20-30,At Risk
S0335,2024,7,20-30,In Progress
S0335,2024,7,20-30,In Progress
S0336,2024,10,31-40,In Progress
S0336,2024,10,31-40,In Progress
S0336,2024,10,31-40,In Progress
S0336,2024,10,31-40,In Progress
S0336,2024,10,31-40,In Progress
S0336,2024,10,31-40,In Progress
S0336,2024,10,31-40,In Progress
S0336,2024,10,31-40,In Progress
S0337,2023,9,40+,In Progress
S0337,2023,9,40+,In Progress
S0337,2023,9,40+,In Progress
S0337,2023,9,40+,In Progress
S0337,2023,9,40+,In Progress
S0337,2023,9,40+,In Progress
S0337,2023,9,40+,In Progress
S0337,2023,9,40+,In Progress
S0338,2025,3,20-30,In Progress
S0338,2025,3,20-30,In Progress
S0338,2025,3,20-30,In Progress
S0338,2025,3,20-30,At Risk
S0338,2025,3,20-30,At Risk
S0339,2025,1,31-40,At Risk
S0339,2025,1,31-40,At Risk
S0339,2025,1,31-40,At Risk
S0339,2025,1,31-40,At Risk
S0339,2025,1,31-40,In Progress
S0339,2025,1,31-40,In Progress
S0339,2025,1,31-40,In Progress
S0339,2025,1,31-40,In Progress
S0339,2025,1,31-40,At Risk
S0339,2025,1,31-40,At Risk
S0339,2025,1,31-40,At Risk
S0340,2025,1,Under 20,At Risk
S0340,2025,1,Under 20,At Risk
S0340,2025,1,Under 20,At Risk
S0340,2025,1,Under 20,At Risk
S0340,2025,1,Under 20,At Risk
S0341,2023,6,20-30,In Progress
S0341,2023,6,20-30,In Progress
S0341,2023,6,20-30,In Progress
S0341,2023,6,20-30,In Progress
S0341,2023,6,20-30,In Progress
S0341,2023,6,20-30,In Progress
S0341,2023,6,20-30,In Progress
S0341,2023,6,20-30,In Progress
S0341,2023,6,20-30,In Progress
S0342,2023,5,31-40,In Progress
S0342,2023,5,31-40,In Progress
S0342,2023,5,31-40,In Progress
S0342,2023,5,31-40,In Progress
S0342,2023,5,31-40,In Progress
S0342,2023,5,31-40,At Risk
S0342,2023,5,31-40,At Risk
S0342,2023,5,31-40,At Risk
S0342,2023,5,31-40,At Risk
S0342,2023,5,31-40,At Risk
S0342,2023,5,31-40,In Progress
S0342,2023,5,31-40,In Progress
S0342,2023,5,31-40,In Progress
S0342,2023,5,31-40,In Progress
S0342,2023,5,31-40,In Progress
S0342,2023,5,31-40,At Risk
S0342,2023,5,31-40,At Risk
S0342,2023,5,31-40,At Risk
S0342,2023,5,31-40,At Risk
S0342,2023,5,31-40,At Risk
S0343,2024,4,31-40,At Risk
S0343,2024,4,31-40,At Risk
S0343,2024,4,31-40,At Risk
S0343,2024,4,31-40,At Risk
S0343,2024,4,31-40,In Progress
S0343,2024,4,31-40,In Progress
S0343,2024,4,31-40,In Progress
S0343,2024,4,31-40,In Progress
S0343,2024,4,31-40,In Progress
S0343,2024,4,31-40,At Risk
S0343,2024,4,31-40,At Risk
S0343,2024,4,31-40,In Progress
S0343,2024,4,31-40,In Progress
S0344,2024,10,40+,Completed
S0344,2024,10,40+,Completed
S0344,2024,10,40+,Completed
S0344,2024,10,40+,Completed
S0344,2024,10,40+,Completed
S0344,2024,10,40+,In Progress
S0344,2024,10,40+,In Progress
S0344,2024,10,40+,In Progress
S0344,2024,10,40+,In Progress
S0344,2024,10,40+,In Progress
S0344,2024,10,40+,In Progress
S0344,2024,10,40+,In Progress
S0344,2024,10,40+,In Progress
S0344,2024,10,40+,In Progress
S0344,2024,10,40+,In Progress
S0344,2024,10,40+,In Progress
S0344,2024,10,40+,In Progress
S0344,2024,10,40+,At Risk
S0344,2024,10,40+,At Risk
S0344,2024,10,40+,At Risk
S0344,2024,10,40+,At Risk
S0345,2023,11,20-30,In Progress
S0345,2023,11,20-30,In Progress
S0345,2023,11,20-30,In Progress
S0345,2023,11,20-30,In Progress
S0345,2023,11,20-30,In Progress
S0345,2023,11,20-30,In Progress
S0345,2023,11,20-30,In Progress
S0345,2023,11,20-30,In Progress
S0345,2023,11,20-30,In Progress
S0345,2023,11,20-30,In Progress
S0346,2024,9,40+,In Progress
S0346,2024,9,40+,In Progress
S0346,2024,9,40+,In Progress
S0346,2024,9,40+,In Progress
S0346,2024,9,40+,In Progress
S0346,2024,9,40+,In Progress
S0346,2024,9,40+,In Progress
S0346,2024,9,40+,In Progress
S0346,2024,9,40+,In Progress
S0346,2024,9,40+,At Risk
S0346,2024,9,40+,At Risk
S0346,2024,9,40+,At Risk
S0346,2024,9,40+,At Risk
S0346,2024,9,40+,At Risk
S0346,2024,9,40+,At Risk
S0346,2024,9,40+,At Risk
S0346,2024,9,40+,At Risk
S0346,2024,9,40+,At Risk
S0346,2024,9,40+,At Risk
S0346,2024,9,40+,At Risk
S0346,2024,9,40+,At Risk
S0347,2024,9,20-30,Completed
S0347,2024,9,20-30,Completed
S0347,2024,9,20-30,Completed
S0347,2024,9,20-30,Completed
S0347,2024,9,20-30,At Risk
S0347,2024,9,20-30,At Risk
S0347,2024,9,20-30,At Risk
S0348,2023,10,20-30,In Progress
S0348,2023,10,20-30,In Progress
S0348,2023,10,20-30,In Progress
S0348,2023,10,20-30,In Progress
S0348,2023,10,20-30,In Progress
S0348,2023,10,20-30,In Progress
S0348,2023,10,20-30,In Progress
S0348,2023,10,20-30,In Progress
S0348,2023,10,20-30,In Progress
S0348,2023,10,20-30,In Progress
S0348,2023,10,20-30,In Progress
S0348,2023,10,20-30,In Progress
S0348,2023,10,20-30,In Progress
S0349,2024,8,20-30,In Progress
S0349,2024,8,20-30,In Progress
S0349,2024,8,20-30,In Progress
S0349,2024,8,20-30,In Progress
S0349,2024,8,20-30,In Progress
S0349,2024,8,20-30,At Risk
S0349,2024,8,20-30,At Risk
S0349,2024,8,20-30,At Risk
S0349,2024,8,20-30,In Progress
S0349,2024,8,20-30,In Progress
S0349,2024,8,20-30,In Progress
S0349,2024,8,20-30,In Progress
S0349,2024,8,20-30,In Progress
S0349,2024,8,20-30,In Progress
S0349,2024,8,20-30,In Progress
S0350,2025,1,20-30,At Risk
S0350,2025,1,20-30,At Risk
S0350,2025,1,20-30,At Risk
S0350,2025,1,20-30,At Risk
S0350,2025,1,20-30,At Risk
S0350,2025,1,20-30,At Risk
S0351,2024,11,31-40,In Progress
S0351,2024,11,31-40,In Progress
S0351,2024,11,31-40,In Progress
S0351,2024,11,31-40,At Risk
S0351,2024,11,31-40,At Risk
S0351,2024,11,31-40,In Progress
S0351,2024,11,31-40,In Progress
S0351,2024,11,31-40,In Progress
S0351,2024,11,31-40,In Progress
S0351,2024,11,31-40,In Progress
S0351,2024,11,31-40,At Risk
S0351,2024,11,31-40,At Risk
S0351,2024,11,31-40,At Risk
S0351,2024,11,31-40,In Progress
S0351,2024,11,31-40,In Progress
S0351,2024,11,31-40,In Progress
S0351,2024,11,31-40,In Progress
S0352,2023,5,20-30,At Risk
S0352,2023,5,20-30,At Risk
S0352,2023,5,20-30,At Risk
S0352,2023,5,20-30,At Risk
S0352,2023,5,20-30,At Risk
S0352,2023,5,20-30,At Risk
S0352,2023,5,20-30,At Risk
S0352,2023,5,20-30,At Risk
S0352,2023,5,20-30,At Risk
S0352,2023,5,20-30,In Progress
S0352,2023,5,20-30,In Progress
S0352,2023,5,20-30,In Progress
S0352,2023,5,20-30,In Progress
S0352,2023,5,20-30,In Progress
S0352,2023,5,20-30,In Progress
S0352,2023,5,20-30,In Progress
S0352,2023,5,20-30,At Risk
S0352,2023,5,20-30,At Risk
S0352,2023,5,20-30,At Risk
S0353,2024,4,31-40,At Risk
S0353,2024,4,31-40,At Risk
S0353,2024,4,31-40,At Risk
S0353,2024,4,31-40,At Risk
S0353,2024,4,31-40,At Risk
S0353,2024,4,31-40,In Progress
S0353,2024,4,31-40,In Progress
S0354,2024,10,Under 20,In Progress
S0354,2024,10,Under 20,In Progress
S0354,2024,10,Under 20,In Progress
S0354,2024,10,Under 20,At Risk
S0354,2024,10,Under 20,At Risk
S0354,2024,10,Under 20,At Risk
S0355,2023,6,Under 20,At Risk
S0355,2023,6,Under 20,At Risk
S0355,2023,6,Under 20,At Risk
S0355,2023,6,Under 20,At Risk
S0355,2023,6,Under 20,At Risk
S0355,2023,6,Under 20,At Risk
S0355,2023,6,Under 20,At Risk
S0355,2023,6,Under 20,At Risk
S0355,2023,6,Under 20,At Risk
S0355,2023,6,Under 20,At Risk
S0355,2023,6,Under 20,At Risk
S0355,2023,6,Under 20,At Risk
S0356,2023,8,20-30,In Progress
S0356,2023,8,20-30,In Progress
S0356,2023,8,20-30,At Risk
S0356,2023,8,20-30,At Risk
S0356,2023,8,20-30,At Risk
S0356,2023,8,20-30,At Risk
S0356,2023,8,20-30,At Risk
S0356,2023,8,20-30,In Progress
S0356,2023,8,20-30,In Progress
S0356,2023,8,20-30,At Risk
S0356,2023,8,20-30,At Risk
S0356,2023,8,20-30,At Risk
S0357,2023,2,40+,At Risk
S0357,2023,2,40+,At Risk
S0357,2023,2,40+,At Risk
S0357,2023,2,40+,At Risk
S0357,2023,2,40+,At Risk
S0357,2023,2,40+,At Risk
S0357,2023,2,40+,At Risk
S0357,2023,2,40+,In Progress
S0357,2023,2,40+,In Progress
S0358,2023,11,20-30,At Risk
S0358,2023,11,20-30,At Risk
S0358,2023,11,20-30,In Progress
S0358,2023,11,20-30,In Progress
S0358,2023,11,20-30,In Progress
S0358,2023,11,20-30,In Progress
S0358,2023,11,20-30,At Risk
S0358,2023,11,20-30,At Risk
S0358,2023,11,20-30,At Risk
S0359,2025,2,20-30,At Risk
S0359,2025,2,20-30,At Risk
S0359,2025,2,20-30,At Risk
S0359,2025,2,20-30,At Risk
S0359,2025,2,20-30,At Risk
S0359,2025,2,20-30,At Risk
S0359,2025,2,20-30,At Risk
S0360,2025,4,20-30,At Risk
S0360,2025,4,20-30,At Risk
S0360,2025,4,20-30,At Risk
S0360,2025,4,20-30,At Risk
S0360,2025,4,20-30,At Risk
S0360,2025,4,20-30,At Risk
S0360,2025,4,20-30,At Risk
S0360,2025,4,20-30,At Risk
S0360,2025,4,20-30,At Risk
S0360,2025,4,20-30,At Risk
S0360,2025,4,20-30,At Risk
S0360,2025,4,20-30,At Risk
S0360,2025,4,20-30,At Risk
S0360,2025,4,20-30,At Risk
S0360,2025,4,20-30,At Risk
S0361,2025,5,31-40,In Progress
S0361,2025,5,31-40,In Progress
S0361,2025,5,31-40,In Progress
S0361,2025,5,31-40,In Progress
S0361,2025,5,31-40,In Progress
S0361,2025,5,31-40,In Progress
S0361,2025,5,31-40,In Progress
S0361,2025,5,31-40,In Progress
S0361,2025,5,31-40,In Progress
S0361,2025,5,31-40,In Progress
S0361,2025,5,31-40,In Progress
S0361,2025,5,31-40,In Progress
S0361,2025,5,31-40,In Progress
S0362,2024,5,31-40,At Risk
S0362,2024,5,31-40,At Risk
S0362,2024,5,31-40,At Risk
S0362,2024,5,31-40,In Progress
S0362,2024,5,31-40,In Progress
S0362,2024,5,31-40,In Progress
S0362,2024,5,31-40,In Progress
S0362,2024,5,31-40,At Risk
S0362,2024,5,31-40,At Risk
S0362,2024,5,31-40,At Risk
S0363,2025,2,20-30,At Risk
S0363,2025,2,20-30,At Risk
S0363,2025,2,20-30,In Progress
S0363,2025,2,20-30,In Progress
S0363,2025,2,20-30,In Progress
S0363,2025,2,20-30,In Progress
S0363,2025,2,20-30,In Progress
S0363,2025,2,20-30,At Risk
S0363,2025,2,20-30,At Risk
S0363,2025,2,20-30,At Risk
S0363,2025,2,20-30,At Risk
S0363,2025,2,20-30,At Risk
S0364,2023,10,Under 20,In Progress
S0364,2023,10,Under 20,In Progress
S0364,2023,10,Under 20,In Progress
S0364,2023,10,Under 20,In Progress
S0364,2023,10,Under 20,At Risk
S0364,2023,10,Under 20,At Risk
S0364,2023,10,Under 20,At Risk
S0364,2023,10,Under 20,At Risk
S0364,2023,10,Under 20,In Progress
S0364,2023,10,Under 20,In Progress
S0364,2023,10,Under 20,In Progress
S0364,2023,10,Under 20,In Progress
S0364,2023,10,Under 20,In Progress
S0365,2024,6,31-40,At Risk
S0365,2024,6,31-40,At Risk
S0365,2024,6,31-40,At Risk
S0365,2024,6,31-40,At Risk
S0365,2024,6,31-40,At Risk
S0365,2024,6,31-40,At Risk
S0365,2024,6,31-40,At Risk
S0365,2024,6,31-40,At Risk
S0365,2024,6,31-40,At Risk
S0365,2024,6,31-40,At Risk
S0365,2024,6,31-40,In Progress
S0365,2024,6,31-40,In Progress
S0365,2024,6,31-40,In Progress
S0365,2024,6,31-40,In Progress
S0365,2024,6,31-40,In Progress
S0365,2024,6,31-40,At Risk
S0365,2024,6,31-40,At Risk
S0365,2024,6,31-40,At Risk
S0366,2023,2,20-30,At Risk
S0366,2023,2,20-30,At Risk
S0366,2023,2,20-30,At Risk
S0366,2023,2,20-30,In Progress
S0366,2023,2,20-30,In Progress
S0366,2023,2,20-30,In Progress
S0366,2023,2,20-30,In Progress
S0366,2023,2,20-30,In Progress
S0366,2023,2,20-30,In Progress
S0367,2023,12,40+,In Progress
S0367,2023,12,40+,In Progress
S0367,2023,12,40+,In Progress
S0367,2023,12,40+,In Progress
S0367,2023,12,40+,In Progress
S0367,2023,12,40+,In Progress
S0367,2023,12,40+,In Progress
S0367,2023,12,40+,In Progress
S0367,2023,12,40+,In Progress
S0367,2023,12,40+,In Progress
S0367,2023,12,40+,At Risk
S0367,2023,12,40+,At Risk
S0367,2023,12,40+,At Risk
S0367,2023,12,40+,At Risk
S0367,2023,12,40+,At Risk
S0367,2023,12,40+,At Risk
S0367,2023,12,40+,At Risk
S0367,2023,12,40+,At Risk
S0367,2023,12,40+,At Risk
S0367,2023,12,40+,At Risk
S0367,2023,12,40+,At Risk
S0367,2023,12,40+,At Risk
S0368,2025,3,20-30,At Risk
S0368,2025,3,20-30,At Risk
S0368,2025,3,20-30,At Risk
S0368,2025,3,20-30,At Risk
S0368,2025,3,20-30,At Risk
S0368,2025,3,20-30,At Risk
S0368,2025,3,20-30,At Risk
S0368,2025,3,20-30,At Risk
S0368,2025,3,20-30,At Risk
S0368,2025,3,20-30,At Risk
S0368,2025,3,20-30,At Risk
S0368,2025,3,20-30,At Risk
S0369,2024,12,20-30,In Progress
S0369,2024,12,20-30,In Progress
S0369,2024,12,20-30,In Progress
S0369,2024,12,20-30,In Progress
S0369,2024,12,20-30,In Progress
S0369,2024,12,20-30,In Progress
S0369,2024,12,20-30,In Progress
S0369,2024,12,20-30,In Progress
S0370,2024,12,40+,At Risk
S0370,2024,12,40+,At Risk
S0370,2024,12,40+,At Risk
S0370,2024,12,40+,In Progress
S0370,2024,12,40+,In Progress
S0370,2024,12,40+,In Progress
S0370,2024,12,40+,In Progress
S0370,2024,12,40+,In Progress
S0371,2025,6,Under 20,At Risk
S0371,2025,6,Under 20,At Risk
S0371,2025,6,Under 20,At Risk
S0371,2025,6,Under 20,In Progress
S0371,2025,6,Under 20,In Progress
S0371,2025,6,Under 20,In Progress
S0371,2025,6,Under 20,In Progress
S0371,2025,6,Under 20,In Progress
S0371,2025,6,Under 20,At Risk
S0371,2025,6,Under 20,At Risk
S0371,2025,6,Under 20,At Risk
S0371,2025,6,Under 20,At Risk
S0371,2025,6,Under 20,At Risk
S0371,2025,6,Under 20,At Risk
S0371,2025,6,Under 20,At Risk
S0371,2025,6,Under 20,At Risk
S0371,2025,6,Under 20,In Progress
S0371,2025,6,Under 20,In Progress
S0371,2025,6,Under 20,In Progress
S0371,2025,6,Under 20,In Progress
S0371,2025,6,Under 20,In Progress
S0372,2023,12,40+,In Progress
S0372,2023,12,40+,In Progress
S0372,2023,12,40+,At Risk
S0372,2023,12,40+,At Risk
S0372,2023,12,40+,In Progress
S0372,2023,12,40+,In Progress
S0372,2023,12,40+,In Progress
S0372,2023,12,40+,In Progress
S0372,2023,12,40+,In Progress
S0372,2023,12,40+,At Risk
S0372,2023,12,40+,At Risk
S0372,2023,12,40+,In Progress
S0372,2023,12,40+,In Progress
S0372,2023,12,40+,In Progress
S0372,2023,12,40+,In Progress
S0372,2023,12,40+,In Progress
S0373,2023,8,20-30,At Risk
S0373,2023,8,20-30,At Risk
S0373,2023,8,20-30,At Risk
S0373,2023,8,20-30,At Risk
S0373,2023,8,20-30,At Risk
S0373,2023,8,20-30,At Risk
S0373,2023,8,20-30,At Risk
S0373,2023,8,20-30,At Risk
S0373,2023,8,20-30,At Risk
S0373,2023,8,20-30,At Risk
S0373,2023,8,20-30,At Risk
S0373,2023,8,20-30,In Progress
S0373,2023,8,20-30,In Progress
S0373,2023,8,20-30,In Progress
S0373,2023,8,20-30,Completed
S0373,2023,8,20-30,Completed
S0373,2023,8,20-30,Completed
S0373,2023,8,20-30,Completed
S0373,2023,8,20-30,Completed
S0374,2023,6,Under 20,In Progress
S0374,2023,6,Under 20,In Progress
S0374,2023,6,Under 20,In Progress
S0374,2023,6,Under 20,In Progress
S0374,2023,6,Under 20,In Progress
S0374,2023,6,Under 20,In Progress
S0374,2023,6,Under 20,In Progress
S0375,2024,12,31-40,At Risk
S0375,2024,12,31-40,At Risk
S0375,2024,12,31-40,In Progress
S0375,2024,12,31-40,In Progress
S0375,2024,12,31-40,In Progress
S0375,2024,12,31-40,In Progress
S0375,2024,12,31-40,In Progress
S0375,2024,12,31-40,In Progress
S0375,2024,12,31-40,In Progress
S0375,2024,12,31-40,In Progress
S0375,2024,12,31-40,In Progress
S0375,2024,12,31-40,In Progress
S0375,2024,12,31-40,In Progress
S0375,2024,12,31-40,In Progress
S0376,2025,4,31-40,In Progress
S0376,2025,4,31-40,In Progress
S0376,2025,4,31-40,In Progress
S0376,2025,4,31-40,In Progress
S0376,2025,4,31-40,In Progress
S0376,2025,4,31-40,In Progress
S0376,2025,4,31-40,At Risk
S0376,2025,4,31-40,At Risk
S0376,2025,4,31-40,At Risk
S0376,2025,4,31-40,At Risk
S0376,2025,4,31-40,In Progress
S0376,2025,4,31-40,In Progress
S0376,2025,4,31-40,At Risk
S0376,2025,4,31-40,At Risk
S0377,2024,6,40+,In Progress
S0377,2024,6,40+,In Progress
S0377,2024,6,40+,In Progress
S0377,2024,6,40+,In Progress
S0377,2024,6,40+,In Progress
S0377,2024,6,40+,In Progress
S0377,2024,6,40+,In Progress
S0377,2024,6,40+,In Progress
S0377,2024,6,40+,At Risk
S0377,2024,6,40+,At Risk
S0377,2024,6,40+,At Risk
S0377,2024,6,40+,In Progress
S0377,2024,6,40+,In Progress
S0377,2024,6,40+,In Progress
S0377,2024,6,40+,In Progress
S0377,2024,6,40+,In Progress
S0377,2024,6,40+,In Progress
S0377,2024,6,40+,In Progress
S0378,2023,6,40+,In Progress
S0378,2023,6,40+,In Progress
S0378,2023,6,40+,In Progress
S0378,2023,6,40+,In Progress
S0378,2023,6,40+,In Progress
S0378,2023,6,40+,In Progress
S0378,2023,6,40+,In Progress
S0378,2023,6,40+,In Progress
S0378,2023,6,40+,In Progress
S0378,2023,6,40+,In Progress
S0378,2023,6,40+,At Risk
S0378,2023,6,40+,At Risk
S0378,2023,6,40+,At Risk
S0378,2023,6,40+,At Risk
S0378,2023,6,40+,At Risk
S0378,2023,6,40+,In Progress
S0378,2023,6,40+,In Progress
S0379,2024,3,31-40,At Risk
S0379,2024,3,31-40,At Risk
S0379,2024,3,31-40,At Risk
S0379,2024,3,31-40,At Risk
S0379,2024,3,31-40,At Risk
S0379,2024,3,31-40,At Risk
S0379,2024,3,31-40,At Risk
S0379,2024,3,31-40,At Risk
S0379,2024,3,31-40,In Progress
S0379,2024,3,31-40,In Progress
S0379,2024,3,31-40,In Progress
S0379,2024,3,31-40,In Progress
S0380,2023,8,31-40,At Risk
S0380,2023,8,31-40,At Risk
S0380,2023,8,31-40,At Risk
S0380,2023,8,31-40,At Risk
S0381,2023,7,40+,In Progress
S0381,2023,7,40+,In Progress
S0381,2023,7,40+,In Progress
S0381,2023,7,40+,In Progress
S0381,2023,7,40+,In Progress
S0381,2023,7,40+,In Progress
S0381,2023,7,40+,In Progress
S0381,2023,7,40+,In Progress
S0381,2023,7,40+,In Progress
S0381,2023,7,40+,In Progress
S0382,2025,5,40+,At Risk
S0382,2025,5,40+,At Risk
S0382,2025,5,40+,At Risk
S0382,2025,5,40+,In Progress
S0382,2025,5,40+,In Progress
S0382,2025,5,40+,In Progress
S0382,2025,5,40+,In Progress
S0383,2024,3,31-40,At Risk
S0383,2024,3,31-40,At Risk
S0383,2024,3,31-40,In Progress
S0383,2024,3,31-40,In Progress
S0383,2024,3,31-40,In Progress
S0383,2024,3,31-40,In Progress
S0383,2024,3,31-40,In Progress
S0384,2024,1,31-40,In Progress
S0384,2024,1,31-40,In Progress
S0384,2024,1,31-40,In Progress
S0384,2024,1,31-40,In Progress
S0384,2024,1,31-40,In Progress
S0384,2024,1,31-40,At Risk
S0384,2024,1,31-40,At Risk
S0384,2024,1,31-40,At Risk
S0384,2024,1,31-40,At Risk
S0384,2024,1,31-40,At Risk
S0384,2024,1,31-40,In Progress
S0384,2024,1,31-40,In Progress
S0384,2024,1,31-40,In Progress
S0385,2023,11,20-30,At Risk
S0385,2023,11,20-30,At Risk
S0385,2023,11,20-30,At Risk
S0385,2023,11,20-30,At Risk
S0385,2023,11,20-30,At Risk
S0385,2023,11,20-30,In Progress
S0385,2023,11,20-30,In Progress
S0385,2023,11,20-30,In Progress
S0386,2024,9,31-40,In Progress
S0386,2024,9,31-40,In Progress
S0386,2024,9,31-40,In Progress
S0386,2024,9,31-40,In Progress
S0386,2024,9,31-40,In Progress
S0386,2024,9,31-40,At Risk
S0386,2024,9,31-40,At Risk
S0386,2024,9,31-40,At Risk
S0386,2024,9,31-40,At Risk
S0386,2024,9,31-40,At Risk
S0386,2024,9,31-40,In Progress
S0386,2024,9,31-40,In Progress
S0386,2024,9,31-40,In Progress
S0386,2024,9,31-40,In Progress
S0387,2023,6,Under 20,At Risk
S0387,2023,6,Under 20,At Risk
S0387,2023,6,Under 20,At Risk
S0387,2023,6,Under 20,At Risk
S0387,2023,6,Under 20,In Progress
S0387,2023,6,Under 20,In Progress
S0387,2023,6,Under 20,In Progress
S0387,2023,6,Under 20,In Progress
S0388,2023,4,31-40,In Progress
S0388,2023,4,31-40,In Progress
S0388,2023,4,31-40,In Progress
S0388,2023,4,31-40,In Progress
S0388,2023,4,31-40,In Progress
S0388,2023,4,31-40,In Progress
S0388,2023,4,31-40,In Progress
S0388,2023,4,31-40,In Progress
S0388,2023,4,31-40,At Risk
S0388,2023,4,31-40,At Risk
S0388,2023,4,31-40,At Risk
S0388,2023,4,31-40,In Progress
S0388,2023,4,31-40,In Progress
S0388,2023,4,31-40,In Progress
S0388,2023,4,31-40,In Progress
S0389,2023,8,31-40,In Progress
S0389,2023,8,31-40,In Progress
S0389,2023,8,31-40,In Progress
S0389,2023,8,31-40,At Risk
S0389,2023,8,31-40,At Risk
S0389,2023,8,31-40,At Risk
S0389,2023,8,31-40,In Progress
S0389,2023,8,31-40,In Progress
S0389,2023,8,31-40,In Progress
S0389,2023,8,31-40,In Progress
S0389,2023,8,31-40,In Progress
S0390,2024,3,20-30,In Progress
S0390,2024,3,20-30,In Progress
S0390,2024,3,20-30,In Progress
S0390,2024,3,20-30,At Risk
S0390,2024,3,20-30,At Risk
S0390,2024,3,20-30,At Risk
S0390,2024,3,20-30,At Risk
S0391,2024,1,31-40,At Risk
S0391,2024,1,31-40,At Risk
S0391,2024,1,31-40,At Risk
S0391,2024,1,31-40,At Risk
S0391,2024,1,31-40,At Risk
S0391,2024,1,31-40,In Progress
S0391,2024,1,31-40,In Progress
S0391,2024,1,31-40,In Progress
S0391,2024,1,31-40,In Progress
S0391,2024,1,31-40,At Risk
S0391,2024,1,31-40,At Risk
S0391,2024,1,31-40,At Risk
S0391,2024,1,31-40,At Risk
S0391,2024,1,31-40,In Progress
S0391,2024,1,31-40,In Progress
S0391,2024,1,31-40,In Progress
S0391,2024,1,31-40,At Risk
S0391,2024,1,31-40,At Risk
S0391,2024,1,31-40,At Risk
S0391,2024,1,31-40,At Risk
S0392,2023,4,Under 20,At Risk
S0392,2023,4,Under 20,At Risk
S0392,2023,4,Under 20,At Risk
S0392,2023,4,Under 20,In Progress
S0392,2023,4,Under 20,In Progress
S0392,2023,4,Under 20,In Progress
S0392,2023,4,Under 20,In Progress
S0392,2023,4,Under 20,In Progress
S0392,2023,4,Under 20,In Progress
S0392,2023,4,Under 20,In Progress
S0392,2023,4,Under 20,In Progress
S0392,2023,4,Under 20,In Progress
S0392,2023,4,Under 20,In Progress
S0392,2023,4,Under 20,In Progress
S0392,2023,4,Under 20,In Progress
S0392,2023,4,Under 20,In Progress
S0392,2023,4,Under 20,At Risk
S0392,2023,4,Under 20,At Risk
S0392,2023,4,Under 20,At Risk
S0392,2023,4,Under 20,At Risk
S0392,2023,4,Under 20,At Risk
S0393,2024,3,40+,At Risk
S0393,2024,3,40+,At Risk
S0393,2024,3,40+,At Risk
S0393,2024,3,40+,At Risk
S0393,2024,3,40+,In Progress
S0393,2024,3,40+,In Progress
S0393,2024,3,40+,In Progress
S0393,2024,3,40+,In Progress
S0393,2024,3,40+,In Progress
S0393,2024,3,40+,At Risk
S0393,2024,3,40+,At Risk
S0393,2024,3,40+,In Progress
S0393,2024,3,40+,In Progress
S0393,2024,3,40+,In Progress
S0393,2024,3,40+,In Progress
S0393,2024,3,40+,In Progress
S0394,2025,4,20-30,At Risk
S0394,2025,4,20-30,At Risk
S0394,2025,4,20-30,At Risk
S0394,2025,4,20-30,In Progress
S0394,2025,4,20-30,In Progress
S0394,2025,4,20-30,In Progress
S0394,2025,4,20-30,In Progress
S0394,2025,4,20-30,In Progress
S0394,2025,4,20-30,At Risk
S0394,2025,4,20-30,At Risk
S0395,2023,2,40+,In Progress
S0395,2023,2,40+,In Progress
S0395,2023,2,40+,In Progress
S0395,2023,2,40+,In Progress
S0395,2023,2,40+,At Risk
S0395,2023,2,40+,At Risk
S0395,2023,2,40+,At Risk
S0395,2023,2,40+,In Progress
S0395,2023,2,40+,In Progress
S0395,2023,2,40+,In Progress
S0395,2023,2,40+,In Progress
S0396,2025,1,40+,In Progress
S0396,2025,1,40+,In Progress
S0396,2025,1,40+,In Progress
S0396,2025,1,40+,In Progress
S0396,2025,1,40+,In Progress
S0396,2025,1,40+,In Progress
S0396,2025,1,40+,In Progress
S0396,2025,1,40+,In Progress
S0396,2025,1,40+,In Progress
S0396,2025,1,40+,In Progress
S0396,2025,1,40+,In Progress
S0396,2025,1,40+,In Progress
S0396,2025,1,40+,In Progress
S0396,2025,1,40+,In Progress
S0397,2025,2,31-40,In Progress
S0397,2025,2,31-40,In Progress
S0397,2025,2,31-40,In Progress
S0397,2025,2,31-40,In Progress
S0397,2025,2,31-40,In Progress
S0397,2025,2,31-40,In Progress
S0397,2025,2,31-40,In Progress
S0397,2025,2,31-40,At Risk
S0397,2025,2,31-40,At Risk
S0397,2025,2,31-40,At Risk
S0397,2025,2,31-40,At Risk
S0397,2025,2,31-40,At Risk
S0397,2025,2,31-40,In Progress
S0397,2025,2,31-40,In Progress
S0398,2024,6,31-40,Completed
S0398,2024,6,31-40,Completed
S0398,2024,6,31-40,Completed
S0398,2024,6,31-40,Completed
S0398,2024,6,31-40,Completed
S0398,2024,6,31-40,At Risk
S0398,2024,6,31-40,At Risk
S0399,2024,2,40+,In Progress
S0399,2024,2,40+,In Progress
S0399,2024,2,40+,In Progress
S0399,2024,2,40+,In Progress
S0399,2024,2,40+,In Progress
S0399,2024,2,40+,In Progress
S0399,2024,2,40+,In Progress
S0399,2024,2,40+,In Progress
S0399,2024,2,40+,In Progress
S0400,2023,12,40+,At Risk
S0400,2023,12,40+,At Risk
S0400,2023,12,40+,At Risk
S0400,2023,12,40+,In Progress
S0400,2023,12,40+,In Progress
S0400,2023,12,40+,In Progress
S0400,2023,12,40+,In Progress
S0400,2023,12,40+,In Progress
S0401,2025,1,31-40,In Progress
S0401,2025,1,31-40,In Progress
S0401,2025,1,31-40,In Progress
S0401,2025,1,31-40,In Progress
S0401,2025,1,31-40,In Progress
S0401,2025,1,31-40,In Progress
S0401,2025,1,31-40,In Progress
S0401,2025,1,31-40,In Progress
S0401,2025,1,31-40,In Progress
S0401,2025,1,31-40,In Progress
S0401,2025,1,31-40,In Progress
S0401,2025,1,31-40,At Risk
S0401,2025,1,31-40,At Risk
S0401,2025,1,31-40,At Risk
S0401,2025,1,31-40,At Risk
S0401,2025,1,31-40,At Risk
S0402,2024,11,40+,In Progress
S0402,2024,11,40+,In Progress
S0402,2024,11,40+,At Risk
S0402,2024,11,40+,At Risk
S0402,2024,11,40+,At Risk
S0402,2024,11,40+,At Risk
S0402,2024,11,40+,At Risk
S0402,2024,11,40+,At Risk
S0402,2024,11,40+,At Risk
S0403,2025,4,Under 20,At Risk
S0403,2025,4,Under 20,At Risk
S0403,2025,4,Under 20,At Risk
S0403,2025,4,Under 20,At Risk
S0403,2025,4,Under 20,In Progress
S0403,2025,4,Under 20,In Progress
S0403,2025,4,Under 20,In Progress
S0403,2025,4,Under 20,At Risk
S0403,2025,4,Under 20,At Risk
S0403,2025,4,Under 20,At Risk
S0403,2025,4,Under 20,At Risk
S0403,2025,4,Under 20,In Progress
S0403,2025,4,Under 20,In Progress
S0404,2023,2,40+,At Risk
S0404,2023,2,40+,At Risk
S0404,2023,2,40+,At Risk
S0404,2023,2,40+,At Risk
S0404,2023,2,40+,At Risk
S0404,2023,2,40+,At Risk
S0404,2023,2,40+,At Risk
S0404,2023,2,40+,At Risk
S0405,2024,4,31-40,In Progress
S0405,2024,4,31-40,In Progress
S0405,2024,4,31-40,At Risk
S0405,2024,4,31-40,At Risk
S0405,2024,4,31-40,At Risk
S0405,2024,4,31-40,At Risk
S0405,2024,4,31-40,At Risk
S0405,2024,4,31-40,In Progress
S0405,2024,4,31-40,In Progress
S0406,2023,3,40+,At Risk
S0406,2023,3,40+,At Risk
S0406,2023,3,40+,In Progress
S0406,2023,3,40+,In Progress
S0407,2024,2,31-40,In Progress
S0407,2024,2,31-40,In Progress
S0407,2024,2,31-40,In Progress
S0407,2024,2,31-40,In Progress
S0407,2024,2,31-40,In Progress
S0407,2024,2,31-40,At Risk
S0407,2024,2,31-40,At Risk
S0407,2024,2,31-40,At Risk
S0407,2024,2,31-40,At Risk
S0407,2024,2,31-40,At Risk
S0407,2024,2,31-40,At Risk
S0407,2024,2,31-40,At Risk
S0407,2024,2,31-40,At Risk
S0407,2024,2,31-40,At Risk
S0407,2024,2,31-40,In Progress
S0407,2024,2,31-40,In Progress
S0407,2024,2,31-40,In Progress
S0408,2023,9,Under 20,In Progress
S0408,2023,9,Under 20,In Progress
S0408,2023,9,Under 20,In Progress
S0408,2023,9,Under 20,At Risk
S0408,2023,9,Under 20,At Risk
S0408,2023,9,Under 20,At Risk
S0409,2023,6,31-40,In Progress
S0409,2023,6,31-40,In Progress
S0409,2023,6,31-40,In Progress
S0409,2023,6,31-40,At Risk
S0409,2023,6,31-40,At Risk
S0409,2023,6,31-40,In Progress
S0409,2023,6,31-40,In Progress
S0409,2023,6,31-40,In Progress
S0409,2023,6,31-40,In Progress
S0409,2023,6,31-40,In Progress
S0409,2023,6,31-40,In Progress
S0409,2023,6,31-40,In Progress
S0409,2023,6,31-40,In Progress
S0409,2023,6,31-40,In Progress
S0409,2023,6,31-40,At Risk
S0409,2023,6,31-40,At Risk
S0409,2023,6,31-40,At Risk
S0409,2023,6,31-40,At Risk
S0409,2023,6,31-40,At Risk
S0410,2023,3,31-40,In Progress
S0410,2023,3,31-40,In Progress
S0410,2023,3,31-40,At Risk
S0410,2023,3,31-40,At Risk
S0410,2023,3,31-40,At Risk
S0410,2023,3,31-40,At Risk
S0410,2023,3,31-40,At Risk
S0411,2024,1,20-30,At Risk
S0411,2024,1,20-30,At Risk
S0411,2024,1,20-30,At Risk
S0411,2024,1,20-30,At Risk
S0411,2024,1,20-30,At Risk
S0411,2024,1,20-30,At Risk
S0411,2024,1,20-30,At Risk
S0411,2024,1,20-30,At Risk
S0411,2024,1,20-30,At Risk
S0411,2024,1,20-30,At Risk
S0411,2024,1,20-30,At Risk
S0411,2024,1,20-30,At Risk
S0411,2024,1,20-30,At Risk
S0411,2024,1,20-30,At Risk
S0412,2024,7,31-40,At Risk
S0412,2024,7,31-40,At Risk
S0412,2024,7,31-40,At Risk
S0412,2024,7,31-40,At Risk
S0412,2024,7,31-40,At Risk
S0412,2024,7,31-40,At Risk
S0412,2024,7,31-40,At Risk
S0413,2025,1,40+,In Progress
S0413,2025,1,40+,In Progress
S0413,2025,1,40+,In Progress
S0413,2025,1,40+,At Risk
S0413,2025,1,40+,At Risk
S0413,2025,1,40+,At Risk
S0413,2025,1,40+,At Risk
S0413,2025,1,40+,At Risk
S0413,2025,1,40+,At Risk
S0413,2025,1,40+,In Progress
S0413,2025,1,40+,In Progress
S0413,2025,1,40+,In Progress
S0413,2025,1,40+,In Progress
S0413,2025,1,40+,In Progress
S0413,2025,1,40+,In Progress
S0414,2024,12,40+,At Risk
S0414,2024,12,40+,At Risk
S0414,2024,12,40+,At Risk
S0414,2024,12,40+,In Progress
S0414,2024,12,40+,In Progress
S0414,2024,12,40+,In Progress
S0414,2024,12,40+,In Progress
S0414,2024,12,40+,At Risk
S0414,2024,12,40+,At Risk
S0415,2024,5,20-30,In Progress
S0415,2024,5,20-30,In Progress
S0415,2024,5,20-30,In Progress
S0415,2024,5,20-30,At Risk
S0415,2024,5,20-30,At Risk
S0415,2024,5,20-30,At Risk
S0415,2024,5,20-30,At Risk
S0415,2024,5,20-30,In Progress
S0415,2024,5,20-30,In Progress
S0416,2025,3,31-40,In Progress
S0416,2025,3,31-40,In Progress
S0416,2025,3,31-40,In Progress
S0416,2025,3,31-40,In Progress
S0416,2025,3,31-40,In Progress
S0416,2025,3,31-40,In Progress
S0416,2025,3,31-40,At Risk
S0416,2025,3,31-40,At Risk
S0416,2025,3,31-40,At Risk
S0416,2025,3,31-40,At Risk
S0416,2025,3,31-40,At Risk
S0416,2025,3,31-40,At Risk
S0416,2025,3,31-40,In Progress
S0416,2025,3,31-40,In Progress
S0416,2025,3,31-40,In Progress
S0416,2025,3,31-40,In Progress
S0416,2025,3,31-40,In Progress
S0417,2025,5,40+,In Progress
S0417,2025,5,40+,In Progress
S0417,2025,5,40+,In Progress
S0417,2025,5,40+,In Progress
S0417,2025,5,40+,At Risk
S0417,2025,5,40+,At Risk
S0417,2025,5,40+,At Risk
S0417,2025,5,40+,At Risk
S0418,2023,4,40+,In Progress
S0418,2023,4,40+,In Progress
S0418,2023,4,40+,In Progress
S0418,2023,4,40+,At Risk
S0418,2023,4,40+,At Risk
S0418,2023,4,40+,At Risk
S0418,2023,4,40+,At Risk
S0418,2023,4,40+,At Risk
S0418,2023,4,40+,At Risk
S0418,2023,4,40+,In Progress
S0418,2023,4,40+,In Progress
S0418,2023,4,40+,In Progress
S0418,2023,4,40+,In Progress
S0418,2023,4,40+,At Risk
S0418,2023,4,40+,At Risk
S0418,2023,4,40+,At Risk
S0419,2023,9,40+,In Progress
S0419,2023,9,40+,In Progress
S0419,2023,9,40+,In Progress
S0419,2023,9,40+,Completed
S0419,2023,9,40+,Completed
S0419,2023,9,40+,In Progress
S0419,2023,9,40+,In Progress
S0419,2023,9,40+,In Progress
S0419,2023,9,40+,In Progress
S0419,2023,9,40+,In Progress
S0419,2023,9,40+,In Progress
S0419,2023,9,40+,At Risk
S0419,2023,9,40+,At Risk
S0419,2023,9,40+,At Risk
S0419,2023,9,40+,At Risk
S0419,2023,9,40+,At Risk
S0420,2024,12,Under 20,In Progress
S0420,2024,12,Under 20,In Progress
S0420,2024,12,Under 20,At Risk
S0420,2024,12,Under 20,At Risk
S0421,2023,10,31-40,At Risk
S0421,2023,10,31-40,At Risk
S0421,2023,10,31-40,At Risk
S0421,2023,10,31-40,In Progress
S0421,2023,10,31-40,In Progress
S0421,2023,10,31-40,In Progress
S0421,2023,10,31-40,In Progress
S0422,2024,8,31-40,In Progress
S0422,2024,8,31-40,In Progress
S0422,2024,8,31-40,In Progress
S0422,2024,8,31-40,In Progress
S0422,2024,8,31-40,In Progress
S0422,2024,8,31-40,In Progress
S0422,2024,8,31-40,At Risk
S0422,2024,8,31-40,At Risk
S0422,2024,8,31-40,At Risk
S0422,2024,8,31-40,In Progress
S0422,2024,8,31-40,In Progress
S0422,2024,8,31-40,In Progress
S0422,2024,8,31-40,In Progress
S0422,2024,8,31-40,In Progress
S0423,2025,3,40+,In Progress
S0423,2025,3,40+,In Progress
S0423,2025,3,40+,In Progress
S0423,2025,3,40+,In Progress
S0423,2025,3,40+,In Progress
S0423,2025,3,40+,In Progress
S0423,2025,3,40+,In Progress
S0423,2025,3,40+,In Progress
S0423,2025,3,40+,In Progress
S0423,2025,3,40+,In Progress
S0423,2025,3,40+,At Risk
S0423,2025,3,40+,At Risk
S0423,2025,3,40+,At Risk
S0423,2025,3,40+,At Risk
S0423,2025,3,40+,At Risk
S0423,2025,3,40+,At Risk
S0423,2025,3,40+,At Risk
S0424,2023,4,40+,In Progress
S0424,2023,4,40+,In Progress
S0424,2023,4,40+,At Risk
S0424,2023,4,40+,At Risk
S0424,2023,4,40+,At Risk
S0424,2023,4,40+,At Risk
S0424,2023,4,40+,At Risk
S0424,2023,4,40+,At Risk
S0424,2023,4,40+,At Risk
S0424,2023,4,40+,At Risk
S0424,2023,4,40+,At Risk
S0424,2023,4,40+,At Risk
S0424,2023,4,40+,At Risk
S0425,2023,1,20-30,At Risk
S0425,2023,1,20-30,At Risk
S0425,2023,1,20-30,At Risk
S0425,2023,1,20-30,At Risk
S0425,2023,1,20-30,In Progress
S0425,2023,1,20-30,In Progress
S0425,2023,1,20-30,In Progress
S0425,2023,1,20-30,In Progress
S0425,2023,1,20-30,In Progress
S0426,2023,6,20-30,At Risk
S0426,2023,6,20-30,At Risk
S0426,2023,6,20-30,At Risk
S0426,2023,6,20-30,At Risk
S0426,2023,6,20-30,At Risk
S0426,2023,6,20-30,In Progress
S0426,2023,6,20-30,In Progress
S0427,2023,9,40+,At Risk
S0427,2023,9,40+,At Risk
S0427,2023,9,40+,At Risk
S0427,2023,9,40+,At Risk
S0427,2023,9,40+,At Risk
S0427,2023,9,40+,At Risk
S0427,2023,9,40+,At Risk
S0427,2023,9,40+,At Risk
S0427,2023,9,40+,In Progress
S0427,2023,9,40+,In Progress
S0428,2023,11,31-40,In Progress
S0428,2023,11,31-40,In Progress
S0428,2023,11,31-40,In Progress
S0428,2023,11,31-40,In Progress
S0428,2023,11,31-40,In Progress
S0428,2023,11,31-40,In Progress
S0428,2023,11,31-40,In Progress
S0428,2023,11,31-40,In Progress
S0428,2023,11,31-40,In Progress
S0428,2023,11,31-40,In Progress
S0428,2023,11,31-40,At Risk
S0428,2023,11,31-40,At Risk
S0428,2023,11,31-40,At Risk
S0428,2023,11,31-40,At Risk
S0429,2024,4,40+,At Risk
S0429,2024,4,40+,At Risk
S0429,2024,4,40+,At Risk
S0429,2024,4,40+,At Risk
S0429,2024,4,40+,In Progress
S0429,2024,4,40+,In Progress
S0429,2024,4,40+,In Progress
S0429,2024,4,40+,In Progress
S0429,2024,4,40+,In Progress
S0429,2024,4,40+,In Progress
S0429,2024,4,40+,In Progress
S0429,2024,4,40+,In Progress
S0429,2024,4,40+,In Progress
S0429,2024,4,40+,In Progress
S0429,2024,4,40+,In Progress
S0429,2024,4,40+,In Progress
S0429,2024,4,40+,In Progress
S0429,2024,4,40+,In Progress
S0429,2024,4,40+,In Progress
S0429,2024,4,40+,In Progress
S0429,2024,4,40+,In Progress
S0429,2024,4,40+,In Progress
S0430,2025,5,40+,At Risk
S0430,2025,5,40+,At Risk
S0430,2025,5,40+,At Risk
S0430,2025,5,40+,At Risk
S0430,2025,5,40+,In Progress
S0430,2025,5,40+,In Progress
S0430,2025,5,40+,In Progress
S0430,2025,5,40+,In Progress
S0430,2025,5,40+,In Progress
S0430,2025,5,40+,In Progress
S0430,2025,5,40+,In Progress
S0430,2025,5,40+,In Progress
S0430,2025,5,40+,In Progress
S0430,2025,5,40+,In Progress
S0430,2025,5,40+,In Progress
S0430,2025,5,40+,In Progress
S0430,2025,5,40+,In Progress
S0430,2025,5,40+,In Progress
S0430,2025,5,40+,In Progress
S0430,2025,5,40+,At Risk
S0430,2025,5,40+,At Risk
S0431,2023,12,20-30,At Risk
S0431,2023,12,20-30,At Risk
S0431,2023,12,20-30,At Risk
S0431,2023,12,20-30,In Progress
S0431,2023,12,20-30,In Progress
S0431,2023,12,20-30,In Progress
S0431,2023,12,20-30,In Progress
S0431,2023,12,20-30,In Progress
S0431,2023,12,20-30,In Progress
S0431,2023,12,20-30,In Progress
S0431,2023,12,20-30,In Progress
S0432,2024,5,31-40,In Progress
S0432,2024,5,31-40,In Progress
S0432,2024,5,31-40,In Progress
S0432,2024,5,31-40,In Progress
S0432,2024,5,31-40,In Progress
S0432,2024,5,31-40,In Progress
S0432,2024,5,31-40,In Progress
S0432,2024,5,31-40,In Progress
S0432,2024,5,31-40,In Progress
S0432,2024,5,31-40,In Progress
S0433,2024,9,40+,At Risk
S0433,2024,9,40+,At Risk
S0433,2024,9,40+,At Risk
S0433,2024,9,40+,In Progress
S0433,2024,9,40+,In Progress
S0433,2024,9,40+,In Progress
S0433,2024,9,40+,In Progress
S0433,2024,9,40+,At Risk
S0433,2024,9,40+,At Risk
S0433,2024,9,40+,At Risk
S0433,2024,9,40+,At Risk
S0433,2024,9,40+,In Progress
S0433,2024,9,40+,In Progress
S0433,2024,9,40+,In Progress
S0433,2024,9,40+,In Progress
S0434,2024,12,20-30,At Risk
S0434,2024,12,20-30,At Risk
S0434,2024,12,20-30,In Progress
S0434,2024,12,20-30,In Progress
S0434,2024,12,20-30,At Risk
S0434,2024,12,20-30,At Risk
S0434,2024,12,20-30,At Risk
S0434,2024,12,20-30,At Risk
S0434,2024,12,20-30,At Risk
S0434,2024,12,20-30,At Risk
S0434,2024,12,20-30,At Risk
S0434,2024,12,20-30,In Progress
S0434,2024,12,20-30,In Progress
S0434,2024,12,20-30,In Progress
S0434,2024,12,20-30,In Progress
S0435,2025,1,31-40,In Progress
S0435,2025,1,31-40,In Progress
S0435,2025,1,31-40,In Progress
S0435,2025,1,31-40,In Progress
S0435,2025,1,31-40,In Progress
S0435,2025,1,31-40,At Risk
S0435,2025,1,31-40,At Risk
S0436,2023,4,40+,In Progress
S0436,2023,4,40+,In Progress
S0436,2023,4,40+,In Progress
S0436,2023,4,40+,In Progress
S0436,2023,4,40+,In Progress
S0436,2023,4,40+,In Progress
S0436,2023,4,40+,In Progress
S0436,2023,4,40+,In Progress
S0436,2023,4,40+,In Progress
S0436,2023,4,40+,In Progress
S0436,2023,4,40+,In Progress
S0436,2023,4,40+,In Progress
S0436,2023,4,40+,In Progress
S0436,2023,4,40+,In Progress
S0437,2025,1,20-30,At Risk
S0437,2025,1,20-30,At Risk
S0437,2025,1,20-30,At Risk
S0437,2025,1,20-30,At Risk
S0437,2025,1,20-30,At Risk
S0437,2025,1,20-30,In Progress
S0437,2025,1,20-30,In Progress
S0437,2025,1,20-30,In Progress
S0437,2025,1,20-30,In Progress
S0437,2025,1,20-30,In Progress
S0437,2025,1,20-30,At Risk
S0437,2025,1,20-30,At Risk
S0437,2025,1,20-30,At Risk
S0437,2025,1,20-30,At Risk
S0437,2025,1,20-30,At Risk
S0437,2025,1,20-30,At Risk
S0438,2024,6,20-30,In Progress
S0438,2024,6,20-30,In Progress
S0438,2024,6,20-30,In Progress
S0438,2024,6,20-30,In Progress
S0438,2024,6,20-30,In Progress
S0438,2024,6,20-30,In Progress
S0438,2024,6,20-30,In Progress
S0438,2024,6,20-30,In Progress
S0438,2024,6,20-30,In Progress
S0438,2024,6,20-30,In Progress
S0438,2024,6,20-30,In Progress
S0438,2024,6,20-30,In Progress
S0439,2023,4,31-40,In Progress
S0439,2023,4,31-40,In Progress
S0439,2023,4,31-40,In Progress
S0439,2023,4,31-40,At Risk
S0439,2023,4,31-40,At Risk
S0439,2023,4,31-40,At Risk
S0439,2023,4,31-40,In Progress
S0439,2023,4,31-40,In Progress
S0439,2023,4,31-40,In Progress
S0439,2023,4,31-40,In Progress
S0439,2023,4,31-40,In Progress
S0439,2023,4,31-40,At Risk
S0439,2023,4,31-40,At Risk
S0439,2023,4,31-40,At Risk
S0439,2023,4,31-40,At Risk
S0440,2023,10,31-40,At Risk
S0440,2023,10,31-40,At Risk
S0440,2023,10,31-40,At Risk
S0440,2023,10,31-40,At Risk
S0440,2023,10,31-40,At Risk
S0440,2023,10,31-40,At Risk
S0440,2023,10,31-40,In Progress
S0440,2023,10,31-40,In Progress
S0440,2023,10,31-40,In Progress
S0440,2023,10,31-40,In Progress
S0440,2023,10,31-40,In Progress
S0440,2023,10,31-40,At Risk
S0440,2023,10,31-40,At Risk
S0441,2025,3,20-30,In Progress
S0441,2025,3,20-30,In Progress
S0441,2025,3,20-30,In Progress
S0441,2025,3,20-30,At Risk
S0441,2025,3,20-30,At Risk
S0441,2025,3,20-30,At Risk
S0441,2025,3,20-30,In Progress
S0441,2025,3,20-30,In Progress
S0441,2025,3,20-30,In Progress
S0441,2025,3,20-30,In Progress
S0442,2023,9,31-40,In Progress
S0442,2023,9,31-40,In Progress
S0442,2023,9,31-40,At Risk
S0442,2023,9,31-40,At Risk
S0442,2023,9,31-40,At Risk
S0442,2023,9,31-40,At Risk
S0442,2023,9,31-40,At Risk
S0442,2023,9,31-40,At Risk
S0442,2023,9,31-40,At Risk
S0442,2023,9,31-40,At Risk
S0442,2023,9,31-40,At Risk
S0442,2023,9,31-40,In Progress
S0442,2023,9,31-40,In Progress
S0442,2023,9,31-40,At Risk
S0442,2023,9,31-40,At Risk
S0442,2023,9,31-40,At Risk
S0442,2023,9,31-40,At Risk
S0442,2023,9,31-40,At Risk
S0443,2025,1,20-30,At Risk
S0443,2025,1,20-30,At Risk
S0443,2025,1,20-30,At Risk
S0443,2025,1,20-30,In Progress
S0443,2025,1,20-30,In Progress
S0443,2025,1,20-30,In Progress
S0443,2025,1,20-30,In Progress
S0443,2025,1,20-30,In Progress
S0443,2025,1,20-30,In Progress
S0443,2025,1,20-30,In Progress
S0443,2025,1,20-30,At Risk
S0443,2025,1,20-30,At Risk
S0444,2023,1,40+,In Progress
S0444,2023,1,40+,In Progress
S0444,2023,1,40+,In Progress
S0444,2023,1,40+,In Progress
S0444,2023,1,40+,At Risk
S0444,2023,1,40+,At Risk
S0444,2023,1,40+,At Risk
S0444,2023,1,40+,In Progress
S0444,2023,1,40+,In Progress
S0444,2023,1,40+,In Progress
S0444,2023,1,40+,In Progress
S0444,2023,1,40+,In Progress
S0444,2023,1,40+,In Progress
S0444,2023,1,40+,In Progress
S0445,2023,4,40+,In Progress
S0445,2023,4,40+,In Progress
S0445,2023,4,40+,In Progress
S0445,2023,4,40+,In Progress
S0445,2023,4,40+,In Progress
S0445,2023,4,40+,In Progress
S0445,2023,4,40+,In Progress
S0445,2023,4,40+,In Progress
S0445,2023,4,40+,In Progress
S0445,2023,4,40+,In Progress
S0445,2023,4,40+,In Progress
S0445,2023,4,40+,In Progress
S0445,2023,4,40+,At Risk
S0445,2023,4,40+,At Risk
S0445,2023,4,40+,In Progress
S0445,2023,4,40+,In Progress
S0446,2023,3,20-30,At Risk
S0446,2023,3,20-30,At Risk
S0446,2023,3,20-30,At Risk
S0446,2023,3,20-30,At Risk
S0446,2023,3,20-30,At Risk
S0446,2023,3,20-30,At Risk
S0446,2023,3,20-30,At Risk
S0446,2023,3,20-30,At Risk
S0446,2023,3,20-30,In Progress
S0446,2023,3,20-30,In Progress
S0447,2025,6,40+,At Risk
S0447,2025,6,40+,At Risk
S0447,2025,6,40+,At Risk
S0447,2025,6,40+,In Progress
S0447,2025,6,40+,In Progress
S0447,2025,6,40+,In Progress
S0447,2025,6,40+,At Risk
S0447,2025,6,40+,At Risk
S0447,2025,6,40+,At Risk
S0447,2025,6,40+,At Risk
S0447,2025,6,40+,In Progress
S0447,2025,6,40+,In Progress
S0447,2025,6,40+,In Progress
S0447,2025,6,40+,In Progress
S0447,2025,6,40+,In Progress
S0448,2023,8,40+,In Progress
S0448,2023,8,40+,In Progress
S0448,2023,8,40+,In Progress
S0448,2023,8,40+,In Progress
S0448,2023,8,40+,At Risk
S0448,2023,8,40+,At Risk
S0448,2023,8,40+,At Risk
S0448,2023,8,40+,At Risk
S0448,2023,8,40+,At Risk
S0448,2023,8,40+,At Risk
S0448,2023,8,40+,At Risk
S0448,2023,8,40+,At Risk
S0448,2023,8,40+,At Risk
S0448,2023,8,40+,At Risk
S0448,2023,8,40+,At Risk
S0448,2023,8,40+,At Risk
S0448,2023,8,40+,At Risk
S0449,2023,4,40+,In Progress
S0449,2023,4,40+,In Progress
S0449,2023,4,40+,In Progress
S0449,2023,4,40+,In Progress
S0449,2023,4,40+,In Progress
S0449,2023,4,40+,In Progress
S0449,2023,4,40+,In Progress
S0449,2023,4,40+,In Progress
S0449,2023,4,40+,In Progress
S0449,2023,4,40+,At Risk
S0449,2023,4,40+,At Risk
S0450,2025,6,40+,In Progress
S0450,2025,6,40+,In Progress
S0450,2025,6,40+,In Progress
S0450,2025,6,40+,In Progress
S0450,2025,6,40+,In Progress
S0450,2025,6,40+,At Risk
S0450,2025,6,40+,At Risk
S0450,2025,6,40+,At Risk
S0450,2025,6,40+,At Risk
S0450,2025,6,40+,In Progress
S0450,2025,6,40+,In Progress
S0450,2025,6,40+,In Progress
S0450,2025,6,40+,In Progress
S0450,2025,6,40+,In Progress
S0450,2025,6,40+,In Progress
S0450,2025,6,40+,In Progress
S0451,2023,10,40+,At Risk
S0451,2023,10,40+,At Risk
S0451,2023,10,40+,At Risk
S0451,2023,10,40+,At Risk
S0451,2023,10,40+,At Risk
S0451,2023,10,40+,At Risk
S0451,2023,10,40+,At Risk
S0451,2023,10,40+,At Risk
S0451,2023,10,40+,At Risk
S0451,2023,10,40+,At Risk
S0451,2023,10,40+,At Risk
S0451,2023,10,40+,At Risk
S0451,2023,10,40+,At Risk
S0451,2023,10,40+,At Risk
S0451,2023,10,40+,At Risk
S0451,2023,10,40+,At Risk
S0451,2023,10,40+,At Risk
S0452,2024,7,20-30,At Risk
S0452,2024,7,20-30,At Risk
S0452,2024,7,20-30,At Risk
S0452,2024,7,20-30,At Risk
S0452,2024,7,20-30,At Risk
S0452,2024,7,20-30,At Risk
S0452,2024,7,20-30,At Risk
S0452,2024,7,20-30,At Risk
S0452,2024,7,20-30,At Risk
S0452,2024,7,20-30,At Risk
S0452,2024,7,20-30,At Risk
S0452,2024,7,20-30,At Risk
S0453,2023,4,40+,In Progress
S0453,2023,4,40+,In Progress
S0453,2023,4,40+,In Progress
S0453,2023,4,40+,In Progress
S0453,2023,4,40+,At Risk
S0453,2023,4,40+,At Risk
S0453,2023,4,40+,At Risk
S0453,2023,4,40+,At Risk
S0453,2023,4,40+,At Risk
S0453,2023,4,40+,In Progress
S0453,2023,4,40+,In Progress
S0453,2023,4,40+,In Progress
S0453,2023,4,40+,In Progress
S0454,2023,2,40+,In Progress
S0454,2023,2,40+,In Progress
S0454,2023,2,40+,At Risk
S0454,2023,2,40+,At Risk
S0454,2023,2,40+,At Risk
S0454,2023,2,40+,At Risk
S0454,2023,2,40+,At Risk
S0454,2023,2,40+,At Risk
S0454,2023,2,40+,At Risk
S0454,2023,2,40+,At Risk
S0454,2023,2,40+,In Progress
S0454,2023,2,40+,In Progress
S0454,2023,2,40+,In Progress
S0454,2023,2,40+,In Progress
S0454,2023,2,40+,In Progress
S0454,2023,2,40+,At Risk
S0454,2023,2,40+,At Risk
S0455,2023,2,20-30,At Risk
S0455,2023,2,20-30,At Risk
S0455,2023,2,20-30,At Risk
S0455,2023,2,20-30,At Risk
S0455,2023,2,20-30,In Progress
S0455,2023,2,20-30,In Progress
S0455,2023,2,20-30,In Progress
S0455,2023,2,20-30,In Progress
S0455,2023,2,20-30,In Progress
S0455,2023,2,20-30,At Risk
S0455,2023,2,20-30,At Risk
S0455,2023,2,20-30,At Risk
S0455,2023,2,20-30,At Risk
S0455,2023,2,20-30,At Risk
S0455,2023,2,20-30,In Progress
S0455,2023,2,20-30,In Progress
S0456,2025,4,31-40,At Risk
S0456,2025,4,31-40,At Risk
S0456,2025,4,31-40,At Risk
S0456,2025,4,31-40,At Risk
S0456,2025,4,31-40,At Risk
S0456,2025,4,31-40,At Risk
S0456,2025,4,31-40,At Risk
S0456,2025,4,31-40,At Risk
S0456,2025,4,31-40,At Risk
S0456,2025,4,31-40,At Risk
S0456,2025,4,31-40,At Risk
S0456,2025,4,31-40,At Risk
S0456,2025,4,31-40,At Risk
S0456,2025,4,31-40,At Risk
S0456,2025,4,31-40,At Risk
S0456,2025,4,31-40,At Risk
S0457,2023,4,40+,At Risk
S0457,2023,4,40+,At Risk
S0457,2023,4,40+,At Risk
S0457,2023,4,40+,At Risk
S0457,2023,4,40+,At Risk
S0457,2023,4,40+,At Risk
S0457,2023,4,40+,At Risk
S0458,2024,12,40+,At Risk
S0458,2024,12,40+,At Risk
S0458,2024,12,40+,In Progress
S0458,2024,12,40+,In Progress
S0458,2024,12,40+,In Progress
S0458,2024,12,40+,In Progress
S0458,2024,12,40+,In Progress
S0458,2024,12,40+,In Progress
S0458,2024,12,40+,In Progress
S0458,2024,12,40+,In Progress
S0458,2024,12,40+,In Progress
S0458,2024,12,40+,In Progress
S0459,2024,12,40+,In Progress
S0459,2024,12,40+,In Progress
S0459,2024,12,40+,In Progress
S0459,2024,12,40+,In Progress
S0459,2024,12,40+,In Progress
S0459,2024,12,40+,In Progress
S0459,2024,12,40+,In Progress
S0459,2024,12,40+,In Progress
S0459,2024,12,40+,In Progress
S0459,2024,12,40+,In Progress
S0459,2024,12,40+,In Progress
S0459,2024,12,40+,In Progress
S0460,2024,4,Under 20,At Risk
S0460,2024,4,Under 20,At Risk
S0460,2024,4,Under 20,At Risk
S0460,2024,4,Under 20,At Risk
S0460,2024,4,Under 20,At Risk
S0460,2024,4,Under 20,At Risk
S0460,2024,4,Under 20,At Risk
S0460,2024,4,Under 20,At Risk
S0460,2024,4,Under 20,At Risk
S0460,2024,4,Under 20,At Risk
S0460,2024,4,Under 20,At Risk
S0461,2024,8,40+,At Risk
S0461,2024,8,40+,At Risk
S0461,2024,8,40+,At Risk
S0461,2024,8,40+,In Progress
S0461,2024,8,40+,In Progress
S0461,2024,8,40+,In Progress
S0461,2024,8,40+,In Progress
S0461,2024,8,40+,In Progress
S0461,2024,8,40+,In Progress
S0461,2024,8,40+,In Progress
S0461,2024,8,40+,In Progress
S0462,2024,5,20-30,At Risk
S0462,2024,5,20-30,At Risk
S0462,2024,5,20-30,At Risk
S0462,2024,5,20-30,At Risk
S0462,2024,5,20-30,At Risk
S0462,2024,5,20-30,At Risk
S0462,2024,5,20-30,At Risk
S0462,2024,5,20-30,At Risk
S0462,2024,5,20-30,At Risk
S0462,2024,5,20-30,At Risk
S0462,2024,5,20-30,In Progress
S0462,2024,5,20-30,In Progress
S0462,2024,5,20-30,In Progress
S0462,2024,5,20-30,In Progress
S0462,2024,5,20-30,In Progress
S0463,2023,12,40+,At Risk
S0463,2023,12,40+,At Risk
S0463,2023,12,40+,At Risk
S0463,2023,12,40+,At Risk
S0463,2023,12,40+,At Risk
S0463,2023,12,40+,At Risk
S0463,2023,12,40+,In Progress
S0463,2023,12,40+,In Progress
S0463,2023,12,40+,In Progress
S0463,2023,12,40+,In Progress
S0463,2023,12,40+,In Progress
S0464,2023,8,31-40,At Risk
S0464,2023,8,31-40,At Risk
S0464,2023,8,31-40,In Progress
S0464,2023,8,31-40,In Progress
S0464,2023,8,31-40,In Progress
S0464,2023,8,31-40,In Progress
S0464,2023,8,31-40,In Progress
S0464,2023,8,31-40,In Progress
S0464,2023,8,31-40,In Progress
S0464,2023,8,31-40,In Progress
S0464,2023,8,31-40,In Progress
S0464,2023,8,31-40,In Progress
S0465,2025,1,40+,At Risk
S0465,2025,1,40+,At Risk
S0465,2025,1,40+,At Risk
S0465,2025,1,40+,At Risk
S0465,2025,1,40+,At Risk
S0465,2025,1,40+,At Risk
S0465,2025,1,40+,At Risk
S0465,2025,1,40+,In Progress
S0465,2025,1,40+,In Progress
S0465,2025,1,40+,In Progress
S0465,2025,1,40+,In Progress
S0465,2025,1,40+,At Risk
S0465,2025,1,40+,At Risk
S0465,2025,1,40+,At Risk
S0465,2025,1,40+,At Risk
S0465,2025,1,40+,At Risk
S0465,2025,1,40+,At Risk
S0466,2024,5,40+,In Progress
S0466,2024,5,40+,In Progress
S0466,2024,5,40+,In Progress
S0466,2024,5,40+,In Progress
S0466,2024,5,40+,In Progress
S0466,2024,5,40+,At Risk
S0466,2024,5,40+,At Risk
S0466,2024,5,40+,At Risk
S0466,2024,5,40+,At Risk
S0466,2024,5,40+,At Risk
S0466,2024,5,40+,At Risk
S0466,2024,5,40+,At Risk
S0466,2024,5,40+,At Risk
S0466,2024,5,40+,At Risk
S0466,2024,5,40+,At Risk
S0467,2024,2,Under 20,In Progress
S0467,2024,2,Under 20,In Progress
S0467,2024,2,Under 20,In Progress
S0467,2024,2,Under 20,In Progress
S0467,2024,2,Under 20,At Risk
S0467,2024,2,Under 20,At Risk
S0467,2024,2,Under 20,At Risk
S0467,2024,2,Under 20,At Risk
S0467,2024,2,Under 20,At Risk
S0467,2024,2,Under 20,At Risk
S0467,2024,2,Under 20,At Risk
S0467,2024,2,Under 20,At Risk
S0467,2024,2,Under 20,At Risk
S0468,2025,5,Under 20,In Progress
S0468,2025,5,Under 20,In Progress
S0468,2025,5,Under 20,In Progress
S0468,2025,5,Under 20,In Progress
S0468,2025,5,Under 20,In Progress
S0468,2025,5,Under 20,In Progress
S0468,2025,5,Under 20,In Progress
S0468,2025,5,Under 20,In Progress
S0469,2023,4,40+,In Progress
S0469,2023,4,40+,In Progress
S0469,2023,4,40+,In Progress
S0469,2023,4,40+,At Risk
S0469,2023,4,40+,At Risk
S0469,2023,4,40+,At Risk
S0469,2023,4,40+,At Risk
S0470,2025,3,20-30,At Risk
S0470,2025,3,20-30,At Risk
S0470,2025,3,20-30,At Risk
S0470,2025,3,20-30,In Progress
S0470,2025,3,20-30,In Progress
S0470,2025,3,20-30,At Risk
S0470,2025,3,20-30,At Risk
S0470,2025,3,20-30,At Risk
S0470,2025,3,20-30,At Risk
S0470,2025,3,20-30,At Risk
S0470,2025,3,20-30,At Risk
S0471,2025,5,31-40,In Progress
S0471,2025,5,31-40,In Progress
S0471,2025,5,31-40,At Risk
S0471,2025,5,31-40,At Risk
S0471,2025,5,31-40,At Risk
S0471,2025,5,31-40,At Risk
S0471,2025,5,31-40,At Risk
S0471,2025,5,31-40,In Progress
S0471,2025,5,31-40,In Progress
S0471,2025,5,31-40,In Progress
S0471,2025,5,31-40,In Progress
S0471,2025,5,31-40,In Progress
S0471,2025,5,31-40,In Progress
S0471,2025,5,31-40,In Progress
S0471,2025,5,31-40,At Risk
S0471,2025,5,31-40,At Risk
S0471,2025,5,31-40,At Risk
S0471,2025,5,31-40,At Risk
S0472,2024,2,40+,At Risk
S0472,2024,2,40+,At Risk
S0472,2024,2,40+,At Risk
S0472,2024,2,40+,At Risk
S0472,2024,2,40+,At Risk
S0472,2024,2,40+,At Risk
S0473,2023,10,Under 20,In Progress
S0473,2023,10,Under 20,In Progress
S0473,2023,10,Under 20,In Progress
S0473,2023,10,Under 20,In Progress
S0473,2023,10,Under 20,In Progress
S0473,2023,10,Under 20,In Progress
S0473,2023,10,Under 20,In Progress
S0473,2023,10,Under 20,In Progress
S0473,2023,10,Under 20,In Progress
S0473,2023,10,Under 20,At Risk
S0473,2023,10,Under 20,At Risk
S0473,2023,10,Under 20,At Risk
S0473,2023,10,Under 20,At Risk
S0473,2023,10,Under 20,At Risk
S0473,2023,10,Under 20,At Risk
S0474,2025,1,40+,In Progress
S0474,2025,1,40+,In Progress
S0474,2025,1,40+,In Progress
S0474,2025,1,40+,In Progress
S0474,2025,1,40+,In Progress
S0474,2025,1,40+,In Progress
S0474,2025,1,40+,In Progress
S0474,2025,1,40+,In Progress
S0474,2025,1,40+,In Progress
S0475,2023,4,31-40,At Risk
S0475,2023,4,31-40,At Risk
S0475,2023,4,31-40,At Risk
S0475,2023,4,31-40,At Risk
S0475,2023,4,31-40,At Risk
S0475,2023,4,31-40,At Risk
S0475,2023,4,31-40,In Progress
S0475,2023,4,31-40,In Progress
S0475,2023,4,31-40,In Progress
S0475,2023,4,31-40,In Progress
S0475,2023,4,31-40,In Progress
S0475,2023,4,31-40,In Progress
S0475,2023,4,31-40,In Progress
S0475,2023,4,31-40,In Progress
S0475,2023,4,31-40,In Progress
S0475,2023,4,31-40,In Progress
S0475,2023,4,31-40,In Progress
S0475,2023,4,31-40,In Progress
S0476,2025,1,31-40,In Progress
S0476,2025,1,31-40,In Progress
S0476,2025,1,31-40,In Progress
S0476,2025,1,31-40,In Progress
S0476,2025,1,31-40,In Progress
S0476,2025,1,31-40,In Progress
S0476,2025,1,31-40,In Progress
S0476,2025,1,31-40,In Progress
S0476,2025,1,31-40,In Progress
S0476,2025,1,31-40,In Progress
S0476,2025,1,31-40,In Progress
S0476,2025,1,31-40,In Progress
S0476,2025,1,31-40,In Progress
S0476,2025,1,31-40,In Progress
S0476,2025,1,31-40,At Risk
S0476,2025,1,31-40,At Risk
S0476,2025,1,31-40,At Risk
S0477,2025,3,20-30,At Risk
S0477,2025,3,20-30,At Risk
S0477,2025,3,20-30,At Risk
S0477,2025,3,20-30,At Risk
S0477,2025,3,20-30,At Risk
S0477,2025,3,20-30,At Risk
S0477,2025,3,20-30,At Risk
S0477,2025,3,20-30,In Progress
S0477,2025,3,20-30,In Progress
S0478,2024,8,40+,At Risk
S0478,2024,8,40+,At Risk
S0478,2024,8,40+,At Risk
S0478,2024,8,40+,At Risk
S0478,2024,8,40+,At Risk
S0478,2024,8,40+,At Risk
S0478,2024,8,40+,At Risk
S0479,2024,11,31-40,At Risk
S0479,2024,11,31-40,At Risk
S0479,2024,11,31-40,At Risk
S0479,2024,11,31-40,At Risk
S0479,2024,11,31-40,At Risk
S0479,2024,11,31-40,At Risk
S0479,2024,11,31-40,At Risk
S0479,2024,11,31-40,At Risk
S0480,2023,11,40+,In Progress
S0480,2023,11,40+,In Progress
S0480,2023,11,40+,In Progress
S0480,2023,11,40+,In Progress
S0480,2023,11,40+,In Progress
S0480,2023,11,40+,At Risk
S0480,2023,11,40+,At Risk
S0480,2023,11,40+,At Risk
S0480,2023,11,40+,At Risk
S0480,2023,11,40+,At Risk
S0480,2023,11,40+,In Progress
S0480,2023,11,40+,In Progress
S0480,2023,11,40+,In Progress
S0480,2023,11,40+,In Progress
S0480,2023,11,40+,In Progress
S0480,2023,11,40+,In Progress
S0480,2023,11,40+,In Progress
S0480,2023,11,40+,In Progress
S0480,2023,11,40+,In Progress
S0480,2023,11,40+,In Progress
S0481,2025,4,31-40,At Risk
S0481,2025,4,31-40,At Risk
S0481,2025,4,31-40,At Risk
S0481,2025,4,31-40,At Risk
S0481,2025,4,31-40,At Risk
S0481,2025,4,31-40,In Progress
S0481,2025,4,31-40,In Progress
S0481,2025,4,31-40,In Progress
S0481,2025,4,31-40,In Progress
S0481,2025,4,31-40,In Progress
S0482,2024,8,31-40,In Progress
S0482,2024,8,31-40,In Progress
S0482,2024,8,31-40,In Progress
S0482,2024,8,31-40,In Progress
S0482,2024,8,31-40,In Progress
S0482,2024,8,31-40,At Risk
S0482,2024,8,31-40,At Risk
S0482,2024,8,31-40,At Risk
S0482,2024,8,31-40,At Risk
S0482,2024,8,31-40,In Progress
S0482,2024,8,31-40,In Progress
S0482,2024,8,31-40,At Risk
S0482,2024,8,31-40,At Risk
S0482,2024,8,31-40,At Risk
S0482,2024,8,31-40,At Risk
S0482,2024,8,31-40,At Risk
S0482,2024,8,31-40,In Progress
S0482,2024,8,31-40,In Progress
S0482,2024,8,31-40,In Progress
S0483,2025,3,20-30,At Risk
S0483,2025,3,20-30,At Risk
S0483,2025,3,20-30,At Risk
S0483,2025,3,20-30,At Risk
S0483,2025,3,20-30,At Risk
S0483,2025,3,20-30,In Progress
S0483,2025,3,20-30,In Progress
S0483,2025,3,20-30,In Progress
S0483,2025,3,20-30,In Progress
S0483,2025,3,20-30,In Progress
S0483,2025,3,20-30,In Progress
S0483,2025,3,20-30,In Progress
S0483,2025,3,20-30,In Progress
S0484,2024,10,Under 20,At Risk
S0484,2024,10,Under 20,At Risk
S0484,2024,10,Under 20,In Progress
S0484,2024,10,Under 20,In Progress
S0484,2024,10,Under 20,In Progress
S0484,2024,10,Under 20,In Progress
S0484,2024,10,Under 20,In Progress
S0484,2024,10,Under 20,In Progress
S0484,2024,10,Under 20,At Risk
S0484,2024,10,Under 20,At Risk
S0484,2024,10,Under 20,At Risk
S0484,2024,10,Under 20,At Risk
S0484,2024,10,Under 20,At Risk
S0484,2024,10,Under 20,At Risk
S0484,2024,10,Under 20,At Risk
S0484,2024,10,Under 20,At Risk
S0485,2024,12,31-40,In Progress
S0485,2024,12,31-40,In Progress
S0485,2024,12,31-40,In Progress
S0485,2024,12,31-40,In Progress
S0485,2024,12,31-40,In Progress
S0485,2024,12,31-40,At Risk
S0485,2024,12,31-40,At Risk
S0485,2024,12,31-40,In Progress
S0485,2024,12,31-40,In Progress
S0485,2024,12,31-40,In Progress
S0485,2024,12,31-40,In Progress
S0485,2024,12,31-40,At Risk
S0485,2024,12,31-40,At Risk
S0485,2024,12,31-40,At Risk
S0485,2024,12,31-40,At Risk
S0485,2024,12,31-40,At Risk
S0485,2024,12,31-40,At Risk
S0485,2024,12,31-40,At Risk
S0486,2024,9,31-40,At Risk
S0486,2024,9,31-40,At Risk
S0486,2024,9,31-40,At Risk
S0486,2024,9,31-40,At Risk
S0486,2024,9,31-40,At Risk
S0486,2024,9,31-40,At Risk
S0486,2024,9,31-40,In Progress
S0486,2024,9,31-40,In Progress
S0486,2024,9,31-40,In Progress
S0486,2024,9,31-40,In Progress
S0486,2024,9,31-40,In Progress
S0486,2024,9,31-40,In Progress
S0486,2024,9,31-40,In Progress
S0486,2024,9,31-40,In Progress
S0486,2024,9,31-40,In Progress
S0487,2023,11,31-40,At Risk
S0487,2023,11,31-40,At Risk
S0487,2023,11,31-40,At Risk
S0487,2023,11,31-40,At Risk
S0487,2023,11,31-40,At Risk
S0487,2023,11,31-40,At Risk
S0487,2023,11,31-40,At Risk
S0487,2023,11,31-40,At Risk
S0487,2023,11,31-40,At Risk
S0487,2023,11,31-40,At Risk
S0487,2023,11,31-40,At Risk
S0487,2023,11,31-40,In Progress
S0487,2023,11,31-40,In Progress
S0488,2023,3,Under 20,At Risk
S0488,2023,3,Under 20,At Risk
S0488,2023,3,Under 20,At Risk
S0488,2023,3,Under 20,At Risk
S0489,2024,11,40+,In Progress
S0489,2024,11,40+,In Progress
S0489,2024,11,40+,In Progress
S0489,2024,11,40+,In Progress
S0489,2024,11,40+,At Risk
S0489,2024,11,40+,At Risk
S0489,2024,11,40+,At Risk
S0489,2024,11,40+,At Risk
S0490,2024,10,31-40,At Risk
S0490,2024,10,31-40,At Risk
S0490,2024,10,31-40,At Risk
S0490,2024,10,31-40,At Risk
S0490,2024,10,31-40,In Progress
S0490,2024,10,31-40,In Progress
S0490,2024,10,31-40,In Progress
S0490,2024,10,31-40,In Progress
S0490,2024,10,31-40,In Progress
S0490,2024,10,31-40,In Progress
S0490,2024,10,31-40,In Progress
S0491,2024,6,40+,At Risk
S0491,2024,6,40+,At Risk
S0491,2024,6,40+,In Progress
S0491,2024,6,40+,In Progress
S0491,2024,6,40+,In Progress
S0491,2024,6,40+,In Progress
S0491,2024,6,40+,In Progress
S0492,2025,1,40+,At Risk
S0492,2025,1,40+,At Risk
S0492,2025,1,40+,At Risk
S0492,2025,1,40+,In Progress
S0492,2025,1,40+,In Progress
S0492,2025,1,40+,In Progress
S0492,2025,1,40+,In Progress
S0492,2025,1,40+,At Risk
S0492,2025,1,40+,At Risk
S0492,2025,1,40+,At Risk
S0492,2025,1,40+,At Risk
S0492,2025,1,40+,At Risk
S0492,2025,1,40+,In Progress
S0492,2025,1,40+,In Progress
S0492,2025,1,40+,In Progress
S0492,2025,1,40+,At Risk
S0492,2025,1,40+,At Risk
S0492,2025,1,40+,At Risk
S0492,2025,1,40+,At Risk
S0493,2024,3,40+,At Risk
S0493,2024,3,40+,At Risk
S0493,2024,3,40+,At Risk
S0493,2024,3,40+,In Progress
S0493,2024,3,40+,In Progress
S0493,2024,3,40+,In Progress
S0493,2024,3,40+,In Progress
S0493,2024,3,40+,In Progress
S0493,2024,3,40+,In Progress
S0493,2024,3,40+,At Risk
S0493,2024,3,40+,At Risk
S0493,2024,3,40+,At Risk
S0493,2024,3,40+,At Risk
S0493,2024,3,40+,At Risk
S0493,2024,3,40+,In Progress
S0493,2024,3,40+,In Progress
S0494,2024,1,31-40,In Progress
S0494,2024,1,31-40,In Progress
S0494,2024,1,31-40,In Progress
S0494,2024,1,31-40,At Risk
S0494,2024,1,31-40,At Risk
S0494,2024,1,31-40,At Risk
S0494,2024,1,31-40,At Risk
S0494,2024,1,31-40,At Risk
S0494,2024,1,31-40,At Risk
S0494,2024,1,31-40,At Risk
S0494,2024,1,31-40,At Risk
S0494,2024,1,31-40,At Risk
S0494,2024,1,31-40,In Progress
S0494,2024,1,31-40,In Progress
S0494,2024,1,31-40,In Progress
S0494,2024,1,31-40,In Progress
S0494,2024,1,31-40,In Progress
S0495,2024,1,20-30,At Risk
S0495,2024,1,20-30,At Risk
S0495,2024,1,20-30,In Progress
S0495,2024,1,20-30,In Progress
S0495,2024,1,20-30,In Progress
S0495,2024,1,20-30,In Progress
S0495,2024,1,20-30,In Progress
S0495,2024,1,20-30,In Progress
S0495,2024,1,20-30,In Progress
S0495,2024,1,20-30,In Progress
S0495,2024,1,20-30,In Progress
S0495,2024,1,20-30,In Progress
S0495,2024,1,20-30,In Progress
S0495,2024,1,20-30,In Progress
S0496,2024,11,31-40,In Progress
S0496,2024,11,31-40,In Progress
S0496,2024,11,31-40,In Progress
S0496,2024,11,31-40,In Progress
S0496,2024,11,31-40,At Risk
S0496,2024,11,31-40,At Risk
S0496,2024,11,31-40,At Risk
S0496,2024,11,31-40,At Risk
S0496,2024,11,31-40,At Risk
S0496,2024,11,31-40,At Risk
S0496,2024,11,31-40,At Risk
S0497,2024,8,40+,In Progress
S0497,2024,8,40+,In Progress
S0497,2024,8,40+,In Progress
S0497,2024,8,40+,In Progress
S0497,2024,8,40+,In Progress
S0497,2024,8,40+,In Progress
S0497,2024,8,40+,At Risk
S0497,2024,8,40+,At Risk
S0497,2024,8,40+,At Risk
S0497,2024,8,40+,At Risk
S0497,2024,8,40+,At Risk
S0497,2024,8,40+,At Risk
S0497,2024,8,40+,At Risk
S0497,2024,8,40+,In Progress
S0497,2024,8,40+,In Progress
S0497,2024,8,40+,In Progress
S0497,2024,8,40+,In Progress
S0497,2024,8,40+,In Progress
S0498,2024,9,40+,In Progress
S0498,2024,9,40+,In Progress
S0498,2024,9,40+,In Progress
S0498,2024,9,40+,In Progress
S0498,2024,9,40+,In Progress
S0498,2024,9,40+,In Progress
S0498,2024,9,40+,In Progress
S0498,2024,9,40+,In Progress
S0498,2024,9,40+,In Progress
S0498,2024,9,40+,In Progress
S0498,2024,9,40+,In Progress
S0498,2024,9,40+,In Progress
S0498,2024,9,40+,At Risk
S0498,2024,9,40+,At Risk
S0498,2024,9,40+,At Risk
S0498,2024,9,40+,In Progress
S0498,2024,9,40+,In Progress
S0498,2024,9,40+,In Progress
S0498,2024,9,40+,In Progress
S0498,2024,9,40+,In Progress
S0499,2025,2,20-30,In Progress
S0499,2025,2,20-30,In Progress
S0499,2025,2,20-30,In Progress
S0499,2025,2,20-30,At Risk
S0499,2025,2,20-30,At Risk
S0499,2025,2,20-30,At Risk
S0499,2025,2,20-30,At Risk
S0499,2025,2,20-30,At Risk
S0499,2025,2,20-30,At Risk
S0499,2025,2,20-30,At Risk
S0499,2025,2,20-30,At Risk
S0499,2025,2,20-30,At Risk
S0499,2025,2,20-30,At Risk
S0499,2025,2,20-30,At Risk
S0499,2025,2,20-30,At Risk
S0499,2025,2,20-30,At Risk
S0499,2025,2,20-30,At Risk
S0500,2023,12,40+,In Progress
S0500,2023,12,40+,In Progress
S0500,2023,12,40+,In Progress
S0500,2023,12,40+,In Progress
S0500,2023,12,40+,In Progress
S0500,2023,12,40+,In Progress
S0500,2023,12,40+,At Risk
S0500,2023,12,40+,At Risk
S0500,2023,12,40+,At Risk
S0500,2023,12,40+,At Risk
S0501,2024,7,20-30,In Progress
S0501,2024,7,20-30,In Progress
S0501,2024,7,20-30,In Progress
S0501,2024,7,20-30,In Progress
S0501,2024,7,20-30,In Progress
S0501,2024,7,20-30,In Progress
S0501,2024,7,20-30,In Progress
S0501,2024,7,20-30,In Progress
S0501,2024,7,20-30,In Progress
S0501,2024,7,20-30,At Risk
S0501,2024,7,20-30,At Risk
S0501,2024,7,20-30,At Risk
S0502,2024,7,40+,At Risk
S0502,2024,7,40+,At Risk
S0502,2024,7,40+,In Progress
S0502,2024,7,40+,In Progress
S0502,2024,7,40+,In Progress
S0502,2024,7,40+,In Progress
S0502,2024,7,40+,At Risk
S0502,2024,7,40+,At Risk
S0502,2024,7,40+,At Risk
S0502,2024,7,40+,At Risk
S0502,2024,7,40+,At Risk
S0503,2025,6,31-40,In Progress
S0503,2025,6,31-40,In Progress
S0503,2025,6,31-40,In Progress
S0503,2025,6,31-40,In Progress
S0503,2025,6,31-40,In Progress
S0503,2025,6,31-40,At Risk
S0503,2025,6,31-40,At Risk
S0503,2025,6,31-40,In Progress
S0503,2025,6,31-40,In Progress
S0503,2025,6,31-40,In Progress
S0503,2025,6,31-40,In Progress
S0504,2024,8,40+,At Risk
S0504,2024,8,40+,At Risk
S0504,2024,8,40+,At Risk
S0504,2024,8,40+,At Risk
S0504,2024,8,40+,In Progress
S0504,2024,8,40+,In Progress
S0504,2024,8,40+,In Progress
S0504,2024,8,40+,In Progress
S0504,2024,8,40+,In Progress
S0504,2024,8,40+,In Progress
S0504,2024,8,40+,In Progress
S0504,2024,8,40+,In Progress
S0504,2024,8,40+,In Progress
S0504,2024,8,40+,In Progress
S0504,2024,8,40+,In Progress
S0504,2024,8,40+,In Progress
S0504,2024,8,40+,In Progress
S0505,2023,7,31-40,In Progress
S0505,2023,7,31-40,In Progress
S0505,2023,7,31-40,In Progress
S0505,2023,7,31-40,In Progress
S0505,2023,7,31-40,In Progress
S0505,2023,7,31-40,At Risk
S0505,2023,7,31-40,At Risk
S0505,2023,7,31-40,At Risk
S0505,2023,7,31-40,At Risk
S0505,2023,7,31-40,At Risk
S0506,2023,1,31-40,In Progress
S0506,2023,1,31-40,In Progress
S0506,2023,1,31-40,At Risk
S0506,2023,1,31-40,At Risk
S0506,2023,1,31-40,At Risk
S0507,2025,2,20-30,In Progress
S0507,2025,2,20-30,In Progress
S0507,2025,2,20-30,In Progress
S0507,2025,2,20-30,In Progress
S0507,2025,2,20-30,In Progress
S0507,2025,2,20-30,In Progress
S0507,2025,2,20-30,In Progress
S0507,2025,2,20-30,In Progress
S0507,2025,2,20-30,In Progress
S0507,2025,2,20-30,In Progress
S0507,2025,2,20-30,In Progress
S0507,2025,2,20-30,In Progress
S0507,2025,2,20-30,At Risk
S0507,2025,2,20-30,At Risk
S0507,2025,2,20-30,At Risk
S0507,2025,2,20-30,At Risk
S0507,2025,2,20-30,At Risk
S0507,2025,2,20-30,At Risk
S0507,2025,2,20-30,At Risk
S0507,2025,2,20-30,At Risk
S0507,2025,2,20-30,At Risk
S0507,2025,2,20-30,At Risk
S0508,2024,12,40+,In Progress
S0508,2024,12,40+,In Progress
S0508,2024,12,40+,In Progress
S0508,2024,12,40+,In Progress
S0508,2024,12,40+,In Progress
S0508,2024,12,40+,At Risk
S0508,2024,12,40+,At Risk
S0508,2024,12,40+,At Risk
S0508,2024,12,40+,At Risk
S0509,2025,6,20-30,In Progress
S0509,2025,6,20-30,In Progress
S0509,2025,6,20-30,In Progress
S0509,2025,6,20-30,In Progress
S0509,2025,6,20-30,In Progress
S0510,2024,12,31-40,In Progress
S0510,2024,12,31-40,In Progress
S0510,2024,12,31-40,In Progress
S0510,2024,12,31-40,At Risk
S0510,2024,12,31-40,At Risk
S0510,2024,12,31-40,At Risk
S0510,2024,12,31-40,At Risk
S0511,2024,2,40+,In Progress
S0511,2024,2,40+,In Progress
S0511,2024,2,40+,At Risk
S0511,2024,2,40+,At Risk
S0511,2024,2,40+,At Risk
S0511,2024,2,40+,In Progress
S0511,2024,2,40+,In Progress
S0511,2024,2,40+,In Progress
S0511,2024,2,40+,In Progress
S0511,2024,2,40+,In Progress
S0511,2024,2,40+,In Progress
S0511,2024,2,40+,At Risk
S0511,2024,2,40+,At Risk
S0512,2023,4,31-40,At Risk
S0512,2023,4,31-40,At Risk
S0512,2023,4,31-40,At Risk
S0512,2023,4,31-40,At Risk
S0512,2023,4,31-40,In Progress
S0512,2023,4,31-40,In Progress
S0512,2023,4,31-40,In Progress
S0512,2023,4,31-40,In Progress
S0512,2023,4,31-40,In Progress
S0512,2023,4,31-40,In Progress
S0512,2023,4,31-40,In Progress
S0513,2023,1,40+,In Progress
S0513,2023,1,40+,In Progress
S0513,2023,1,40+,In Progress
S0513,2023,1,40+,In Progress
S0513,2023,1,40+,In Progress
S0513,2023,1,40+,At Risk
S0513,2023,1,40+,At Risk
S0513,2023,1,40+,At Risk
S0513,2023,1,40+,At Risk
S0513,2023,1,40+,At Risk
S0513,2023,1,40+,At Risk
S0513,2023,1,40+,At Risk
S0513,2023,1,40+,At Risk
S0513,2023,1,40+,At Risk
S0513,2023,1,40+,At Risk
S0513,2023,1,40+,At Risk
S0514,2024,8,31-40,At Risk
S0514,2024,8,31-40,At Risk
S0514,2024,8,31-40,At Risk
S0514,2024,8,31-40,At Risk
S0514,2024,8,31-40,At Risk
S0514,2024,8,31-40,At Risk
S0514,2024,8,31-40,At Risk
S0515,2025,6,20-30,In Progress
S0515,2025,6,20-30,In Progress
S0515,2025,6,20-30,In Progress
S0515,2025,6,20-30,In Progress
S0515,2025,6,20-30,In Progress
S0515,2025,6,20-30,Completed
S0515,2025,6,20-30,Completed
S0515,2025,6,20-30,Completed
S0515,2025,6,20-30,At Risk
S0515,2025,6,20-30,At Risk
S0515,2025,6,20-30,At Risk
S0515,2025,6,20-30,At Risk
S0516,2024,5,40+,At Risk
S0516,2024,5,40+,At Risk
S0516,2024,5,40+,At Risk
S0516,2024,5,40+,At Risk
S0516,2024,5,40+,At Risk
S0516,2024,5,40+,At Risk
S0516,2024,5,40+,At Risk
S0516,2024,5,40+,In Progress
S0516,2024,5,40+,In Progress
S0516,2024,5,40+,In Progress
S0516,2024,5,40+,In Progress
S0517,2023,10,31-40,In Progress
S0517,2023,10,31-40,In Progress
S0517,2023,10,31-40,In Progress
S0517,2023,10,31-40,In Progress
S0517,2023,10,31-40,In Progress
S0517,2023,10,31-40,At Risk
S0517,2023,10,31-40,At Risk
S0517,2023,10,31-40,At Risk
S0517,2023,10,31-40,At Risk
S0517,2023,10,31-40,At Risk
S0517,2023,10,31-40,At Risk
S0517,2023,10,31-40,At Risk
S0517,2023,10,31-40,At Risk
S0518,2023,10,Under 20,At Risk
S0518,2023,10,Under 20,At Risk
S0518,2023,10,Under 20,At Risk
S0518,2023,10,Under 20,At Risk
S0518,2023,10,Under 20,At Risk
S0518,2023,10,Under 20,In Progress
S0518,2023,10,Under 20,In Progress
S0518,2023,10,Under 20,In Progress
S0518,2023,10,Under 20,In Progress
S0519,2023,10,20-30,In Progress
S0519,2023,10,20-30,In Progress
S0519,2023,10,20-30,In Progress
S0519,2023,10,20-30,In Progress
S0519,2023,10,20-30,In Progress
S0519,2023,10,20-30,In Progress
S0519,2023,10,20-30,In Progress
S0519,2023,10,20-30,At Risk
S0519,2023,10,20-30,At Risk
S0519,2023,10,20-30,At Risk
S0519,2023,10,20-30,At Risk
S0519,2023,10,20-30,At Risk
S0520,2023,1,20-30,At Risk
S0520,2023,1,20-30,At Risk
S0520,2023,1,20-30,In Progress
S0520,2023,1,20-30,In Progress
S0520,2023,1,20-30,In Progress
S0520,2023,1,20-30,In Progress
S0520,2023,1,20-30,At Risk
S0520,2023,1,20-30,At Risk
S0520,2023,1,20-30,At Risk
S0520,2023,1,20-30,At Risk
S0520,2023,1,20-30,At Risk
S0520,2023,1,20-30,At Risk
S0520,2023,1,20-30,At Risk
S0520,2023,1,20-30,At Risk
S0520,2023,1,20-30,At Risk
S0520,2023,1,20-30,At Risk
S0520,2023,1,20-30,At Risk
S0520,2023,1,20-30,At Risk
S0521,2024,1,40+,In Progress
S0521,2024,1,40+,In Progress
S0521,2024,1,40+,In Progress
S0521,2024,1,40+,In Progress
S0521,2024,1,40+,In Progress
S0521,2024,1,40+,In Progress
S0521,2024,1,40+,In Progress
S0521,2024,1,40+,In Progress
S0521,2024,1,40+,In Progress
S0521,2024,1,40+,In Progress
S0521,2024,1,40+,In Progress
S0521,2024,1,40+,In Progress
S0521,2024,1,40+,In Progress
S0521,2024,1,40+,In Progress
S0521,2024,1,40+,In Progress
S0522,2023,3,31-40,In Progress
S0522,2023,3,31-40,In Progress
S0522,2023,3,31-40,In Progress
S0522,2023,3,31-40,In Progress
S0522,2023,3,31-40,At Risk
S0522,2023,3,31-40,At Risk
S0522,2023,3,31-40,At Risk
S0523,2025,5,31-40,At Risk
S0523,2025,5,31-40,At Risk
S0523,2025,5,31-40,At Risk
S0523,2025,5,31-40,At Risk
S0524,2025,1,31-40,At Risk
S0524,2025,1,31-40,At Risk
S0524,2025,1,31-40,At Risk
S0524,2025,1,31-40,In Progress
S0524,2025,1,31-40,In Progress
S0524,2025,1,31-40,In Progress
S0524,2025,1,31-40,In Progress
S0524,2025,1,31-40,In Progress
S0524,2025,1,31-40,In Progress
S0524,2025,1,31-40,In Progress
S0524,2025,1,31-40,In Progress
S0524,2025,1,31-40,In Progress
S0524,2025,1,31-40,In Progress
S0524,2025,1,31-40,In Progress
S0524,2025,1,31-40,In Progress
S0524,2025,1,31-40,In Progress
S0524,2025,1,31-40,In Progress
S0524,2025,1,31-40,In Progress
S0524,2025,1,31-40,In Progress
S0525,2024,5,31-40,In Progress
S0525,2024,5,31-40,In Progress
S0525,2024,5,31-40,In Progress
S0525,2024,5,31-40,In Progress
S0525,2024,5,31-40,In Progress
S0525,2024,5,31-40,In Progress
S0525,2024,5,31-40,In Progress
S0525,2024,5,31-40,In Progress
S0525,2024,5,31-40,In Progress
S0525,2024,5,31-40,In Progress
S0526,2024,8,31-40,In Progress
S0526,2024,8,31-40,In Progress
S0526,2024,8,31-40,In Progress
S0526,2024,8,31-40,In Progress
S0526,2024,8,31-40,In Progress
S0526,2024,8,31-40,In Progress
S0526,2024,8,31-40,In Progress
S0526,2024,8,31-40,In Progress
S0526,2024,8,31-40,In Progress
S0526,2024,8,31-40,In Progress
S0526,2024,8,31-40,In Progress
S0526,2024,8,31-40,In Progress
S0526,2024,8,31-40,In Progress
S0526,2024,8,31-40,In Progress
S0526,2024,8,31-40,In Progress
S0527,2025,5,20-30,In Progress
S0527,2025,5,20-30,In Progress
S0527,2025,5,20-30,In Progress
S0527,2025,5,20-30,In Progress
S0527,2025,5,20-30,In Progress
S0527,2025,5,20-30,In Progress
S0527,2025,5,20-30,In Progress
S0527,2025,5,20-30,In Progress
S0527,2025,5,20-30,In Progress
S0527,2025,5,20-30,In Progress
S0527,2025,5,20-30,In Progress
S0527,2025,5,20-30,At Risk
S0527,2025,5,20-30,At Risk
S0527,2025,5,20-30,At Risk
S0528,2024,11,40+,In Progress
S0528,2024,11,40+,In Progress
S0528,2024,11,40+,At Risk
S0528,2024,11,40+,At Risk
S0528,2024,11,40+,At Risk
S0528,2024,11,40+,At Risk
S0528,2024,11,40+,At Risk
S0528,2024,11,40+,At Risk
S0528,2024,11,40+,At Risk
S0528,2024,11,40+,At Risk
S0528,2024,11,40+,At Risk
S0528,2024,11,40+,In Progress
S0528,2024,11,40+,In Progress
S0528,2024,11,40+,In Progress
S0528,2024,11,40+,In Progress
S0528,2024,11,40+,In Progress
S0529,2023,10,20-30,In Progress
S0529,2023,10,20-30,In Progress
S0529,2023,10,20-30,In Progress
S0529,2023,10,20-30,In Progress
S0529,2023,10,20-30,In Progress
S0529,2023,10,20-30,In Progress
S0529,2023,10,20-30,In Progress
S0529,2023,10,20-30,In Progress
S0529,2023,10,20-30,In Progress
S0529,2023,10,20-30,In Progress
S0529,2023,10,20-30,In Progress
S0529,2023,10,20-30,In Progress
S0529,2023,10,20-30,In Progress
S0529,2023,10,20-30,In Progress
S0529,2023,10,20-30,In Progress
S0529,2023,10,20-30,In Progress
S0529,2023,10,20-30,In Progress
S0529,2023,10,20-30,At Risk
S0529,2023,10,20-30,At Risk
S0529,2023,10,20-30,At Risk
S0530,2023,12,31-40,At Risk
S0530,2023,12,31-40,At Risk
S0530,2023,12,31-40,At Risk
S0530,2023,12,31-40,At Risk
S0530,2023,12,31-40,At Risk
S0530,2023,12,31-40,At Risk
S0530,2023,12,31-40,At Risk
S0530,2023,12,31-40,At Risk
S0530,2023,12,31-40,At Risk
S0530,2023,12,31-40,At Risk
S0530,2023,12,31-40,At Risk
S0530,2023,12,31-40,At Risk
S0530,2023,12,31-40,At Risk
S0530,2023,12,31-40,At Risk
S0530,2023,12,31-40,At Risk
S0530,2023,12,31-40,In Progress
S0530,2023,12,31-40,In Progress
S0530,2023,12,31-40,In Progress
S0530,2023,12,31-40,In Progress
S0531,2023,2,40+,In Progress
S0531,2023,2,40+,In Progress
S0531,2023,2,40+,At Risk
S0531,2023,2,40+,At Risk
S0531,2023,2,40+,At Risk
S0531,2023,2,40+,At Risk
S0531,2023,2,40+,At Risk
S0531,2023,2,40+,At Risk
S0531,2023,2,40+,At Risk
S0531,2023,2,40+,At Risk
S0531,2023,2,40+,At Risk
S0532,2024,6,20-30,At Risk
S0532,2024,6,20-30,At Risk
S0532,2024,6,20-30,At Risk
S0532,2024,6,20-30,In Progress
S0532,2024,6,20-30,In Progress
S0532,2024,6,20-30,In Progress
S0532,2024,6,20-30,At Risk
S0532,2024,6,20-30,At Risk
S0532,2024,6,20-30,In Progress
S0532,2024,6,20-30,In Progress
S0532,2024,6,20-30,At Risk
S0532,2024,6,20-30,At Risk
S0532,2024,6,20-30,At Risk
S0532,2024,6,20-30,At Risk
S0532,2024,6,20-30,At Risk
S0533,2023,10,20-30,In Progress
S0533,2023,10,20-30,In Progress
S0533,2023,10,20-30,In Progress
S0533,2023,10,20-30,In Progress
S0533,2023,10,20-30,In Progress
S0533,2023,10,20-30,At Risk
S0533,2023,10,20-30,At Risk
S0533,2023,10,20-30,At Risk
S0533,2023,10,20-30,At Risk
S0533,2023,10,20-30,At Risk
S0533,2023,10,20-30,At Risk
S0533,2023,10,20-30,At Risk
S0533,2023,10,20-30,At Risk
S0533,2023,10,20-30,At Risk
S0533,2023,10,20-30,In Progress
S0533,2023,10,20-30,In Progress
S0533,2023,10,20-30,In Progress
S0534,2025,5,31-40,In Progress
S0534,2025,5,31-40,In Progress
S0534,2025,5,31-40,In Progress
S0534,2025,5,31-40,In Progress
S0534,2025,5,31-40,In Progress
S0534,2025,5,31-40,In Progress
S0534,2025,5,31-40,In Progress
S0534,2025,5,31-40,In Progress
S0534,2025,5,31-40,In Progress
S0534,2025,5,31-40,In Progress
S0534,2025,5,31-40,In Progress
S0534,2025,5,31-40,In Progress
S0534,2025,5,31-40,In Progress
S0534,2025,5,31-40,In Progress
S0534,2025,5,31-40,In Progress
S0534,2025,5,31-40,In Progress
S0534,2025,5,31-40,At Risk
S0534,2025,5,31-40,At Risk
S0534,2025,5,31-40,At Risk
S0534,2025,5,31-40,At Risk
S0535,2023,5,31-40,At Risk
S0535,2023,5,31-40,At Risk
S0535,2023,5,31-40,In Progress
S0535,2023,5,31-40,In Progress
S0535,2023,5,31-40,In Progress
S0535,2023,5,31-40,In Progress
S0535,2023,5,31-40,At Risk
S0535,2023,5,31-40,At Risk
S0535,2023,5,31-40,At Risk
S0535,2023,5,31-40,At Risk
S0535,2023,5,31-40,At Risk
S0535,2023,5,31-40,In Progress
S0535,2023,5,31-40,In Progress
S0535,2023,5,31-40,In Progress
S0535,2023,5,31-40,In Progress
S0535,2023,5,31-40,At Risk
S0535,2023,5,31-40,At Risk
S0535,2023,5,31-40,At Risk
S0535,2023,5,31-40,At Risk
S0535,2023,5,31-40,At Risk
S0536,2023,9,20-30,In Progress
S0536,2023,9,20-30,In Progress
S0536,2023,9,20-30,In Progress
S0536,2023,9,20-30,In Progress
S0536,2023,9,20-30,In Progress
S0536,2023,9,20-30,In Progress
S0536,2023,9,20-30,In Progress
S0537,2024,8,40+,In Progress
S0537,2024,8,40+,In Progress
S0537,2024,8,40+,In Progress
S0537,2024,8,40+,In Progress
S0537,2024,8,40+,In Progress
S0537,2024,8,40+,At Risk
S0537,2024,8,40+,At Risk
S0537,2024,8,40+,At Risk
S0537,2024,8,40+,At Risk
S0537,2024,8,40+,At Risk
S0537,2024,8,40+,In Progress
S0537,2024,8,40+,In Progress
S0537,2024,8,40+,In Progress
S0537,2024,8,40+,At Risk
S0537,2024,8,40+,At Risk
S0537,2024,8,40+,At Risk
S0537,2024,8,40+,At Risk
S0537,2024,8,40+,In Progress
S0537,2024,8,40+,In Progress
S0537,2024,8,40+,In Progress
S0538,2023,6,20-30,At Risk
S0538,2023,6,20-30,At Risk
S0538,2023,6,20-30,In Progress
S0538,2023,6,20-30,In Progress
S0538,2023,6,20-30,In Progress
S0538,2023,6,20-30,In Progress
S0538,2023,6,20-30,In Progress
S0538,2023,6,20-30,In Progress
S0538,2023,6,20-30,In Progress
S0538,2023,6,20-30,In Progress
S0538,2023,6,20-30,At Risk
S0538,2023,6,20-30,At Risk
S0538,2023,6,20-30,At Risk
S0538,2023,6,20-30,At Risk
S0538,2023,6,20-30,At Risk
S0539,2023,9,Under 20,In Progress
S0539,2023,9,Under 20,In Progress
S0539,2023,9,Under 20,In Progress
S0539,2023,9,Under 20,In Progress
S0539,2023,9,Under 20,In Progress
S0539,2023,9,Under 20,In Progress
S0539,2023,9,Under 20,In Progress
S0539,2023,9,Under 20,In Progress
S0539,2023,9,Under 20,In Progress
S0539,2023,9,Under 20,In Progress
S0540,2024,12,Under 20,At Risk
S0540,2024,12,Under 20,At Risk
S0540,2024,12,Under 20,At Risk
S0540,2024,12,Under 20,At Risk
S0540,2024,12,Under 20,At Risk
S0540,2024,12,Under 20,At Risk
S0540,2024,12,Under 20,In Progress
S0540,2024,12,Under 20,In Progress
S0540,2024,12,Under 20,In Progress
S0540,2024,12,Under 20,In Progress
S0540,2024,12,Under 20,In Progress
S0540,2024,12,Under 20,In Progress
S0540,2024,12,Under 20,In Progress
S0541,2023,3,40+,At Risk
S0541,2023,3,40+,At Risk
S0541,2023,3,40+,At Risk
S0541,2023,3,40+,At Risk
S0541,2023,3,40+,At Risk
S0541,2023,3,40+,At Risk
S0541,2023,3,40+,At Risk
S0541,2023,3,40+,At Risk
S0541,2023,3,40+,At Risk
S0542,2023,8,40+,In Progress
S0542,2023,8,40+,In Progress
S0542,2023,8,40+,In Progress
S0542,2023,8,40+,At Risk
S0542,2023,8,40+,At Risk
S0542,2023,8,40+,At Risk
S0542,2023,8,40+,At Risk
S0543,2023,3,20-30,At Risk
S0543,2023,3,20-30,At Risk
S0543,2023,3,20-30,At Risk
S0543,2023,3,20-30,At Risk
S0543,2023,3,20-30,In Progress
S0543,2023,3,20-30,In Progress
S0543,2023,3,20-30,In Progress
S0543,2023,3,20-30,In Progress
S0543,2023,3,20-30,In Progress
S0543,2023,3,20-30,In Progress
S0543,2023,3,20-30,In Progress
S0544,2024,7,20-30,At Risk
S0544,2024,7,20-30,At Risk
S0544,2024,7,20-30,At Risk
S0544,2024,7,20-30,At Risk
S0544,2024,7,20-30,At Risk
S0544,2024,7,20-30,At Risk
S0544,2024,7,20-30,At Risk
S0544,2024,7,20-30,At Risk
S0545,2025,1,Under 20,In Progress
S0545,2025,1,Under 20,In Progress
S0545,2025,1,Under 20,In Progress
S0545,2025,1,Under 20,In Progress
S0545,2025,1,Under 20,In Progress
S0545,2025,1,Under 20,In Progress
S0545,2025,1,Under 20,In Progress
S0545,2025,1,Under 20,In Progress
S0545,2025,1,Under 20,In Progress
S0545,2025,1,Under 20,In Progress
S0545,2025,1,Under 20,In Progress
S0545,2025,1,Under 20,In Progress
S0545,2025,1,Under 20,In Progress
S0545,2025,1,Under 20,At Risk
S0545,2025,1,Under 20,At Risk
S0545,2025,1,Under 20,At Risk
S0545,2025,1,Under 20,At Risk
S0546,2023,6,Under 20,In Progress
S0546,2023,6,Under 20,In Progress
S0546,2023,6,Under 20,In Progress
S0546,2023,6,Under 20,In Progress
S0546,2023,6,Under 20,In Progress
S0546,2023,6,Under 20,In Progress
S0546,2023,6,Under 20,In Progress
S0546,2023,6,Under 20,In Progress
S0546,2023,6,Under 20,In Progress
S0546,2023,6,Under 20,In Progress
S0546,2023,6,Under 20,In Progress
S0546,2023,6,Under 20,In Progress
S0546,2023,6,Under 20,At Risk
S0546,2023,6,Under 20,At Risk
S0547,2025,1,40+,In Progress
S0547,2025,1,40+,In Progress
S0547,2025,1,40+,In Progress
S0547,2025,1,40+,In Progress
S0547,2025,1,40+,In Progress
S0547,2025,1,40+,In Progress
S0548,2025,3,40+,In Progress
S0548,2025,3,40+,In Progress
S0548,2025,3,40+,In Progress
S0548,2025,3,40+,In Progress
S0548,2025,3,40+,In Progress
S0548,2025,3,40+,At Risk
S0548,2025,3,40+,At Risk
S0548,2025,3,40+,In Progress
S0548,2025,3,40+,In Progress
S0548,2025,3,40+,In Progress
S0548,2025,3,40+,In Progress
S0548,2025,3,40+,In Progress
S0548,2025,3,40+,At Risk
S0548,2025,3,40+,At Risk
S0548,2025,3,40+,At Risk
S0548,2025,3,40+,At Risk
S0548,2025,3,40+,In Progress
S0548,2025,3,40+,In Progress
S0548,2025,3,40+,In Progress
S0548,2025,3,40+,In Progress
S0549,2023,2,40+,At Risk
S0549,2023,2,40+,At Risk
S0549,2023,2,40+,At Risk
S0549,2023,2,40+,At Risk
S0549,2023,2,40+,At Risk
S0549,2023,2,40+,In Progress
S0549,2023,2,40+,In Progress
S0549,2023,2,40+,In Progress
S0549,2023,2,40+,At Risk
S0549,2023,2,40+,At Risk
S0549,2023,2,40+,At Risk
S0549,2023,2,40+,At Risk
S0549,2023,2,40+,At Risk
S0549,2023,2,40+,At Risk
S0549,2023,2,40+,At Risk
S0550,2023,8,31-40,In Progress
S0550,2023,8,31-40,In Progress
S0550,2023,8,31-40,At Risk
S0550,2023,8,31-40,At Risk
S0551,2023,8,31-40,At Risk
S0551,2023,8,31-40,At Risk
S0551,2023,8,31-40,At Risk
S0551,2023,8,31-40,At Risk
S0551,2023,8,31-40,In Progress
S0551,2023,8,31-40,In Progress
S0551,2023,8,31-40,In Progress
S0551,2023,8,31-40,In Progress
S0551,2023,8,31-40,In Progress
S0551,2023,8,31-40,At Risk
S0551,2023,8,31-40,At Risk
S0551,2023,8,31-40,At Risk
S0551,2023,8,31-40,At Risk
S0551,2023,8,31-40,At Risk
S0551,2023,8,31-40,At Risk
S0551,2023,8,31-40,At Risk
S0551,2023,8,31-40,At Risk
S0551,2023,8,31-40,At Risk
S0552,2024,11,20-30,In Progress
S0552,2024,11,20-30,In Progress
S0552,2024,11,20-30,In Progress
S0552,2024,11,20-30,In Progress
S0552,2024,11,20-30,At Risk
S0552,2024,11,20-30,At Risk
S0552,2024,11,20-30,At Risk
S0552,2024,11,20-30,At Risk
S0552,2024,11,20-30,In Progress
S0552,2024,11,20-30,In Progress
S0553,2024,1,40+,In Progress
S0553,2024,1,40+,In Progress
S0553,2024,1,40+,In Progress
S0553,2024,1,40+,In Progress
S0553,2024,1,40+,In Progress
S0553,2024,1,40+,In Progress
S0553,2024,1,40+,In Progress
S0553,2024,1,40+,At Risk
S0553,2024,1,40+,At Risk
S0553,2024,1,40+,At Risk
S0553,2024,1,40+,At Risk
S0553,2024,1,40+,At Risk
S0553,2024,1,40+,At Risk
S0553,2024,1,40+,At Risk
S0553,2024,1,40+,In Progress
S0553,2024,1,40+,In Progress
S0554,2024,10,31-40,In Progress
S0554,2024,10,31-40,In Progress
S0554,2024,10,31-40,In Progress
S0554,2024,10,31-40,In Progress
S0554,2024,10,31-40,In Progress
S0554,2024,10,31-40,At Risk
S0554,2024,10,31-40,At Risk
S0554,2024,10,31-40,At Risk
S0555,2024,7,20-30,At Risk
S0555,2024,7,20-30,At Risk
S0555,2024,7,20-30,At Risk
S0555,2024,7,20-30,At Risk
S0555,2024,7,20-30,In Progress
S0555,2024,7,20-30,In Progress
S0555,2024,7,20-30,In Progress
S0555,2024,7,20-30,In Progress
S0555,2024,7,20-30,In Progress
S0555,2024,7,20-30,In Progress
S0555,2024,7,20-30,In Progress
S0555,2024,7,20-30,In Progress
S0555,2024,7,20-30,In Progress
S0556,2024,5,31-40,In Progress
S0556,2024,5,31-40,In Progress
S0556,2024,5,31-40,In Progress
S0556,2024,5,31-40,At Risk
S0556,2024,5,31-40,At Risk
S0556,2024,5,31-40,At Risk
S0556,2024,5,31-40,At Risk
S0556,2024,5,31-40,At Risk
S0556,2024,5,31-40,At Risk
S0556,2024,5,31-40,At Risk
S0556,2024,5,31-40,At Risk
S0556,2024,5,31-40,In Progress
S0556,2024,5,31-40,In Progress
S0557,2025,2,Under 20,In Progress
S0557,2025,2,Under 20,In Progress
S0557,2025,2,Under 20,In Progress
S0557,2025,2,Under 20,In Progress
S0557,2025,2,Under 20,In Progress
S0557,2025,2,Under 20,In Progress
S0557,2025,2,Under 20,In Progress
S0557,2025,2,Under 20,In Progress
S0557,2025,2,Under 20,In Progress
S0558,2024,6,40+,At Risk
S0558,2024,6,40+,At Risk
S0558,2024,6,40+,At Risk
S0558,2024,6,40+,At Risk
S0558,2024,6,40+,At Risk
S0558,2024,6,40+,At Risk
S0558,2024,6,40+,At Risk
S0558,2024,6,40+,At Risk
S0558,2024,6,40+,At Risk
S0559,2024,2,31-40,At Risk
S0559,2024,2,31-40,At Risk
S0559,2024,2,31-40,At Risk
S0559,2024,2,31-40,At Risk
S0559,2024,2,31-40,At Risk
S0559,2024,2,31-40,At Risk
S0559,2024,2,31-40,At Risk
S0559,2024,2,31-40,At Risk
S0560,2024,9,31-40,At Risk
S0560,2024,9,31-40,At Risk
S0560,2024,9,31-40,At Risk
S0560,2024,9,31-40,At Risk
S0560,2024,9,31-40,At Risk
S0560,2024,9,31-40,At Risk
S0560,2024,9,31-40,At Risk
S0560,2024,9,31-40,At Risk
S0560,2024,9,31-40,In Progress
S0560,2024,9,31-40,In Progress
S0560,2024,9,31-40,In Progress
S0561,2025,2,31-40,In Progress
S0561,2025,2,31-40,In Progress
S0561,2025,2,31-40,In Progress
S0561,2025,2,31-40,In Progress
S0561,2025,2,31-40,At Risk
S0561,2025,2,31-40,At Risk
S0561,2025,2,31-40,At Risk
S0561,2025,2,31-40,In Progress
S0561,2025,2,31-40,In Progress
S0561,2025,2,31-40,In Progress
S0561,2025,2,31-40,In Progress
S0562,2024,2,20-30,In Progress
S0562,2024,2,20-30,In Progress
S0562,2024,2,20-30,In Progress
S0562,2024,2,20-30,In Progress
S0562,2024,2,20-30,In Progress
S0562,2024,2,20-30,At Risk
S0562,2024,2,20-30,At Risk
S0562,2024,2,20-30,At Risk
S0562,2024,2,20-30,At Risk
S0562,2024,2,20-30,In Progress
S0562,2024,2,20-30,In Progress
S0562,2024,2,20-30,In Progress
S0562,2024,2,20-30,In Progress
S0562,2024,2,20-30,At Risk
S0562,2024,2,20-30,At Risk
S0563,2023,3,40+,At Risk
S0563,2023,3,40+,At Risk
S0563,2023,3,40+,At Risk
S0563,2023,3,40+,At Risk
S0563,2023,3,40+,At Risk
S0563,2023,3,40+,At Risk
S0563,2023,3,40+,At Risk
S0563,2023,3,40+,At Risk
S0563,2023,3,40+,At Risk
S0563,2023,3,40+,In Progress
S0563,2023,3,40+,In Progress
S0563,2023,3,40+,In Progress
S0563,2023,3,40+,In Progress
S0564,2023,10,40+,In Progress
S0564,2023,10,40+,In Progress
S0564,2023,10,40+,In Progress
S0564,2023,10,40+,In Progress
S0564,2023,10,40+,In Progress
S0565,2023,2,20-30,In Progress
S0565,2023,2,20-30,In Progress
S0565,2023,2,20-30,In Progress
S0565,2023,2,20-30,In Progress
S0565,2023,2,20-30,In Progress
S0565,2023,2,20-30,In Progress
S0565,2023,2,20-30,In Progress
S0565,2023,2,20-30,In Progress
S0565,2023,2,20-30,At Risk
S0565,2023,2,20-30,At Risk
S0566,2024,12,40+,At Risk
S0566,2024,12,40+,At Risk
S0566,2024,12,40+,At Risk
S0566,2024,12,40+,At Risk
S0566,2024,12,40+,At Risk
S0566,2024,12,40+,At Risk
S0566,2024,12,40+,At Risk
S0566,2024,12,40+,At Risk
S0566,2024,12,40+,At Risk
S0566,2024,12,40+,At Risk
S0566,2024,12,40+,At Risk
S0566,2024,12,40+,In Progress
S0566,2024,12,40+,In Progress
S0567,2024,12,Under 20,At Risk
S0567,2024,12,Under 20,At Risk
S0567,2024,12,Under 20,At Risk
S0567,2024,12,Under 20,At Risk
S0567,2024,12,Under 20,At Risk
S0567,2024,12,Under 20,At Risk
S0567,2024,12,Under 20,At Risk
S0567,2024,12,Under 20,At Risk
S0567,2024,12,Under 20,At Risk
S0567,2024,12,Under 20,In Progress
S0567,2024,12,Under 20,In Progress
S0567,2024,12,Under 20,In Progress
S0567,2024,12,Under 20,In Progress
S0568,2023,12,40+,In Progress
S0568,2023,12,40+,In Progress
S0568,2023,12,40+,In Progress
S0568,2023,12,40+,At Risk
S0568,2023,12,40+,At Risk
S0568,2023,12,40+,At Risk
S0568,2023,12,40+,At Risk
S0568,2023,12,40+,At Risk
S0568,2023,12,40+,At Risk
S0568,2023,12,40+,In Progress
S0568,2023,12,40+,In Progress
S0568,2023,12,40+,In Progress
S0568,2023,12,40+,In Progress
S0569,2023,11,31-40,In Progress
S0569,2023,11,31-40,In Progress
S0569,2023,11,31-40,In Progress
S0569,2023,11,31-40,In Progress
S0569,2023,11,31-40,At Risk
S0569,2023,11,31-40,At Risk
S0569,2023,11,31-40,At Risk
S0569,2023,11,31-40,At Risk
S0569,2023,11,31-40,At Risk
S0569,2023,11,31-40,In Progress
S0569,2023,11,31-40,In Progress
S0569,2023,11,31-40,In Progress
S0569,2023,11,31-40,In Progress
S0569,2023,11,31-40,In Progress
S0569,2023,11,31-40,In Progress
S0569,2023,11,31-40,In Progress
S0570,2023,7,31-40,In Progress
S0570,2023,7,31-40,In Progress
S0570,2023,7,31-40,At Risk
S0570,2023,7,31-40,At Risk
S0570,2023,7,31-40,At Risk
S0570,2023,7,31-40,In Progress
S0570,2023,7,31-40,In Progress
S0570,2023,7,31-40,In Progress
S0570,2023,7,31-40,In Progress
S0570,2023,7,31-40,In Progress
S0570,2023,7,31-40,In Progress
S0570,2023,7,31-40,In Progress
S0570,2023,7,31-40,In Progress
S0570,2023,7,31-40,In Progress
S0571,2024,11,20-30,At Risk
S0571,2024,11,20-30,At Risk
S0571,2024,11,20-30,At Risk
S0571,2024,11,20-30,In Progress
S0571,2024,11,20-30,In Progress
S0571,2024,11,20-30,In Progress
S0571,2024,11,20-30,In Progress
S0571,2024,11,20-30,In Progress
S0572,2023,8,40+,In Progress
S0572,2023,8,40+,In Progress
S0572,2023,8,40+,In Progress
S0572,2023,8,40+,In Progress
S0572,2023,8,40+,In Progress
S0572,2023,8,40+,In Progress
S0572,2023,8,40+,In Progress
S0572,2023,8,40+,In Progress
S0572,2023,8,40+,In Progress
S0572,2023,8,40+,In Progress
S0572,2023,8,40+,At Risk
S0572,2023,8,40+,At Risk
S0573,2024,9,40+,At Risk
S0573,2024,9,40+,At Risk
S0573,2024,9,40+,At Risk
S0573,2024,9,40+,At Risk
S0573,2024,9,40+,At Risk
S0573,2024,9,40+,At Risk
S0573,2024,9,40+,At Risk
S0573,2024,9,40+,At Risk
S0573,2024,9,40+,At Risk
S0573,2024,9,40+,At Risk
S0573,2024,9,40+,At Risk
S0573,2024,9,40+,At Risk
S0573,2024,9,40+,At Risk
S0573,2024,9,40+,At Risk
S0573,2024,9,40+,At Risk
S0574,2023,10,20-30,At Risk
S0574,2023,10,20-30,At Risk
S0574,2023,10,20-30,At Risk
S0574,2023,10,20-30,In Progress
S0574,2023,10,20-30,In Progress
S0574,2023,10,20-30,In Progress
S0574,2023,10,20-30,At Risk
S0574,2023,10,20-30,At Risk
S0574,2023,10,20-30,In Progress
S0574,2023,10,20-30,In Progress
S0574,2023,10,20-30,In Progress
S0575,2024,1,40+,At Risk
S0575,2024,1,40+,At Risk
S0575,2024,1,40+,At Risk
S0575,2024,1,40+,At Risk
S0575,2024,1,40+,At Risk
S0575,2024,1,40+,At Risk
S0575,2024,1,40+,At Risk
S0575,2024,1,40+,At Risk
S0575,2024,1,40+,In Progress
S0575,2024,1,40+,In Progress
S0575,2024,1,40+,In Progress
S0575,2024,1,40+,In Progress
S0575,2024,1,40+,In Progress
S0575,2024,1,40+,In Progress
S0575,2024,1,40+,In Progress
S0575,2024,1,40+,In Progress
S0575,2024,1,40+,In Progress
S0575,2024,1,40+,In Progress
S0576,2023,3,40+,At Risk
S0576,2023,3,40+,At Risk
S0576,2023,3,40+,At Risk
S0576,2023,3,40+,At Risk
S0576,2023,3,40+,At Risk
S0576,2023,3,40+,In Progress
S0576,2023,3,40+,In Progress
S0576,2023,3,40+,In Progress
S0576,2023,3,40+,In Progress
S0576,2023,3,40+,At Risk
S0576,2023,3,40+,At Risk
S0576,2023,3,40+,At Risk
S0576,2023,3,40+,At Risk
S0576,2023,3,40+,At Risk
S0576,2023,3,40+,At Risk
S0576,2023,3,40+,At Risk
S0576,2023,3,40+,At Risk
S0576,2023,3,40+,At Risk
S0577,2023,12,31-40,In Progress
S0577,2023,12,31-40,In Progress
S0577,2023,12,31-40,In Progress
S0577,2023,12,31-40,In Progress
S0577,2023,12,31-40,At Risk
S0577,2023,12,31-40,At Risk
S0577,2023,12,31-40,At Risk
S0577,2023,12,31-40,In Progress
S0577,2023,12,31-40,In Progress
S0577,2023,12,31-40,In Progress
S0577,2023,12,31-40,In Progress
S0577,2023,12,31-40,At Risk
S0577,2023,12,31-40,At Risk
S0577,2023,12,31-40,At Risk
S0577,2023,12,31-40,At Risk
S0577,2023,12,31-40,At Risk
S0577,2023,12,31-40,At Risk
S0577,2023,12,31-40,At Risk
S0577,2023,12,31-40,At Risk
S0578,2023,8,31-40,In Progress
S0578,2023,8,31-40,In Progress
S0578,2023,8,31-40,In Progress
S0578,2023,8,31-40,In Progress
S0578,2023,8,31-40,At Risk
S0578,2023,8,31-40,At Risk
S0578,2023,8,31-40,Completed
S0578,2023,8,31-40,Completed
S0578,2023,8,31-40,Completed
S0578,2023,8,31-40,Completed
S0578,2023,8,31-40,Completed
S0579,2023,5,40+,In Progress
S0579,2023,5,40+,In Progress
S0579,2023,5,40+,In Progress
S0579,2023,5,40+,In Progress
S0579,2023,5,40+,In Progress
S0579,2023,5,40+,In Progress
S0579,2023,5,40+,In Progress
S0579,2023,5,40+,At Risk
S0579,2023,5,40+,At Risk
S0579,2023,5,40+,In Progress
S0579,2023,5,40+,In Progress
S0580,2023,2,31-40,At Risk
S0580,2023,2,31-40,At Risk
S0580,2023,2,31-40,At Risk
S0580,2023,2,31-40,At Risk
S0580,2023,2,31-40,At Risk
S0580,2023,2,31-40,At Risk
S0580,2023,2,31-40,At Risk
S0580,2023,2,31-40,At Risk
S0580,2023,2,31-40,At Risk
S0580,2023,2,31-40,At Risk
S0580,2023,2,31-40,At Risk
S0580,2023,2,31-40,At Risk
S0580,2023,2,31-40,At Risk
S0581,2023,5,31-40,In Progress
S0581,2023,5,31-40,In Progress
S0581,2023,5,31-40,In Progress
S0581,2023,5,31-40,At Risk
S0581,2023,5,31-40,At Risk
S0582,2024,3,20-30,In Progress
S0582,2024,3,20-30,In Progress
S0582,2024,3,20-30,In Progress
S0582,2024,3,20-30,At Risk
S0582,2024,3,20-30,At Risk
S0582,2024,3,20-30,At Risk
S0582,2024,3,20-30,At Risk
S0582,2024,3,20-30,At Risk
S0582,2024,3,20-30,In Progress
S0582,2024,3,20-30,In Progress
S0582,2024,3,20-30,In Progress
S0582,2024,3,20-30,In Progress
S0582,2024,3,20-30,In Progress
S0582,2024,3,20-30,In Progress
S0582,2024,3,20-30,In Progress
S0583,2023,11,40+,At Risk
S0583,2023,11,40+,At Risk
S0583,2023,11,40+,At Risk
S0583,2023,11,40+,At Risk
S0583,2023,11,40+,At Risk
S0584,2023,7,20-30,At Risk
S0584,2023,7,20-30,At Risk
S0584,2023,7,20-30,At Risk
S0584,2023,7,20-30,At Risk
S0584,2023,7,20-30,At Risk
S0584,2023,7,20-30,At Risk
S0584,2023,7,20-30,At Risk
S0584,2023,7,20-30,At Risk
S0584,2023,7,20-30,In Progress
S0584,2023,7,20-30,In Progress
S0584,2023,7,20-30,At Risk
S0584,2023,7,20-30,At Risk
S0584,2023,7,20-30,At Risk
S0584,2023,7,20-30,At Risk
S0584,2023,7,20-30,In Progress
S0584,2023,7,20-30,In Progress
S0585,2025,3,31-40,In Progress
S0585,2025,3,31-40,In Progress
S0585,2025,3,31-40,In Progress
S0585,2025,3,31-40,At Risk
S0585,2025,3,31-40,At Risk
S0585,2025,3,31-40,At Risk
S0585,2025,3,31-40,At Risk
S0585,2025,3,31-40,At Risk
S0585,2025,3,31-40,In Progress
S0585,2025,3,31-40,In Progress
S0585,2025,3,31-40,In Progress
S0585,2025,3,31-40,In Progress
S0585,2025,3,31-40,In Progress
S0585,2025,3,31-40,In Progress
S0586,2025,3,20-30,In Progress
S0586,2025,3,20-30,In Progress
S0586,2025,3,20-30,In Progress
S0586,2025,3,20-30,In Progress
S0586,2025,3,20-30,In Progress
S0586,2025,3,20-30,In Progress
S0586,2025,3,20-30,In Progress
S0586,2025,3,20-30,In Progress
S0586,2025,3,20-30,In Progress
S0586,2025,3,20-30,At Risk
S0586,2025,3,20-30,At Risk
S0586,2025,3,20-30,At Risk
S0586,2025,3,20-30,At Risk
S0586,2025,3,20-30,At Risk
S0586,2025,3,20-30,At Risk
S0586,2025,3,20-30,At Risk
S0586,2025,3,20-30,At Risk
S0586,2025,3,20-30,In Progress
S0586,2025,3,20-30,In Progress
S0586,2025,3,20-30,In Progress
S0586,2025,3,20-30,In Progress
S0587,2024,4,20-30,At Risk
S0587,2024,4,20-30,At Risk
S0587,2024,4,20-30,At Risk
S0587,2024,4,20-30,At Risk
S0587,2024,4,20-30,At Risk
S0587,2024,4,20-30,At Risk
S0587,2024,4,20-30,At Risk
S0587,2024,4,20-30,At Risk
S0587,2024,4,20-30,At Risk
S0587,2024,4,20-30,At Risk
S0587,2024,4,20-30,At Risk
S0587,2024,4,20-30,At Risk
S0587,2024,4,20-30,At Risk
S0588,2023,11,40+,Completed
S0588,2023,11,40+,Completed
S0588,2023,11,40+,Completed
S0588,2023,11,40+,Completed
S0588,2023,11,40+,Completed
S0588,2023,11,40+,In Progress
S0588,2023,11,40+,In Progress
S0588,2023,11,40+,In Progress
S0588,2023,11,40+,In Progress
S0588,2023,11,40+,In Progress
S0588,2023,11,40+,In Progress
S0588,2023,11,40+,In Progress
S0589,2024,12,40+,At Risk
S0589,2024,12,40+,At Risk
S0589,2024,12,40+,At Risk
S0589,2024,12,40+,In Progress
S0589,2024,12,40+,In Progress
S0589,2024,12,40+,In Progress
S0589,2024,12,40+,In Progress
S0590,2023,7,31-40,In Progress
S0590,2023,7,31-40,In Progress
S0590,2023,7,31-40,In Progress
S0590,2023,7,31-40,In Progress
S0590,2023,7,31-40,In Progress
S0590,2023,7,31-40,In Progress
S0590,2023,7,31-40,In Progress
S0591,2023,6,40+,At Risk
S0591,2023,6,40+,At Risk
S0591,2023,6,40+,At Risk
S0591,2023,6,40+,At Risk
S0591,2023,6,40+,At Risk
S0591,2023,6,40+,At Risk
S0591,2023,6,40+,At Risk
S0591,2023,6,40+,At Risk
S0591,2023,6,40+,In Progress
S0591,2023,6,40+,In Progress
S0592,2024,10,Under 20,At Risk
S0592,2024,10,Under 20,At Risk
S0592,2024,10,Under 20,In Progress
S0592,2024,10,Under 20,In Progress
S0592,2024,10,Under 20,In Progress
S0593,2023,7,40+,At Risk
S0593,2023,7,40+,At Risk
S0593,2023,7,40+,At Risk
S0593,2023,7,40+,At Risk
S0593,2023,7,40+,At Risk
S0593,2023,7,40+,In Progress
S0593,2023,7,40+,In Progress
S0593,2023,7,40+,In Progress
S0593,2023,7,40+,In Progress
S0593,2023,7,40+,In Progress
S0593,2023,7,40+,In Progress
S0593,2023,7,40+,In Progress
S0593,2023,7,40+,In Progress
S0594,2023,1,20-30,At Risk
S0594,2023,1,20-30,At Risk
S0594,2023,1,20-30,At Risk
S0594,2023,1,20-30,At Risk
S0594,2023,1,20-30,At Risk
S0594,2023,1,20-30,In Progress
S0594,2023,1,20-30,In Progress
S0594,2023,1,20-30,In Progress
S0594,2023,1,20-30,In Progress
S0594,2023,1,20-30,In Progress
S0594,2023,1,20-30,In Progress
S0594,2023,1,20-30,In Progress
S0594,2023,1,20-30,In Progress
S0594,2023,1,20-30,In Progress
S0594,2023,1,20-30,In Progress
S0594,2023,1,20-30,In Progress
S0594,2023,1,20-30,In Progress
S0595,2023,12,20-30,In Progress
S0595,2023,12,20-30,In Progress
S0595,2023,12,20-30,In Progress
S0595,2023,12,20-30,In Progress
S0595,2023,12,20-30,In Progress
S0595,2023,12,20-30,In Progress
S0595,2023,12,20-30,In Progress
S0595,2023,12,20-30,At Risk
S0595,2023,12,20-30,At Risk
S0595,2023,12,20-30,At Risk
S0595,2023,12,20-30,At Risk
S0595,2023,12,20-30,In Progress
S0595,2023,12,20-30,In Progress
S0595,2023,12,20-30,In Progress
S0595,2023,12,20-30,In Progress
S0595,2023,12,20-30,In Progress
S0595,2023,12,20-30,In Progress
S0595,2023,12,20-30,In Progress
S0596,2025,5,31-40,At Risk
S0596,2025,5,31-40,At Risk
S0596,2025,5,31-40,At Risk
S0596,2025,5,31-40,At Risk
S0596,2025,5,31-40,In Progress
S0596,2025,5,31-40,In Progress
S0596,2025,5,31-40,In Progress
S0596,2025,5,31-40,In Progress
S0596,2025,5,31-40,In Progress
S0596,2025,5,31-40,In Progress
S0596,2025,5,31-40,In Progress
S0596,2025,5,31-40,In Progress
S0596,2025,5,31-40,In Progress
S0596,2025,5,31-40,In Progress
S0596,2025,5,31-40,In Progress
S0596,2025,5,31-40,In Progress
S0596,2025,5,31-40,In Progress
S0596,2025,5,31-40,In Progress
S0597,2023,3,31-40,At Risk
S0597,2023,3,31-40,At Risk
S0597,2023,3,31-40,At Risk
S0597,2023,3,31-40,In Progress
S0597,2023,3,31-40,In Progress
S0597,2023,3,31-40,In Progress
S0597,2023,3,31-40,In Progress
S0597,2023,3,31-40,In Progress
S0597,2023,3,31-40,In Progress
S0597,2023,3,31-40,In Progress
S0597,2023,3,31-40,At Risk
S0597,2023,3,31-40,At Risk
S0597,2023,3,31-40,At Risk
S0597,2023,3,31-40,At Risk
S0597,2023,3,31-40,At Risk
S0598,2023,7,20-30,At Risk
S0598,2023,7,20-30,At Risk
S0598,2023,7,20-30,At Risk
S0598,2023,7,20-30,At Risk
S0598,2023,7,20-30,At Risk
S0598,2023,7,20-30,In Progress
S0598,2023,7,20-30,In Progress
S0598,2023,7,20-30,In Progress
S0598,2023,7,20-30,In Progress
S0598,2023,7,20-30,At Risk
S0598,2023,7,20-30,At Risk
S0598,2023,7,20-30,At Risk
S0598,2023,7,20-30,At Risk
S0599,2023,9,31-40,In Progress
S0599,2023,9,31-40,In Progress
S0599,2023,9,31-40,In Progress
S0599,2023,9,31-40,At Risk
S0599,2023,9,31-40,At Risk
S0599,2023,9,31-40,At Risk
S0600,2024,12,20-30,In Progress
S0600,2024,12,20-30,In Progress
S0600,2024,12,20-30,At Risk
S0600,2024,12,20-30,At Risk
S0600,2024,12,20-30,At Risk
S0600,2024,12,20-30,At Risk
S0601,2025,1,40+,In Progress
S0601,2025,1,40+,In Progress
S0601,2025,1,40+,In Progress
S0601,2025,1,40+,In Progress
S0601,2025,1,40+,In Progress
S0601,2025,1,40+,In Progress
S0601,2025,1,40+,In Progress
S0601,2025,1,40+,At Risk
S0601,2025,1,40+,At Risk
S0601,2025,1,40+,At Risk
S0601,2025,1,40+,At Risk
S0601,2025,1,40+,At Risk
S0601,2025,1,40+,At Risk
S0601,2025,1,40+,At Risk
S0601,2025,1,40+,At Risk
S0601,2025,1,40+,At Risk
S0602,2025,3,40+,In Progress
S0602,2025,3,40+,In Progress
S0602,2025,3,40+,In Progress
S0602,2025,3,40+,In Progress
S0602,2025,3,40+,In Progress
S0602,2025,3,40+,In Progress
S0602,2025,3,40+,In Progress
S0602,2025,3,40+,At Risk
S0602,2025,3,40+,At Risk
S0602,2025,3,40+,At Risk
S0602,2025,3,40+,At Risk
S0602,2025,3,40+,At Risk
S0603,2025,6,40+,At Risk
S0603,2025,6,40+,At Risk
S0603,2025,6,40+,At Risk
S0603,2025,6,40+,In Progress
S0603,2025,6,40+,In Progress
S0603,2025,6,40+,In Progress
S0603,2025,6,40+,In Progress
S0603,2025,6,40+,In Progress
S0603,2025,6,40+,In Progress
S0603,2025,6,40+,In Progress
S0604,2025,5,20-30,In Progress
S0604,2025,5,20-30,In Progress
S0604,2025,5,20-30,At Risk
S0604,2025,5,20-30,At Risk
S0604,2025,5,20-30,At Risk
S0604,2025,5,20-30,At Risk
S0604,2025,5,20-30,At Risk
S0604,2025,5,20-30,At Risk
S0604,2025,5,20-30,At Risk
S0604,2025,5,20-30,In Progress
S0604,2025,5,20-30,In Progress
S0604,2025,5,20-30,In Progress
S0604,2025,5,20-30,In Progress
S0605,2023,10,40+,At Risk
S0605,2023,10,40+,At Risk
S0605,2023,10,40+,In Progress
S0605,2023,10,40+,In Progress
S0605,2023,10,40+,In Progress
S0605,2023,10,40+,In Progress
S0605,2023,10,40+,At Risk
S0605,2023,10,40+,At Risk
S0605,2023,10,40+,At Risk
S0605,2023,10,40+,At Risk
S0605,2023,10,40+,At Risk
S0606,2024,7,40+,At Risk
S0606,2024,7,40+,At Risk
S0606,2024,7,40+,At Risk
S0606,2024,7,40+,At Risk
S0606,2024,7,40+,At Risk
S0606,2024,7,40+,In Progress
S0606,2024,7,40+,In Progress
S0606,2024,7,40+,In Progress
S0606,2024,7,40+,In Progress
S0606,2024,7,40+,In Progress
S0606,2024,7,40+,In Progress
S0606,2024,7,40+,In Progress
S0606,2024,7,40+,In Progress
S0606,2024,7,40+,In Progress
S0607,2024,3,20-30,In Progress
S0607,2024,3,20-30,In Progress
S0607,2024,3,20-30,In Progress
S0607,2024,3,20-30,In Progress
S0607,2024,3,20-30,In Progress
S0607,2024,3,20-30,In Progress
S0607,2024,3,20-30,In Progress
S0607,2024,3,20-30,In Progress
S0607,2024,3,20-30,In Progress
S0607,2024,3,20-30,In Progress
S0607,2024,3,20-30,In Progress
S0607,2024,3,20-30,In Progress
S0607,2024,3,20-30,In Progress
S0607,2024,3,20-30,In Progress
S0607,2024,3,20-30,In Progress
S0608,2024,12,20-30,At Risk
S0608,2024,12,20-30,At Risk
S0608,2024,12,20-30,At Risk
S0608,2024,12,20-30,At Risk
S0608,2024,12,20-30,At Risk
S0608,2024,12,20-30,At Risk
S0608,2024,12,20-30,In Progress
S0608,2024,12,20-30,In Progress
S0608,2024,12,20-30,In Progress
S0608,2024,12,20-30,In Progress
S0608,2024,12,20-30,At Risk
S0608,2024,12,20-30,At Risk
S0608,2024,12,20-30,At Risk
S0608,2024,12,20-30,At Risk
S0608,2024,12,20-30,In Progress
S0608,2024,12,20-30,In Progress
S0609,2023,10,31-40,At Risk
S0609,2023,10,31-40,At Risk
S0609,2023,10,31-40,At Risk
S0609,2023,10,31-40,At Risk
S0609,2023,10,31-40,At Risk
S0609,2023,10,31-40,At Risk
S0609,2023,10,31-40,At Risk
S0609,2023,10,31-40,At Risk
S0609,2023,10,31-40,In Progress
S0609,2023,10,31-40,In Progress
S0609,2023,10,31-40,In Progress
S0609,2023,10,31-40,At Risk
S0609,2023,10,31-40,At Risk
S0609,2023,10,31-40,At Risk
S0610,2024,12,20-30,In Progress
S0610,2024,12,20-30,In Progress
S0610,2024,12,20-30,In Progress
S0610,2024,12,20-30,In Progress
S0610,2024,12,20-30,In Progress
S0610,2024,12,20-30,In Progress
S0610,2024,12,20-30,In Progress
S0610,2024,12,20-30,In Progress
S0610,2024,12,20-30,In Progress
S0610,2024,12,20-30,In Progress
S0610,2024,12,20-30,In Progress
S0610,2024,12,20-30,In Progress
S0610,2024,12,20-30,In Progress
S0610,2024,12,20-30,In Progress
S0610,2024,12,20-30,At Risk
S0610,2024,12,20-30,At Risk
S0610,2024,12,20-30,At Risk
S0611,2023,1,31-40,In Progress
S0611,2023,1,31-40,In Progress
S0611,2023,1,31-40,In Progress
S0611,2023,1,31-40,In Progress
S0611,2023,1,31-40,In Progress
S0611,2023,1,31-40,In Progress
S0611,2023,1,31-40,In Progress
S0611,2023,1,31-40,In Progress
S0611,2023,1,31-40,In Progress
S0611,2023,1,31-40,In Progress
S0611,2023,1,31-40,In Progress
S0611,2023,1,31-40,In Progress
S0611,2023,1,31-40,In Progress
S0611,2023,1,31-40,In Progress
S0611,2023,1,31-40,In Progress
S0611,2023,1,31-40,In Progress
S0611,2023,1,31-40,In Progress
S0611,2023,1,31-40,In Progress
S0611,2023,1,31-40,In Progress
S0612,2023,7,40+,In Progress
S0612,2023,7,40+,In Progress
S0612,2023,7,40+,In Progress
S0612,2023,7,40+,In Progress
S0612,2023,7,40+,In Progress
S0612,2023,7,40+,In Progress
S0612,2023,7,40+,In Progress
S0612,2023,7,40+,In Progress
S0612,2023,7,40+,In Progress
S0613,2025,6,Under 20,At Risk
S0613,2025,6,Under 20,At Risk
S0613,2025,6,Under 20,At Risk
S0613,2025,6,Under 20,At Risk
S0613,2025,6,Under 20,In Progress
S0613,2025,6,Under 20,In Progress
S0613,2025,6,Under 20,In Progress
S0613,2025,6,Under 20,In Progress
S0613,2025,6,Under 20,At Risk
S0613,2025,6,Under 20,At Risk
S0613,2025,6,Under 20,At Risk
S0613,2025,6,Under 20,At Risk
S0613,2025,6,Under 20,In Progress
S0613,2025,6,Under 20,In Progress
S0613,2025,6,Under 20,In Progress
S0613,2025,6,Under 20,In Progress
S0614,2023,11,31-40,In Progress
S0614,2023,11,31-40,In Progress
S0614,2023,11,31-40,At Risk
S0614,2023,11,31-40,At Risk
S0614,2023,11,31-40,At Risk
S0614,2023,11,31-40,In Progress
S0614,2023,11,31-40,In Progress
S0615,2023,3,40+,At Risk
S0615,2023,3,40+,At Risk
S0615,2023,3,40+,At Risk
S0615,2023,3,40+,At Risk
S0615,2023,3,40+,In Progress
S0615,2023,3,40+,In Progress
S0615,2023,3,40+,In Progress
S0615,2023,3,40+,In Progress
S0615,2023,3,40+,At Risk
S0615,2023,3,40+,At Risk
S0615,2023,3,40+,At Risk
S0615,2023,3,40+,At Risk
S0616,2024,3,40+,At Risk
S0616,2024,3,40+,At Risk
S0616,2024,3,40+,At Risk
S0616,2024,3,40+,At Risk
S0616,2024,3,40+,In Progress
S0616,2024,3,40+,In Progress
S0616,2024,3,40+,In Progress
S0616,2024,3,40+,In Progress
S0616,2024,3,40+,In Progress
S0616,2024,3,40+,At Risk
S0616,2024,3,40+,At Risk
S0616,2024,3,40+,In Progress
S0616,2024,3,40+,In Progress
S0616,2024,3,40+,In Progress
S0616,2024,3,40+,In Progress
S0616,2024,3,40+,In Progress
S0617,2024,12,40+,In Progress
S0617,2024,12,40+,In Progress
S0617,2024,12,40+,At Risk
S0617,2024,12,40+,At Risk
S0617,2024,12,40+,In Progress
S0617,2024,12,40+,In Progress
S0617,2024,12,40+,In Progress
S0618,2025,2,31-40,At Risk
S0618,2025,2,31-40,At Risk
S0618,2025,2,31-40,In Progress
S0618,2025,2,31-40,In Progress
S0618,2025,2,31-40,In Progress
S0618,2025,2,31-40,At Risk
S0618,2025,2,31-40,At Risk
S0618,2025,2,31-40,In Progress
S0618,2025,2,31-40,In Progress
S0619,2025,3,40+,In Progress
S0619,2025,3,40+,In Progress
S0619,2025,3,40+,In Progress
S0619,2025,3,40+,In Progress
S0619,2025,3,40+,In Progress
S0619,2025,3,40+,In Progress
S0619,2025,3,40+,In Progress
S0620,2025,3,31-40,At Risk
S0620,2025,3,31-40,At Risk
S0620,2025,3,31-40,At Risk
S0620,2025,3,31-40,At Risk
S0620,2025,3,31-40,In Progress
S0620,2025,3,31-40,In Progress
S0620,2025,3,31-40,In Progress
S0620,2025,3,31-40,In Progress
S0620,2025,3,31-40,In Progress
S0621,2023,12,31-40,Completed
S0621,2023,12,31-40,Completed
S0621,2023,12,31-40,Completed
S0621,2023,12,31-40,Completed
S0621,2023,12,31-40,In Progress
S0621,2023,12,31-40,In Progress
S0622,2023,3,Under 20,In Progress
S0622,2023,3,Under 20,In Progress
S0622,2023,3,Under 20,In Progress
S0622,2023,3,Under 20,In Progress
S0622,2023,3,Under 20,In Progress
S0622,2023,3,Under 20,In Progress
S0622,2023,3,Under 20,In Progress
S0623,2023,1,20-30,At Risk
S0623,2023,1,20-30,At Risk
S0623,2023,1,20-30,At Risk
S0623,2023,1,20-30,At Risk
S0623,2023,1,20-30,At Risk
S0623,2023,1,20-30,At Risk
S0623,2023,1,20-30,At Risk
S0623,2023,1,20-30,At Risk
S0623,2023,1,20-30,At Risk
S0623,2023,1,20-30,At Risk
S0623,2023,1,20-30,At Risk
S0623,2023,1,20-30,At Risk
S0623,2023,1,20-30,At Risk
S0623,2023,1,20-30,At Risk
S0623,2023,1,20-30,At Risk
S0623,2023,1,20-30,At Risk
S0624,2023,3,40+,In Progress
S0624,2023,3,40+,In Progress
S0624,2023,3,40+,In Progress
S0624,2023,3,40+,In Progress
S0624,2023,3,40+,In Progress
S0624,2023,3,40+,At Risk
S0624,2023,3,40+,At Risk
S0624,2023,3,40+,At Risk
S0624,2023,3,40+,At Risk
S0624,2023,3,40+,At Risk
S0624,2023,3,40+,At Risk
S0624,2023,3,40+,At Risk
S0624,2023,3,40+,At Risk
S0625,2024,5,31-40,Completed
S0625,2024,5,31-40,Completed
S0625,2024,5,31-40,Completed
S0625,2024,5,31-40,Completed
S0625,2024,5,31-40,In Progress
S0625,2024,5,31-40,In Progress
S0625,2024,5,31-40,In Progress
S0625,2024,5,31-40,In Progress
S0625,2024,5,31-40,In Progress
S0625,2024,5,31-40,In Progress
S0625,2024,5,31-40,In Progress
S0625,2024,5,31-40,In Progress
S0625,2024,5,31-40,At Risk
S0625,2024,5,31-40,At Risk
S0625,2024,5,31-40,At Risk
S0626,2024,2,20-30,At Risk
S0626,2024,2,20-30,At Risk
S0626,2024,2,20-30,At Risk
S0626,2024,2,20-30,At Risk
S0626,2024,2,20-30,At Risk
S0626,2024,2,20-30,At Risk
S0626,2024,2,20-30,At Risk
S0626,2024,2,20-30,At Risk
S0626,2024,2,20-30,At Risk
S0626,2024,2,20-30,At Risk
S0626,2024,2,20-30,At Risk
S0626,2024,2,20-30,At Risk
S0627,2024,7,31-40,In Progress
S0627,2024,7,31-40,In Progress
S0627,2024,7,31-40,In Progress
S0627,2024,7,31-40,In Progress
S0627,2024,7,31-40,In Progress
S0627,2024,7,31-40,In Progress
S0627,2024,7,31-40,In Progress
S0627,2024,7,31-40,In Progress
S0628,2024,7,20-30,In Progress
S0628,2024,7,20-30,In Progress
S0628,2024,7,20-30,In Progress
S0628,2024,7,20-30,In Progress
S0628,2024,7,20-30,At Risk
S0628,2024,7,20-30,At Risk
S0628,2024,7,20-30,At Risk
S0628,2024,7,20-30,At Risk
S0628,2024,7,20-30,At Risk
S0628,2024,7,20-30,At Risk
S0628,2024,7,20-30,At Risk
S0628,2024,7,20-30,At Risk
S0629,2023,9,40+,In Progress
S0629,2023,9,40+,In Progress
S0629,2023,9,40+,In Progress
S0629,2023,9,40+,In Progress
S0629,2023,9,40+,In Progress
S0629,2023,9,40+,At Risk
S0629,2023,9,40+,At Risk
S0629,2023,9,40+,At Risk
S0629,2023,9,40+,At Risk
S0629,2023,9,40+,At Risk
S0629,2023,9,40+,At Risk
S0629,2023,9,40+,At Risk
S0629,2023,9,40+,At Risk
S0629,2023,9,40+,At Risk
S0629,2023,9,40+,At Risk
S0630,2025,5,31-40,At Risk
S0630,2025,5,31-40,At Risk
S0630,2025,5,31-40,In Progress
S0630,2025,5,31-40,In Progress
S0630,2025,5,31-40,In Progress
S0630,2025,5,31-40,In Progress
S0630,2025,5,31-40,In Progress
S0630,2025,5,31-40,In Progress
S0630,2025,5,31-40,In Progress
S0630,2025,5,31-40,In Progress
S0630,2025,5,31-40,In Progress
S0630,2025,5,31-40,At Risk
S0630,2025,5,31-40,At Risk
S0630,2025,5,31-40,At Risk
S0630,2025,5,31-40,At Risk
S0631,2024,1,31-40,At Risk
S0631,2024,1,31-40,At Risk
S0631,2024,1,31-40,At Risk
S0631,2024,1,31-40,At Risk
S0631,2024,1,31-40,At Risk
S0631,2024,1,31-40,In Progress
S0631,2024,1,31-40,In Progress
S0631,2024,1,31-40,At Risk
S0631,2024,1,31-40,At Risk
S0631,2024,1,31-40,At Risk
S0632,2024,8,31-40,In Progress
S0632,2024,8,31-40,In Progress
S0632,2024,8,31-40,In Progress
S0632,2024,8,31-40,In Progress
S0632,2024,8,31-40,In Progress
S0632,2024,8,31-40,At Risk
S0632,2024,8,31-40,At Risk
S0632,2024,8,31-40,In Progress
S0632,2024,8,31-40,In Progress
S0632,2024,8,31-40,In Progress
S0632,2024,8,31-40,In Progress
S0632,2024,8,31-40,In Progress
S0632,2024,8,31-40,At Risk
S0632,2024,8,31-40,At Risk
S0632,2024,8,31-40,At Risk
S0632,2024,8,31-40,At Risk
S0632,2024,8,31-40,At Risk
S0632,2024,8,31-40,At Risk
S0632,2024,8,31-40,At Risk
S0633,2025,5,40+,At Risk
S0633,2025,5,40+,At Risk
S0633,2025,5,40+,At Risk
S0633,2025,5,40+,At Risk
S0633,2025,5,40+,In Progress
S0633,2025,5,40+,In Progress
S0633,2025,5,40+,In Progress
S0633,2025,5,40+,In Progress
S0633,2025,5,40+,In Progress
S0633,2025,5,40+,In Progress
S0633,2025,5,40+,In Progress
S0633,2025,5,40+,In Progress
S0633,2025,5,40+,In Progress
S0634,2023,7,20-30,In Progress
S0634,2023,7,20-30,In Progress
S0634,2023,7,20-30,In Progress
S0634,2023,7,20-30,At Risk
S0634,2023,7,20-30,At Risk
S0634,2023,7,20-30,At Risk
S0634,2023,7,20-30,In Progress
S0634,2023,7,20-30,In Progress
S0634,2023,7,20-30,At Risk
S0634,2023,7,20-30,At Risk
S0634,2023,7,20-30,At Risk
S0634,2023,7,20-30,At Risk
S0634,2023,7,20-30,At Risk
S0634,2023,7,20-30,In Progress
S0634,2023,7,20-30,In Progress
S0634,2023,7,20-30,In Progress
S0634,2023,7,20-30,In Progress
S0635,2024,5,Under 20,At Risk
S0635,2024,5,Under 20,At Risk
S0635,2024,5,Under 20,At Risk
S0635,2024,5,Under 20,In Progress
S0635,2024,5,Under 20,In Progress
S0635,2024,5,Under 20,In Progress
S0635,2024,5,Under 20,At Risk
S0635,2024,5,Under 20,At Risk
S0635,2024,5,Under 20,At Risk
S0635,2024,5,Under 20,At Risk
S0635,2024,5,Under 20,At Risk
S0636,2023,3,31-40,In Progress
S0636,2023,3,31-40,In Progress
S0636,2023,3,31-40,In Progress
S0636,2023,3,31-40,In Progress
S0636,2023,3,31-40,In Progress
S0636,2023,3,31-40,In Progress
S0636,2023,3,31-40,In Progress
S0637,2025,6,20-30,In Progress
S0637,2025,6,20-30,In Progress
S0637,2025,6,20-30,In Progress
S0637,2025,6,20-30,In Progress
S0638,2024,10,31-40,At Risk
S0638,2024,10,31-40,At Risk
S0638,2024,10,31-40,At Risk
S0638,2024,10,31-40,At Risk
S0638,2024,10,31-40,At Risk
S0638,2024,10,31-40,At Risk
S0638,2024,10,31-40,In Progress
S0638,2024,10,31-40,In Progress
S0638,2024,10,31-40,In Progress
S0638,2024,10,31-40,In Progress
S0638,2024,10,31-40,In Progress
S0638,2024,10,31-40,At Risk
S0638,2024,10,31-40,At Risk
S0639,2023,9,31-40,At Risk
S0639,2023,9,31-40,At Risk
S0639,2023,9,31-40,In Progress
S0639,2023,9,31-40,In Progress
S0639,2023,9,31-40,In Progress
S0639,2023,9,31-40,In Progress
S0640,2024,3,40+,At Risk
S0640,2024,3,40+,At Risk
S0640,2024,3,40+,At Risk
S0640,2024,3,40+,At Risk
S0640,2024,3,40+,At Risk
S0640,2024,3,40+,At Risk
S0640,2024,3,40+,At Risk
S0640,2024,3,40+,At Risk
S0640,2024,3,40+,In Progress
S0640,2024,3,40+,In Progress
S0640,2024,3,40+,In Progress
S0640,2024,3,40+,In Progress
S0640,2024,3,40+,In Progress
S0640,2024,3,40+,At Risk
S0640,2024,3,40+,At Risk
S0640,2024,3,40+,At Risk
S0640,2024,3,40+,At Risk
S0640,2024,3,40+,At Risk
S0641,2024,4,31-40,In Progress
S0641,2024,4,31-40,In Progress
S0641,2024,4,31-40,In Progress
S0641,2024,4,31-40,In Progress
S0641,2024,4,31-40,At Risk
S0641,2024,4,31-40,At Risk
S0641,2024,4,31-40,At Risk
S0641,2024,4,31-40,At Risk
S0641,2024,4,31-40,At Risk
S0641,2024,4,31-40,At Risk
S0641,2024,4,31-40,At Risk
S0641,2024,4,31-40,In Progress
S0641,2024,4,31-40,In Progress
S0641,2024,4,31-40,In Progress
S0641,2024,4,31-40,In Progress
S0641,2024,4,31-40,At Risk
S0641,2024,4,31-40,At Risk
S0641,2024,4,31-40,At Risk
S0642,2024,9,31-40,In Progress
S0642,2024,9,31-40,In Progress
S0642,2024,9,31-40,In Progress
S0642,2024,9,31-40,In Progress
S0642,2024,9,31-40,In Progress
S0642,2024,9,31-40,In Progress
S0642,2024,9,31-40,In Progress
S0643,2024,10,40+,In Progress
S0643,2024,10,40+,In Progress
S0643,2024,10,40+,In Progress
S0643,2024,10,40+,In Progress
S0643,2024,10,40+,In Progress
S0643,2024,10,40+,In Progress
S0643,2024,10,40+,In Progress
S0643,2024,10,40+,In Progress
S0643,2024,10,40+,In Progress
S0643,2024,10,40+,At Risk
S0643,2024,10,40+,At Risk
S0643,2024,10,40+,At Risk
S0643,2024,10,40+,At Risk
S0643,2024,10,40+,At Risk
S0643,2024,10,40+,At Risk
S0644,2024,9,40+,In Progress
S0644,2024,9,40+,In Progress
S0644,2024,9,40+,In Progress
S0644,2024,9,40+,In Progress
S0644,2024,9,40+,At Risk
S0644,2024,9,40+,At Risk
S0644,2024,9,40+,At Risk
S0644,2024,9,40+,At Risk
S0644,2024,9,40+,At Risk
S0644,2024,9,40+,At Risk
S0644,2024,9,40+,At Risk
S0644,2024,9,40+,At Risk
S0644,2024,9,40+,At Risk
S0644,2024,9,40+,At Risk
S0645,2023,6,20-30,At Risk
S0645,2023,6,20-30,At Risk
S0645,2023,6,20-30,At Risk
S0645,2023,6,20-30,In Progress
S0645,2023,6,20-30,In Progress
S0645,2023,6,20-30,In Progress
S0645,2023,6,20-30,In Progress
S0645,2023,6,20-30,In Progress
S0645,2023,6,20-30,In Progress
S0645,2023,6,20-30,In Progress
S0645,2023,6,20-30,In Progress
S0645,2023,6,20-30,In Progress
S0645,2023,6,20-30,In Progress
S0645,2023,6,20-30,In Progress
S0645,2023,6,20-30,In Progress
S0645,2023,6,20-30,In Progress
S0645,2023,6,20-30,In Progress
S0645,2023,6,20-30,At Risk
S0645,2023,6,20-30,At Risk
S0645,2023,6,20-30,At Risk
S0645,2023,6,20-30,At Risk
S0646,2023,11,31-40,In Progress
S0646,2023,11,31-40,In Progress
S0646,2023,11,31-40,In Progress
S0646,2023,11,31-40,In Progress
S0646,2023,11,31-40,In Progress
S0646,2023,11,31-40,In Progress
S0646,2023,11,31-40,In Progress
S0646,2023,11,31-40,In Progress
S0646,2023,11,31-40,In Progress
S0646,2023,11,31-40,In Progress
S0646,2023,11,31-40,In Progress
S0646,2023,11,31-40,In Progress
S0646,2023,11,31-40,In Progress
S0646,2023,11,31-40,In Progress
S0646,2023,11,31-40,In Progress
S0646,2023,11,31-40,In Progress
S0647,2025,6,31-40,At Risk
S0647,2025,6,31-40,At Risk
S0647,2025,6,31-40,At Risk
S0647,2025,6,31-40,At Risk
S0647,2025,6,31-40,At Risk
S0647,2025,6,31-40,At Risk
S0647,2025,6,31-40,At Risk
S0647,2025,6,31-40,At Risk
S0647,2025,6,31-40,At Risk
S0647,2025,6,31-40,At Risk
S0647,2025,6,31-40,In Progress
S0647,2025,6,31-40,In Progress
S0647,2025,6,31-40,In Progress
S0647,2025,6,31-40,In Progress
S0647,2025,6,31-40,In Progress
S0647,2025,6,31-40,In Progress
S0648,2023,12,31-40,At Risk
S0648,2023,12,31-40,At Risk
S0648,2023,12,31-40,At Risk
S0648,2023,12,31-40,At Risk
S0648,2023,12,31-40,At Risk
S0648,2023,12,31-40,At Risk
S0648,2023,12,31-40,At Risk
S0648,2023,12,31-40,At Risk
S0648,2023,12,31-40,In Progress
S0648,2023,12,31-40,In Progress
S0648,2023,12,31-40,In Progress
S0649,2023,6,40+,At Risk
S0649,2023,6,40+,At Risk
S0649,2023,6,40+,At Risk
S0649,2023,6,40+,At Risk
S0649,2023,6,40+,At Risk
S0649,2023,6,40+,At Risk
S0649,2023,6,40+,At Risk
S0649,2023,6,40+,At Risk
S0649,2023,6,40+,At Risk
S0649,2023,6,40+,At Risk
S0650,2025,6,40+,At Risk
S0650,2025,6,40+,At Risk
S0650,2025,6,40+,At Risk
S0650,2025,6,40+,At Risk
S0650,2025,6,40+,At Risk
S0650,2025,6,40+,At Risk
S0650,2025,6,40+,At Risk
S0650,2025,6,40+,At Risk
S0651,2023,10,40+,At Risk
S0651,2023,10,40+,At Risk
S0651,2023,10,40+,At Risk
S0651,2023,10,40+,At Risk
S0651,2023,10,40+,At Risk
S0651,2023,10,40+,At Risk
S0651,2023,10,40+,At Risk
S0651,2023,10,40+,At Risk
S0651,2023,10,40+,At Risk
S0651,2023,10,40+,At Risk
S0651,2023,10,40+,At Risk
S0651,2023,10,40+,At Risk
S0651,2023,10,40+,At Risk
S0651,2023,10,40+,In Progress
S0651,2023,10,40+,In Progress
S0651,2023,10,40+,In Progress
S0651,2023,10,40+,In Progress
S0651,2023,10,40+,In Progress
S0652,2023,8,40+,In Progress
S0652,2023,8,40+,In Progress
S0652,2023,8,40+,In Progress
S0652,2023,8,40+,In Progress
S0652,2023,8,40+,In Progress
S0652,2023,8,40+,In Progress
S0652,2023,8,40+,In Progress
S0652,2023,8,40+,In Progress
S0652,2023,8,40+,In Progress
S0652,2023,8,40+,In Progress
S0652,2023,8,40+,In Progress
S0653,2024,12,40+,At Risk
S0653,2024,12,40+,At Risk
S0653,2024,12,40+,At Risk
S0653,2024,12,40+,At Risk
S0653,2024,12,40+,At Risk
S0653,2024,12,40+,In Progress
S0653,2024,12,40+,In Progress
S0654,2024,10,Under 20,At Risk
S0654,2024,10,Under 20,At Risk
S0654,2024,10,Under 20,At Risk
S0654,2024,10,Under 20,At Risk
S0654,2024,10,Under 20,At Risk
S0654,2024,10,Under 20,At Risk
S0654,2024,10,Under 20,At Risk
S0654,2024,10,Under 20,At Risk
S0654,2024,10,Under 20,At Risk
S0654,2024,10,Under 20,At Risk
S0654,2024,10,Under 20,At Risk
S0654,2024,10,Under 20,In Progress
S0654,2024,10,Under 20,In Progress
S0654,2024,10,Under 20,In Progress
S0654,2024,10,Under 20,In Progress
S0654,2024,10,Under 20,In Progress
S0655,2024,6,20-30,At Risk
S0655,2024,6,20-30,At Risk
S0655,2024,6,20-30,In Progress
S0655,2024,6,20-30,In Progress
S0655,2024,6,20-30,In Progress
S0655,2024,6,20-30,In Progress
S0655,2024,6,20-30,In Progress
S0655,2024,6,20-30,In Progress
S0655,2024,6,20-30,In Progress
S0655,2024,6,20-30,At Risk
S0655,2024,6,20-30,At Risk
S0655,2024,6,20-30,At Risk
S0655,2024,6,20-30,At Risk
S0655,2024,6,20-30,At Risk
S0656,2023,9,31-40,At Risk
S0656,2023,9,31-40,At Risk
S0656,2023,9,31-40,At Risk
S0656,2023,9,31-40,At Risk
S0656,2023,9,31-40,At Risk
S0656,2023,9,31-40,In Progress
S0656,2023,9,31-40,In Progress
S0656,2023,9,31-40,In Progress
S0656,2023,9,31-40,In Progress
S0656,2023,9,31-40,In Progress
S0656,2023,9,31-40,In Progress
S0656,2023,9,31-40,In Progress
S0656,2023,9,31-40,At Risk
S0656,2023,9,31-40,At Risk
S0656,2023,9,31-40,At Risk
S0657,2024,4,40+,In Progress
S0657,2024,4,40+,In Progress
S0657,2024,4,40+,In Progress
S0657,2024,4,40+,In Progress
S0657,2024,4,40+,In Progress
S0657,2024,4,40+,In Progress
S0657,2024,4,40+,At Risk
S0657,2024,4,40+,At Risk
S0657,2024,4,40+,At Risk
S0657,2024,4,40+,At Risk
S0657,2024,4,40+,At Risk
S0657,2024,4,40+,In Progress
S0657,2024,4,40+,In Progress
S0658,2024,7,40+,In Progress
S0658,2024,7,40+,In Progress
S0658,2024,7,40+,In Progress
S0658,2024,7,40+,In Progress
S0658,2024,7,40+,At Risk
S0658,2024,7,40+,At Risk
S0658,2024,7,40+,At Risk
S0658,2024,7,40+,At Risk
S0658,2024,7,40+,In Progress
S0658,2024,7,40+,In Progress
S0658,2024,7,40+,In Progress
S0659,2024,5,40+,At Risk
S0659,2024,5,40+,At Risk
S0659,2024,5,40+,At Risk
S0659,2024,5,40+,At Risk
S0659,2024,5,40+,At Risk
S0659,2024,5,40+,At Risk
S0659,2024,5,40+,At Risk
S0659,2024,5,40+,At Risk
S0659,2024,5,40+,In Progress
S0659,2024,5,40+,In Progress
S0659,2024,5,40+,In Progress
S0659,2024,5,40+,In Progress
S0659,2024,5,40+,At Risk
S0659,2024,5,40+,At Risk
S0659,2024,5,40+,At Risk
S0659,2024,5,40+,At Risk
S0660,2024,4,20-30,At Risk
S0660,2024,4,20-30,At Risk
S0660,2024,4,20-30,At Risk
S0660,2024,4,20-30,At Risk
S0660,2024,4,20-30,In Progress
S0660,2024,4,20-30,In Progress
S0660,2024,4,20-30,In Progress
S0660,2024,4,20-30,In Progress
S0660,2024,4,20-30,In Progress
S0660,2024,4,20-30,In Progress
S0661,2025,2,40+,At Risk
S0661,2025,2,40+,At Risk
S0661,2025,2,40+,At Risk
S0661,2025,2,40+,At Risk
S0661,2025,2,40+,In Progress
S0661,2025,2,40+,In Progress
S0661,2025,2,40+,In Progress
S0661,2025,2,40+,In Progress
S0662,2023,8,40+,In Progress
S0662,2023,8,40+,In Progress
S0662,2023,8,40+,In Progress
S0662,2023,8,40+,In Progress
S0662,2023,8,40+,In Progress
S0662,2023,8,40+,In Progress
S0662,2023,8,40+,At Risk
S0662,2023,8,40+,At Risk
S0662,2023,8,40+,In Progress
S0662,2023,8,40+,In Progress
S0662,2023,8,40+,In Progress
S0662,2023,8,40+,At Risk
S0662,2023,8,40+,At Risk
S0662,2023,8,40+,At Risk
S0662,2023,8,40+,At Risk
S0663,2024,11,40+,At Risk
S0663,2024,11,40+,At Risk
S0663,2024,11,40+,At Risk
S0663,2024,11,40+,In Progress
S0663,2024,11,40+,In Progress
S0663,2024,11,40+,In Progress
S0663,2024,11,40+,In Progress
S0664,2024,3,20-30,At Risk
S0664,2024,3,20-30,At Risk
S0664,2024,3,20-30,At Risk
S0664,2024,3,20-30,At Risk
S0664,2024,3,20-30,In Progress
S0664,2024,3,20-30,In Progress
S0664,2024,3,20-30,In Progress
S0664,2024,3,20-30,In Progress
S0664,2024,3,20-30,In Progress
S0664,2024,3,20-30,At Risk
S0664,2024,3,20-30,At Risk
S0664,2024,3,20-30,At Risk
S0665,2023,6,40+,In Progress
S0665,2023,6,40+,In Progress
S0665,2023,6,40+,At Risk
S0665,2023,6,40+,At Risk
S0665,2023,6,40+,In Progress
S0665,2023,6,40+,In Progress
S0666,2025,5,31-40,At Risk
S0666,2025,5,31-40,At Risk
S0666,2025,5,31-40,At Risk
S0666,2025,5,31-40,At Risk
S0666,2025,5,31-40,In Progress
S0666,2025,5,31-40,In Progress
S0666,2025,5,31-40,In Progress
S0666,2025,5,31-40,In Progress
S0666,2025,5,31-40,In Progress
S0666,2025,5,31-40,At Risk
S0666,2025,5,31-40,At Risk
S0667,2024,1,31-40,In Progress
S0667,2024,1,31-40,In Progress
S0667,2024,1,31-40,In Progress
S0667,2024,1,31-40,In Progress
S0667,2024,1,31-40,In Progress
S0667,2024,1,31-40,At Risk
S0667,2024,1,31-40,At Risk
S0667,2024,1,31-40,At Risk
S0668,2023,6,31-40,At Risk
S0668,2023,6,31-40,At Risk
S0668,2023,6,31-40,At Risk
S0668,2023,6,31-40,At Risk
S0668,2023,6,31-40,At Risk
S0668,2023,6,31-40,In Progress
S0668,2023,6,31-40,In Progress
S0668,2023,6,31-40,In Progress
S0668,2023,6,31-40,In Progress
S0668,2023,6,31-40,In Progress
S0668,2023,6,31-40,In Progress
S0668,2023,6,31-40,In Progress
S0668,2023,6,31-40,In Progress
S0668,2023,6,31-40,At Risk
S0668,2023,6,31-40,At Risk
S0668,2023,6,31-40,At Risk
S0668,2023,6,31-40,At Risk
S0668,2023,6,31-40,At Risk
S0668,2023,6,31-40,At Risk
S0668,2023,6,31-40,At Risk
S0668,2023,6,31-40,At Risk
S0668,2023,6,31-40,At Risk
S0668,2023,6,31-40,At Risk
S0669,2025,4,20-30,In Progress
S0669,2025,4,20-30,In Progress
S0669,2025,4,20-30,In Progress
S0669,2025,4,20-30,In Progress
S0669,2025,4,20-30,At Risk
S0669,2025,4,20-30,At Risk
S0669,2025,4,20-30,At Risk
S0669,2025,4,20-30,At Risk
S0669,2025,4,20-30,At Risk
S0669,2025,4,20-30,At Risk
S0669,2025,4,20-30,In Progress
S0669,2025,4,20-30,In Progress
S0669,2025,4,20-30,In Progress
S0669,2025,4,20-30,In Progress
S0670,2023,9,31-40,At Risk
S0670,2023,9,31-40,At Risk
S0670,2023,9,31-40,At Risk
S0670,2023,9,31-40,At Risk
S0670,2023,9,31-40,At Risk
S0670,2023,9,31-40,In Progress
S0670,2023,9,31-40,In Progress
S0670,2023,9,31-40,In Progress
S0670,2023,9,31-40,In Progress
S0670,2023,9,31-40,In Progress
S0670,2023,9,31-40,In Progress
S0670,2023,9,31-40,In Progress
S0670,2023,9,31-40,In Progress
S0671,2024,1,31-40,In Progress
S0671,2024,1,31-40,In Progress
S0671,2024,1,31-40,In Progress
S0671,2024,1,31-40,In Progress
S0671,2024,1,31-40,In Progress
S0671,2024,1,31-40,In Progress
S0672,2025,2,31-40,In Progress
S0672,2025,2,31-40,In Progress
S0672,2025,2,31-40,In Progress
S0672,2025,2,31-40,In Progress
S0672,2025,2,31-40,In Progress
S0672,2025,2,31-40,In Progress
S0672,2025,2,31-40,In Progress
S0672,2025,2,31-40,In Progress
S0672,2025,2,31-40,In Progress
S0672,2025,2,31-40,At Risk
S0672,2025,2,31-40,At Risk
S0672,2025,2,31-40,In Progress
S0672,2025,2,31-40,In Progress
S0672,2025,2,31-40,In Progress
S0672,2025,2,31-40,In Progress
S0672,2025,2,31-40,In Progress
S0673,2023,8,40+,At Risk
S0673,2023,8,40+,At Risk
S0673,2023,8,40+,At Risk
S0673,2023,8,40+,At Risk
S0673,2023,8,40+,At Risk
S0673,2023,8,40+,At Risk
S0673,2023,8,40+,At Risk
S0673,2023,8,40+,At Risk
S0673,2023,8,40+,At Risk
S0674,2023,10,20-30,In Progress
S0674,2023,10,20-30,In Progress
S0674,2023,10,20-30,In Progress
S0674,2023,10,20-30,In Progress
S0674,2023,10,20-30,In Progress
S0674,2023,10,20-30,At Risk
S0674,2023,10,20-30,At Risk
S0674,2023,10,20-30,At Risk
S0674,2023,10,20-30,At Risk
S0674,2023,10,20-30,At Risk
S0674,2023,10,20-30,At Risk
S0674,2023,10,20-30,At Risk
S0675,2025,3,31-40,At Risk
S0675,2025,3,31-40,At Risk
S0675,2025,3,31-40,In Progress
S0675,2025,3,31-40,In Progress
S0675,2025,3,31-40,In Progress
S0675,2025,3,31-40,In Progress
S0675,2025,3,31-40,In Progress
S0675,2025,3,31-40,At Risk
S0675,2025,3,31-40,At Risk
S0675,2025,3,31-40,At Risk
S0675,2025,3,31-40,At Risk
S0675,2025,3,31-40,At Risk
S0676,2023,3,31-40,At Risk
S0676,2023,3,31-40,At Risk
S0676,2023,3,31-40,At Risk
S0676,2023,3,31-40,At Risk
S0676,2023,3,31-40,At Risk
S0676,2023,3,31-40,At Risk
S0676,2023,3,31-40,At Risk
S0676,2023,3,31-40,At Risk
S0676,2023,3,31-40,At Risk
S0676,2023,3,31-40,At Risk
S0676,2023,3,31-40,At Risk
S0676,2023,3,31-40,At Risk
S0676,2023,3,31-40,At Risk
S0676,2023,3,31-40,At Risk
S0676,2023,3,31-40,At Risk
S0676,2023,3,31-40,At Risk
S0676,2023,3,31-40,At Risk
S0676,2023,3,31-40,At Risk
S0676,2023,3,31-40,At Risk
S0676,2023,3,31-40,At Risk
S0676,2023,3,31-40,At Risk
S0676,2023,3,31-40,At Risk
S0676,2023,3,31-40,At Risk
S0677,2023,10,40+,In Progress
S0677,2023,10,40+,In Progress
S0677,2023,10,40+,In Progress
S0677,2023,10,40+,In Progress
S0677,2023,10,40+,In Progress
S0677,2023,10,40+,In Progress
S0677,2023,10,40+,In Progress
S0677,2023,10,40+,In Progress
S0677,2023,10,40+,In Progress
S0677,2023,10,40+,At Risk
S0677,2023,10,40+,At Risk
S0677,2023,10,40+,At Risk
S0677,2023,10,40+,At Risk
S0677,2023,10,40+,At Risk
S0678,2023,12,20-30,At Risk
S0678,2023,12,20-30,At Risk
S0678,2023,12,20-30,At Risk
S0678,2023,12,20-30,At Risk
S0678,2023,12,20-30,In Progress
S0678,2023,12,20-30,In Progress
S0678,2023,12,20-30,In Progress
S0678,2023,12,20-30,In Progress
S0678,2023,12,20-30,In Progress
S0679,2025,4,31-40,In Progress
S0679,2025,4,31-40,In Progress
S0679,2025,4,31-40,Completed
S0679,2025,4,31-40,Completed
S0679,2025,4,31-40,Completed
S0679,2025,4,31-40,At Risk
S0679,2025,4,31-40,At Risk
S0679,2025,4,31-40,At Risk
S0679,2025,4,31-40,At Risk
S0679,2025,4,31-40,At Risk
S0679,2025,4,31-40,At Risk
S0679,2025,4,31-40,At Risk
S0680,2024,1,40+,At Risk
S0680,2024,1,40+,At Risk
S0680,2024,1,40+,At Risk
S0680,2024,1,40+,In Progress
S0680,2024,1,40+,In Progress
S0680,2024,1,40+,In Progress
S0680,2024,1,40+,At Risk
S0680,2024,1,40+,At Risk
S0680,2024,1,40+,At Risk
S0680,2024,1,40+,At Risk
S0680,2024,1,40+,At Risk
S0680,2024,1,40+,At Risk
S0681,2024,4,20-30,At Risk
S0681,2024,4,20-30,At Risk
S0681,2024,4,20-30,At Risk
S0681,2024,4,20-30,At Risk
S0681,2024,4,20-30,At Risk
S0681,2024,4,20-30,At Risk
S0681,2024,4,20-30,At Risk
S0681,2024,4,20-30,At Risk
S0681,2024,4,20-30,At Risk
S0682,2025,4,Under 20,In Progress
S0682,2025,4,Under 20,In Progress
S0682,2025,4,Under 20,In Progress
S0682,2025,4,Under 20,In Progress
S0682,2025,4,Under 20,In Progress
S0682,2025,4,Under 20,In Progress
S0682,2025,4,Under 20,In Progress
S0682,2025,4,Under 20,In Progress
S0682,2025,4,Under 20,In Progress
S0682,2025,4,Under 20,In Progress
S0683,2023,11,20-30,In Progress
S0683,2023,11,20-30,In Progress
S0683,2023,11,20-30,At Risk
S0683,2023,11,20-30,At Risk
S0683,2023,11,20-30,At Risk
S0683,2023,11,20-30,At Risk
S0683,2023,11,20-30,At Risk
S0684,2024,11,31-40,In Progress
S0684,2024,11,31-40,In Progress
S0684,2024,11,31-40,In Progress
S0684,2024,11,31-40,In Progress
S0684,2024,11,31-40,At Risk
S0684,2024,11,31-40,At Risk
S0684,2024,11,31-40,At Risk
S0684,2024,11,31-40,At Risk
S0684,2024,11,31-40,At Risk
S0684,2024,11,31-40,In Progress
S0684,2024,11,31-40,In Progress
S0684,2024,11,31-40,In Progress
S0684,2024,11,31-40,In Progress
S0684,2024,11,31-40,In Progress
S0685,2023,6,40+,At Risk
S0685,2023,6,40+,At Risk
S0685,2023,6,40+,At Risk
S0685,2023,6,40+,At Risk
S0685,2023,6,40+,At Risk
S0685,2023,6,40+,At Risk
S0685,2023,6,40+,At Risk
S0685,2023,6,40+,In Progress
S0685,2023,6,40+,In Progress
S0685,2023,6,40+,In Progress
S0685,2023,6,40+,In Progress
S0686,2023,3,20-30,In Progress
S0686,2023,3,20-30,In Progress
S0686,2023,3,20-30,In Progress
S0686,2023,3,20-30,In Progress
S0686,2023,3,20-30,In Progress
S0686,2023,3,20-30,In Progress
S0686,2023,3,20-30,In Progress
S0686,2023,3,20-30,In Progress
S0686,2023,3,20-30,At Risk
S0686,2023,3,20-30,At Risk
S0687,2025,2,31-40,In Progress
S0687,2025,2,31-40,In Progress
S0687,2025,2,31-40,In Progress
S0687,2025,2,31-40,In Progress
S0687,2025,2,31-40,In Progress
S0687,2025,2,31-40,In Progress
S0687,2025,2,31-40,In Progress
S0687,2025,2,31-40,In Progress
S0687,2025,2,31-40,In Progress
S0687,2025,2,31-40,In Progress
S0687,2025,2,31-40,In Progress
S0687,2025,2,31-40,In Progress
S0687,2025,2,31-40,In Progress
S0687,2025,2,31-40,At Risk
S0687,2025,2,31-40,At Risk
S0687,2025,2,31-40,In Progress
S0687,2025,2,31-40,In Progress
S0687,2025,2,31-40,In Progress
S0687,2025,2,31-40,In Progress
S0688,2023,8,40+,In Progress
S0688,2023,8,40+,In Progress
S0688,2023,8,40+,In Progress
S0688,2023,8,40+,In Progress
S0688,2023,8,40+,In Progress
S0688,2023,8,40+,In Progress
S0688,2023,8,40+,In Progress
S0688,2023,8,40+,In Progress
S0689,2023,1,31-40,In Progress
S0689,2023,1,31-40,In Progress
S0689,2023,1,31-40,In Progress
S0689,2023,1,31-40,In Progress
S0689,2023,1,31-40,In Progress
S0689,2023,1,31-40,At Risk
S0689,2023,1,31-40,At Risk
S0689,2023,1,31-40,At Risk
S0689,2023,1,31-40,At Risk
S0689,2023,1,31-40,At Risk
S0689,2023,1,31-40,In Progress
S0689,2023,1,31-40,In Progress
S0689,2023,1,31-40,In Progress
S0689,2023,1,31-40,In Progress
S0689,2023,1,31-40,In Progress
S0689,2023,1,31-40,In Progress
S0689,2023,1,31-40,In Progress
S0689,2023,1,31-40,In Progress
S0690,2024,5,40+,In Progress
S0690,2024,5,40+,In Progress
S0690,2024,5,40+,In Progress
S0690,2024,5,40+,In Progress
S0690,2024,5,40+,In Progress
S0690,2024,5,40+,In Progress
S0690,2024,5,40+,In Progress
S0690,2024,5,40+,In Progress
S0690,2024,5,40+,In Progress
S0690,2024,5,40+,At Risk
S0690,2024,5,40+,At Risk
S0690,2024,5,40+,At Risk
S0690,2024,5,40+,At Risk
S0690,2024,5,40+,In Progress
S0690,2024,5,40+,In Progress
S0691,2023,2,20-30,At Risk
S0691,2023,2,20-30,At Risk
S0691,2023,2,20-30,At Risk
S0691,2023,2,20-30,At Risk
S0691,2023,2,20-30,At Risk
S0691,2023,2,20-30,In Progress
S0691,2023,2,20-30,In Progress
S0692,2023,12,31-40,At Risk
S0692,2023,12,31-40,At Risk
S0692,2023,12,31-40,At Risk
S0692,2023,12,31-40,At Risk
S0692,2023,12,31-40,At Risk
S0692,2023,12,31-40,At Risk
S0692,2023,12,31-40,At Risk
S0693,2025,2,20-30,In Progress
S0693,2025,2,20-30,In Progress
S0693,2025,2,20-30,In Progress
S0693,2025,2,20-30,In Progress
S0693,2025,2,20-30,In Progress
S0693,2025,2,20-30,At Risk
S0693,2025,2,20-30,At Risk
S0693,2025,2,20-30,At Risk
S0693,2025,2,20-30,At Risk
S0693,2025,2,20-30,At Risk
S0693,2025,2,20-30,In Progress
S0693,2025,2,20-30,In Progress
S0694,2023,9,40+,In Progress
S0694,2023,9,40+,In Progress
S0694,2023,9,40+,In Progress
S0694,2023,9,40+,In Progress
S0694,2023,9,40+,In Progress
S0694,2023,9,40+,At Risk
S0694,2023,9,40+,At Risk
S0694,2023,9,40+,At Risk
S0695,2023,10,40+,At Risk
S0695,2023,10,40+,At Risk
S0695,2023,10,40+,At Risk
S0695,2023,10,40+,In Progress
S0695,2023,10,40+,In Progress
S0695,2023,10,40+,In Progress
S0695,2023,10,40+,In Progress
S0695,2023,10,40+,In Progress
S0695,2023,10,40+,In Progress
S0695,2023,10,40+,In Progress
S0695,2023,10,40+,In Progress
S0695,2023,10,40+,In Progress
S0696,2024,3,20-30,At Risk
S0696,2024,3,20-30,At Risk
S0696,2024,3,20-30,At Risk
S0696,2024,3,20-30,At Risk
S0696,2024,3,20-30,At Risk
S0696,2024,3,20-30,At Risk
S0696,2024,3,20-30,In Progress
S0696,2024,3,20-30,In Progress
S0696,2024,3,20-30,In Progress
S0697,2024,6,40+,In Progress
S0697,2024,6,40+,In Progress
S0697,2024,6,40+,In Progress
S0697,2024,6,40+,In Progress
S0697,2024,6,40+,In Progress
S0697,2024,6,40+,In Progress
S0697,2024,6,40+,In Progress
S0697,2024,6,40+,In Progress
S0698,2023,6,40+,In Progress
S0698,2023,6,40+,In Progress
S0698,2023,6,40+,In Progress
S0698,2023,6,40+,In Progress
S0698,2023,6,40+,At Risk
S0698,2023,6,40+,At Risk
S0698,2023,6,40+,At Risk
S0698,2023,6,40+,At Risk
S0698,2023,6,40+,At Risk
S0698,2023,6,40+,At Risk
S0698,2023,6,40+,At Risk
S0699,2024,6,31-40,At Risk
S0699,2024,6,31-40,At Risk
S0699,2024,6,31-40,At Risk
S0699,2024,6,31-40,At Risk
S0699,2024,6,31-40,At Risk
S0699,2024,6,31-40,At Risk
S0699,2024,6,31-40,At Risk
S0699,2024,6,31-40,At Risk
S0700,2023,8,20-30,At Risk
S0700,2023,8,20-30,At Risk
S0700,2023,8,20-30,At Risk
S0700,2023,8,20-30,At Risk
S0700,2023,8,20-30,At Risk
S0700,2023,8,20-30,In Progress
S0700,2023,8,20-30,In Progress
S0701,2023,5,20-30,At Risk
S0701,2023,5,20-30,At Risk
S0701,2023,5,20-30,At Risk
S0701,2023,5,20-30,At Risk
S0701,2023,5,20-30,In Progress
S0701,2023,5,20-30,In Progress
S0701,2023,5,20-30,In Progress
S0701,2023,5,20-30,In Progress
S0701,2023,5,20-30,In Progress
S0701,2023,5,20-30,In Progress
S0701,2023,5,20-30,In Progress
S0701,2023,5,20-30,In Progress
S0702,2024,12,20-30,In Progress
S0702,2024,12,20-30,In Progress
S0702,2024,12,20-30,In Progress
S0702,2024,12,20-30,In Progress
S0702,2024,12,20-30,In Progress
S0702,2024,12,20-30,At Risk
S0702,2024,12,20-30,At Risk
S0702,2024,12,20-30,At Risk
S0702,2024,12,20-30,At Risk
S0702,2024,12,20-30,At Risk
S0702,2024,12,20-30,In Progress
S0702,2024,12,20-30,In Progress
S0702,2024,12,20-30,In Progress
S0702,2024,12,20-30,At Risk
S0702,2024,12,20-30,At Risk
S0702,2024,12,20-30,At Risk
S0702,2024,12,20-30,At Risk
S0702,2024,12,20-30,At Risk
S0703,2024,8,20-30,At Risk
S0703,2024,8,20-30,At Risk
S0703,2024,8,20-30,At Risk
S0703,2024,8,20-30,In Progress
S0703,2024,8,20-30,In Progress
S0703,2024,8,20-30,In Progress
S0703,2024,8,20-30,In Progress
S0703,2024,8,20-30,In Progress
S0703,2024,8,20-30,At Risk
S0703,2024,8,20-30,At Risk
S0703,2024,8,20-30,At Risk
S0704,2025,3,31-40,In Progress
S0704,2025,3,31-40,In Progress
S0704,2025,3,31-40,In Progress
S0704,2025,3,31-40,In Progress
S0704,2025,3,31-40,At Risk
S0704,2025,3,31-40,At Risk
S0704,2025,3,31-40,In Progress
S0704,2025,3,31-40,In Progress
S0704,2025,3,31-40,In Progress
S0704,2025,3,31-40,In Progress
S0704,2025,3,31-40,In Progress
S0704,2025,3,31-40,In Progress
S0704,2025,3,31-40,In Progress
S0704,2025,3,31-40,In Progress
S0704,2025,3,31-40,In Progress
S0704,2025,3,31-40,In Progress
S0704,2025,3,31-40,In Progress
S0704,2025,3,31-40,In Progress
S0705,2025,3,31-40,In Progress
S0705,2025,3,31-40,In Progress
S0705,2025,3,31-40,In Progress
S0705,2025,3,31-40,In Progress
S0705,2025,3,31-40,At Risk
S0705,2025,3,31-40,At Risk
S0705,2025,3,31-40,At Risk
S0705,2025,3,31-40,At Risk
S0705,2025,3,31-40,At Risk
S0705,2025,3,31-40,At Risk
S0705,2025,3,31-40,At Risk
S0705,2025,3,31-40,At Risk
S0705,2025,3,31-40,At Risk
S0705,2025,3,31-40,At Risk
S0705,2025,3,31-40,In Progress
S0705,2025,3,31-40,In Progress
S0705,2025,3,31-40,In Progress
S0706,2025,6,20-30,In Progress
S0706,2025,6,20-30,In Progress
S0706,2025,6,20-30,In Progress
S0706,2025,6,20-30,In Progress
S0706,2025,6,20-30,In Progress
S0706,2025,6,20-30,In Progress
S0706,2025,6,20-30,In Progress
S0706,2025,6,20-30,In Progress
S0706,2025,6,20-30,In Progress
S0706,2025,6,20-30,In Progress
S0707,2023,5,31-40,In Progress
S0707,2023,5,31-40,In Progress
S0707,2023,5,31-40,In Progress
S0707,2023,5,31-40,In Progress
S0707,2023,5,31-40,In Progress
S0707,2023,5,31-40,In Progress
S0707,2023,5,31-40,In Progress
S0707,2023,5,31-40,In Progress
S0707,2023,5,31-40,In Progress
S0708,2023,1,40+,In Progress
S0708,2023,1,40+,In Progress
S0708,2023,1,40+,In Progress
S0708,2023,1,40+,At Risk
S0708,2023,1,40+,At Risk
S0708,2023,1,40+,At Risk
S0708,2023,1,40+,At Risk
S0708,2023,1,40+,At Risk
S0709,2025,1,20-30,In Progress
S0709,2025,1,20-30,In Progress
S0709,2025,1,20-30,In Progress
S0709,2025,1,20-30,In Progress
S0709,2025,1,20-30,In Progress
S0709,2025,1,20-30,In Progress
S0709,2025,1,20-30,In Progress
S0709,2025,1,20-30,In Progress
S0709,2025,1,20-30,In Progress
S0709,2025,1,20-30,In Progress
S0709,2025,1,20-30,In Progress
S0709,2025,1,20-30,In Progress
S0710,2023,8,20-30,In Progress
S0710,2023,8,20-30,In Progress
S0710,2023,8,20-30,In Progress
S0710,2023,8,20-30,In Progress
S0710,2023,8,20-30,In Progress
S0710,2023,8,20-30,In Progress
S0710,2023,8,20-30,In Progress
S0710,2023,8,20-30,At Risk
S0710,2023,8,20-30,At Risk
S0710,2023,8,20-30,At Risk
S0710,2023,8,20-30,At Risk
S0710,2023,8,20-30,At Risk
S0710,2023,8,20-30,At Risk
S0710,2023,8,20-30,At Risk
S0710,2023,8,20-30,At Risk
S0711,2023,2,40+,In Progress
S0711,2023,2,40+,In Progress
S0711,2023,2,40+,In Progress
S0711,2023,2,40+,In Progress
S0711,2023,2,40+,At Risk
S0711,2023,2,40+,At Risk
S0711,2023,2,40+,At Risk
S0712,2025,2,Under 20,In Progress
S0712,2025,2,Under 20,In Progress
S0712,2025,2,Under 20,In Progress
S0712,2025,2,Under 20,In Progress
S0712,2025,2,Under 20,At Risk
S0712,2025,2,Under 20,At Risk
S0712,2025,2,Under 20,At Risk
S0712,2025,2,Under 20,At Risk
S0712,2025,2,Under 20,At Risk
S0712,2025,2,Under 20,At Risk
S0712,2025,2,Under 20,At Risk
S0712,2025,2,Under 20,At Risk
S0712,2025,2,Under 20,At Risk
S0712,2025,2,Under 20,In Progress
S0712,2025,2,Under 20,In Progress
S0712,2025,2,Under 20,In Progress
S0712,2025,2,Under 20,In Progress
S0712,2025,2,Under 20,In Progress
S0712,2025,2,Under 20,In Progress
S0712,2025,2,Under 20,In Progress
S0712,2025,2,Under 20,In Progress
S0713,2025,4,31-40,In Progress
S0713,2025,4,31-40,In Progress
S0713,2025,4,31-40,In Progress
S0713,2025,4,31-40,In Progress
S0713,2025,4,31-40,In Progress
S0713,2025,4,31-40,In Progress
S0713,2025,4,31-40,In Progress
S0713,2025,4,31-40,In Progress
S0713,2025,4,31-40,In Progress
S0714,2023,8,31-40,In Progress
S0714,2023,8,31-40,In Progress
S0714,2023,8,31-40,In Progress
S0714,2023,8,31-40,In Progress
S0714,2023,8,31-40,In Progress
S0714,2023,8,31-40,In Progress
S0714,2023,8,31-40,At Risk
S0714,2023,8,31-40,At Risk
S0714,2023,8,31-40,At Risk
S0714,2023,8,31-40,At Risk
S0715,2025,5,20-30,At Risk
S0715,2025,5,20-30,At Risk
S0715,2025,5,20-30,At Risk
S0715,2025,5,20-30,At Risk
S0715,2025,5,20-30,At Risk
S0715,2025,5,20-30,At Risk
S0715,2025,5,20-30,At Risk
S0716,2023,2,31-40,In Progress
S0716,2023,2,31-40,In Progress
S0716,2023,2,31-40,In Progress
S0716,2023,2,31-40,In Progress
S0716,2023,2,31-40,In Progress
S0716,2023,2,31-40,In Progress
S0716,2023,2,31-40,In Progress
S0716,2023,2,31-40,In Progress
S0716,2023,2,31-40,In Progress
S0716,2023,2,31-40,At Risk
S0716,2023,2,31-40,At Risk
S0716,2023,2,31-40,At Risk
S0717,2025,2,31-40,In Progress
S0717,2025,2,31-40,In Progress
S0717,2025,2,31-40,In Progress
S0717,2025,2,31-40,At Risk
S0717,2025,2,31-40,At Risk
S0718,2024,8,20-30,In Progress
S0718,2024,8,20-30,In Progress
S0718,2024,8,20-30,In Progress
S0718,2024,8,20-30,In Progress
S0718,2024,8,20-30,In Progress
S0718,2024,8,20-30,In Progress
S0719,2023,10,31-40,In Progress
S0719,2023,10,31-40,In Progress
S0719,2023,10,31-40,In Progress
S0719,2023,10,31-40,In Progress
S0719,2023,10,31-40,In Progress
S0719,2023,10,31-40,In Progress
S0719,2023,10,31-40,In Progress
S0719,2023,10,31-40,In Progress
S0719,2023,10,31-40,In Progress
S0719,2023,10,31-40,At Risk
S0719,2023,10,31-40,At Risk
S0719,2023,10,31-40,At Risk
S0719,2023,10,31-40,At Risk
S0719,2023,10,31-40,In Progress
S0719,2023,10,31-40,In Progress
S0720,2024,8,20-30,At Risk
S0720,2024,8,20-30,At Risk
S0720,2024,8,20-30,In Progress
S0720,2024,8,20-30,In Progress
S0720,2024,8,20-30,In Progress
S0720,2024,8,20-30,In Progress
S0720,2024,8,20-30,In Progress
S0720,2024,8,20-30,In Progress
S0720,2024,8,20-30,In Progress
S0720,2024,8,20-30,In Progress
S0720,2024,8,20-30,In Progress
S0721,2023,7,31-40,In Progress
S0721,2023,7,31-40,In Progress
S0721,2023,7,31-40,In Progress
S0721,2023,7,31-40,In Progress
S0721,2023,7,31-40,In Progress
S0721,2023,7,31-40,In Progress
S0721,2023,7,31-40,In Progress
S0722,2024,2,20-30,In Progress
S0722,2024,2,20-30,In Progress
S0722,2024,2,20-30,In Progress
S0722,2024,2,20-30,In Progress
S0722,2024,2,20-30,In Progress
S0722,2024,2,20-30,At Risk
S0722,2024,2,20-30,At Risk
S0722,2024,2,20-30,At Risk
S0722,2024,2,20-30,At Risk
S0722,2024,2,20-30,At Risk
S0723,2024,11,40+,In Progress
S0723,2024,11,40+,In Progress
S0723,2024,11,40+,In Progress
S0723,2024,11,40+,In Progress
S0723,2024,11,40+,In Progress
S0724,2025,1,40+,At Risk
S0724,2025,1,40+,At Risk
S0724,2025,1,40+,At Risk
S0724,2025,1,40+,In Progress
S0724,2025,1,40+,In Progress
S0724,2025,1,40+,At Risk
S0724,2025,1,40+,At Risk
S0724,2025,1,40+,At Risk
S0724,2025,1,40+,At Risk
S0724,2025,1,40+,At Risk
S0725,2025,3,20-30,At Risk
S0725,2025,3,20-30,At Risk
S0725,2025,3,20-30,At Risk
S0725,2025,3,20-30,At Risk
S0725,2025,3,20-30,At Risk
S0725,2025,3,20-30,At Risk
S0725,2025,3,20-30,At Risk
S0725,2025,3,20-30,At Risk
S0725,2025,3,20-30,At Risk
S0726,2023,6,40+,At Risk
S0726,2023,6,40+,At Risk
S0726,2023,6,40+,At Risk
S0726,2023,6,40+,At Risk
S0726,2023,6,40+,At Risk
S0726,2023,6,40+,At Risk
S0726,2023,6,40+,At Risk
S0726,2023,6,40+,Completed
S0726,2023,6,40+,Completed
S0726,2023,6,40+,Completed
S0726,2023,6,40+,Completed
S0726,2023,6,40+,Completed
S0727,2024,2,40+,In Progress
S0727,2024,2,40+,In Progress
S0727,2024,2,40+,In Progress
S0727,2024,2,40+,In Progress
S0727,2024,2,40+,At Risk
S0727,2024,2,40+,At Risk
S0727,2024,2,40+,In Progress
S0727,2024,2,40+,In Progress
S0727,2024,2,40+,At Risk
S0727,2024,2,40+,At Risk
S0727,2024,2,40+,At Risk
S0728,2025,2,40+,In Progress
S0728,2025,2,40+,In Progress
S0728,2025,2,40+,In Progress
S0728,2025,2,40+,At Risk
S0728,2025,2,40+,At Risk
S0728,2025,2,40+,In Progress
S0728,2025,2,40+,In Progress
S0728,2025,2,40+,In Progress
S0729,2023,10,Under 20,At Risk
S0729,2023,10,Under 20,At Risk
S0729,2023,10,Under 20,At Risk
S0729,2023,10,Under 20,At Risk
S0729,2023,10,Under 20,At Risk
S0729,2023,10,Under 20,At Risk
S0729,2023,10,Under 20,At Risk
S0729,2023,10,Under 20,At Risk
S0729,2023,10,Under 20,At Risk
S0730,2025,4,31-40,In Progress
S0730,2025,4,31-40,In Progress
S0730,2025,4,31-40,In Progress
S0730,2025,4,31-40,In Progress
S0730,2025,4,31-40,In Progress
S0730,2025,4,31-40,At Risk
S0730,2025,4,31-40,At Risk
S0730,2025,4,31-40,At Risk
S0730,2025,4,31-40,In Progress
S0730,2025,4,31-40,In Progress
S0730,2025,4,31-40,In Progress
S0730,2025,4,31-40,In Progress
S0730,2025,4,31-40,In Progress
S0731,2023,12,40+,In Progress
S0731,2023,12,40+,In Progress
S0731,2023,12,40+,In Progress
S0731,2023,12,40+,In Progress
S0731,2023,12,40+,In Progress
S0731,2023,12,40+,In Progress
S0731,2023,12,40+,In Progress
S0731,2023,12,40+,In Progress
S0731,2023,12,40+,At Risk
S0731,2023,12,40+,At Risk
S0731,2023,12,40+,At Risk
S0731,2023,12,40+,In Progress
S0731,2023,12,40+,In Progress
S0731,2023,12,40+,In Progress
S0732,2023,8,40+,At Risk
S0732,2023,8,40+,At Risk
S0732,2023,8,40+,At Risk
S0732,2023,8,40+,At Risk
S0732,2023,8,40+,At Risk
S0732,2023,8,40+,At Risk
S0732,2023,8,40+,In Progress
S0732,2023,8,40+,In Progress
S0732,2023,8,40+,In Progress
S0732,2023,8,40+,At Risk
S0732,2023,8,40+,At Risk
S0732,2023,8,40+,At Risk
S0732,2023,8,40+,In Progress
S0732,2023,8,40+,In Progress
S0732,2023,8,40+,In Progress
S0733,2023,8,31-40,In Progress
S0733,2023,8,31-40,In Progress
S0733,2023,8,31-40,In Progress
S0733,2023,8,31-40,In Progress
S0733,2023,8,31-40,In Progress
S0733,2023,8,31-40,In Progress
S0734,2024,2,31-40,In Progress
S0734,2024,2,31-40,In Progress
S0734,2024,2,31-40,In Progress
S0734,2024,2,31-40,In Progress
S0734,2024,2,31-40,In Progress
S0734,2024,2,31-40,At Risk
S0734,2024,2,31-40,At Risk
S0734,2024,2,31-40,At Risk
S0734,2024,2,31-40,In Progress
S0734,2024,2,31-40,In Progress
S0734,2024,2,31-40,In Progress
S0734,2024,2,31-40,In Progress
S0734,2024,2,31-40,In Progress
S0734,2024,2,31-40,In Progress
S0735,2024,3,Under 20,Completed
S0735,2024,3,Under 20,Completed
S0735,2024,3,Under 20,Completed
S0735,2024,3,Under 20,Completed
S0735,2024,3,Under 20,In Progress
S0735,2024,3,Under 20,In Progress
S0735,2024,3,Under 20,In Progress
S0735,2024,3,Under 20,In Progress
S0735,2024,3,Under 20,At Risk
S0735,2024,3,Under 20,At Risk
S0735,2024,3,Under 20,At Risk
S0735,2024,3,Under 20,At Risk
S0735,2024,3,Under 20,In Progress
S0735,2024,3,Under 20,In Progress
S0736,2025,3,Under 20,In Progress
S0736,2025,3,Under 20,In Progress
S0736,2025,3,Under 20,In Progress
S0736,2025,3,Under 20,In Progress
S0736,2025,3,Under 20,In Progress
S0736,2025,3,Under 20,In Progress
S0736,2025,3,Under 20,In Progress
S0736,2025,3,Under 20,In Progress
S0736,2025,3,Under 20,In Progress
S0736,2025,3,Under 20,At Risk
S0736,2025,3,Under 20,At Risk
S0736,2025,3,Under 20,At Risk
S0736,2025,3,Under 20,In Progress
S0736,2025,3,Under 20,In Progress
S0736,2025,3,Under 20,In Progress
S0736,2025,3,Under 20,At Risk
S0736,2025,3,Under 20,At Risk
S0736,2025,3,Under 20,At Risk
S0737,2025,5,20-30,In Progress
S0737,2025,5,20-30,In Progress
S0737,2025,5,20-30,In Progress
S0737,2025,5,20-30,In Progress
S0737,2025,5,20-30,At Risk
S0737,2025,5,20-30,At Risk
S0737,2025,5,20-30,At Risk
S0737,2025,5,20-30,At Risk
S0737,2025,5,20-30,At Risk
S0737,2025,5,20-30,At Risk
S0737,2025,5,20-30,At Risk
S0737,2025,5,20-30,At Risk
S0737,2025,5,20-30,At Risk
S0737,2025,5,20-30,At Risk
S0737,2025,5,20-30,At Risk
S0737,2025,5,20-30,At Risk
S0737,2025,5,20-30,At Risk
S0737,2025,5,20-30,At Risk
S0737,2025,5,20-30,At Risk
S0737,2025,5,20-30,In Progress
S0737,2025,5,20-30,In Progress
S0738,2024,7,31-40,In Progress
S0738,2024,7,31-40,In Progress
S0738,2024,7,31-40,In Progress
S0738,2024,7,31-40,In Progress
S0738,2024,7,31-40,In Progress
S0738,2024,7,31-40,In Progress
S0738,2024,7,31-40,In Progress
S0738,2024,7,31-40,In Progress
S0738,2024,7,31-40,In Progress
S0738,2024,7,31-40,In Progress
S0738,2024,7,31-40,In Progress
S0738,2024,7,31-40,In Progress
S0738,2024,7,31-40,In Progress
S0739,2023,7,31-40,In Progress
S0739,2023,7,31-40,In Progress
S0739,2023,7,31-40,In Progress
S0739,2023,7,31-40,In Progress
S0740,2023,10,Under 20,In Progress
S0740,2023,10,Under 20,In Progress
S0740,2023,10,Under 20,In Progress
S0740,2023,10,Under 20,In Progress
S0740,2023,10,Under 20,In Progress
S0740,2023,10,Under 20,In Progress
S0740,2023,10,Under 20,In Progress
S0740,2023,10,Under 20,In Progress
S0740,2023,10,Under 20,In Progress
S0740,2023,10,Under 20,In Progress
S0740,2023,10,Under 20,In Progress
S0740,2023,10,Under 20,In Progress
S0740,2023,10,Under 20,In Progress
S0740,2023,10,Under 20,In Progress
S0740,2023,10,Under 20,In Progress
S0741,2024,4,20-30,At Risk
S0741,2024,4,20-30,At Risk
S0741,2024,4,20-30,At Risk
S0741,2024,4,20-30,Completed
S0741,2024,4,20-30,Completed
S0741,2024,4,20-30,Completed
S0741,2024,4,20-30,Completed
S0741,2024,4,20-30,Completed
S0741,2024,4,20-30,In Progress
S0741,2024,4,20-30,In Progress
S0741,2024,4,20-30,In Progress
S0742,2025,3,40+,In Progress
S0742,2025,3,40+,In Progress
S0742,2025,3,40+,In Progress
S0742,2025,3,40+,In Progress
S0742,2025,3,40+,In Progress
S0742,2025,3,40+,In Progress
S0742,2025,3,40+,In Progress
S0742,2025,3,40+,In Progress
S0742,2025,3,40+,In Progress
S0742,2025,3,40+,In Progress
S0743,2023,4,31-40,At Risk
S0743,2023,4,31-40,At Risk
S0743,2023,4,31-40,At Risk
S0743,2023,4,31-40,At Risk
S0743,2023,4,31-40,In Progress
S0743,2023,4,31-40,In Progress
S0743,2023,4,31-40,In Progress
S0744,2024,3,20-30,In Progress
S0744,2024,3,20-30,In Progress
S0744,2024,3,20-30,At Risk
S0744,2024,3,20-30,At Risk
S0744,2024,3,20-30,At Risk
S0744,2024,3,20-30,At Risk
S0744,2024,3,20-30,In Progress
S0744,2024,3,20-30,In Progress
S0744,2024,3,20-30,At Risk
S0744,2024,3,20-30,At Risk
S0745,2024,6,20-30,At Risk
S0745,2024,6,20-30,At Risk
S0745,2024,6,20-30,At Risk
S0745,2024,6,20-30,In Progress
S0745,2024,6,20-30,In Progress
S0745,2024,6,20-30,At Risk
S0745,2024,6,20-30,At Risk
S0745,2024,6,20-30,At Risk
S0745,2024,6,20-30,At Risk
S0745,2024,6,20-30,At Risk
S0746,2024,5,40+,In Progress
S0746,2024,5,40+,In Progress
S0746,2024,5,40+,In Progress
S0746,2024,5,40+,In Progress
S0746,2024,5,40+,In Progress
S0746,2024,5,40+,At Risk
S0746,2024,5,40+,At Risk
S0746,2024,5,40+,At Risk
S0746,2024,5,40+,At Risk
S0746,2024,5,40+,At Risk
S0746,2024,5,40+,At Risk
S0746,2024,5,40+,At Risk
S0746,2024,5,40+,In Progress
S0746,2024,5,40+,In Progress
S0746,2024,5,40+,In Progress
S0746,2024,5,40+,In Progress
S0746,2024,5,40+,In Progress
S0746,2024,5,40+,In Progress
S0746,2024,5,40+,In Progress
S0746,2024,5,40+,In Progress
S0747,2023,5,40+,At Risk
S0747,2023,5,40+,At Risk
S0747,2023,5,40+,At Risk
S0747,2023,5,40+,At Risk
S0747,2023,5,40+,At Risk
S0747,2023,5,40+,At Risk
S0747,2023,5,40+,In Progress
S0747,2023,5,40+,In Progress
S0747,2023,5,40+,In Progress
S0747,2023,5,40+,In Progress
S0747,2023,5,40+,At Risk
S0747,2023,5,40+,At Risk
S0747,2023,5,40+,At Risk
S0747,2023,5,40+,At Risk
S0748,2023,10,20-30,At Risk
S0748,2023,10,20-30,At Risk
S0748,2023,10,20-30,At Risk
S0748,2023,10,20-30,At Risk
S0748,2023,10,20-30,In Progress
S0748,2023,10,20-30,In Progress
S0748,2023,10,20-30,At Risk
S0748,2023,10,20-30,At Risk
S0748,2023,10,20-30,At Risk
S0749,2024,1,20-30,In Progress
S0749,2024,1,20-30,In Progress
S0749,2024,1,20-30,In Progress
S0749,2024,1,20-30,In Progress
S0749,2024,1,20-30,In Progress
S0749,2024,1,20-30,At Risk
S0749,2024,1,20-30,At Risk
S0750,2024,6,40+,At Risk
S0750,2024,6,40+,At Risk
S0750,2024,6,40+,At Risk
S0750,2024,6,40+,At Risk
S0750,2024,6,40+,At Risk
S0750,2024,6,40+,At Risk
S0750,2024,6,40+,At Risk
S0750,2024,6,40+,At Risk
S0750,2024,6,40+,At Risk
S0750,2024,6,40+,At Risk
S0750,2024,6,40+,In Progress
S0750,2024,6,40+,In Progress
S0750,2024,6,40+,In Progress
S0750,2024,6,40+,In Progress
S0750,2024,6,40+,In Progress
S0751,2024,11,31-40,At Risk
S0751,2024,11,31-40,At Risk
S0751,2024,11,31-40,At Risk
S0751,2024,11,31-40,At Risk
S0751,2024,11,31-40,At Risk
S0751,2024,11,31-40,At Risk
S0751,2024,11,31-40,At Risk
S0751,2024,11,31-40,At Risk
S0751,2024,11,31-40,At Risk
S0752,2023,10,31-40,In Progress
S0752,2023,10,31-40,In Progress
S0752,2023,10,31-40,In Progress
S0752,2023,10,31-40,In Progress
S0752,2023,10,31-40,In Progress
S0752,2023,10,31-40,In Progress
S0752,2023,10,31-40,In Progress
S0752,2023,10,31-40,In Progress
S0752,2023,10,31-40,In Progress
S0752,2023,10,31-40,At Risk
S0752,2023,10,31-40,At Risk
S0753,2024,3,31-40,At Risk
S0753,2024,3,31-40,At Risk
S0753,2024,3,31-40,At Risk
S0753,2024,3,31-40,At Risk
S0753,2024,3,31-40,At Risk
S0753,2024,3,31-40,At Risk
S0753,2024,3,31-40,At Risk
S0753,2024,3,31-40,At Risk
S0753,2024,3,31-40,At Risk
S0754,2025,2,40+,At Risk
S0754,2025,2,40+,At Risk
S0754,2025,2,40+,At Risk
S0754,2025,2,40+,At Risk
S0755,2023,5,40+,In Progress
S0755,2023,5,40+,In Progress
S0755,2023,5,40+,In Progress
S0755,2023,5,40+,At Risk
S0755,2023,5,40+,At Risk
S0755,2023,5,40+,In Progress
S0755,2023,5,40+,In Progress
S0755,2023,5,40+,In Progress
S0755,2023,5,40+,In Progress
S0756,2023,8,31-40,At Risk
S0756,2023,8,31-40,At Risk
S0756,2023,8,31-40,At Risk
S0756,2023,8,31-40,At Risk
S0756,2023,8,31-40,At Risk
S0756,2023,8,31-40,In Progress
S0756,2023,8,31-40,In Progress
S0756,2023,8,31-40,In Progress
S0756,2023,8,31-40,In Progress
S0756,2023,8,31-40,At Risk
S0756,2023,8,31-40,At Risk
S0756,2023,8,31-40,At Risk
S0756,2023,8,31-40,At Risk
S0756,2023,8,31-40,At Risk
S0757,2024,9,20-30,At Risk
S0757,2024,9,20-30,At Risk
S0757,2024,9,20-30,At Risk
S0757,2024,9,20-30,At Risk
S0757,2024,9,20-30,At Risk
S0757,2024,9,20-30,At Risk
S0757,2024,9,20-30,At Risk
S0757,2024,9,20-30,At Risk
S0757,2024,9,20-30,At Risk
S0757,2024,9,20-30,At Risk
S0757,2024,9,20-30,In Progress
S0757,2024,9,20-30,In Progress
S0757,2024,9,20-30,In Progress
S0757,2024,9,20-30,In Progress
S0758,2023,7,40+,At Risk
S0758,2023,7,40+,At Risk
S0758,2023,7,40+,At Risk
S0758,2023,7,40+,At Risk
S0758,2023,7,40+,At Risk
S0758,2023,7,40+,At Risk
S0758,2023,7,40+,At Risk
S0759,2024,2,40+,In Progress
S0759,2024,2,40+,In Progress
S0759,2024,2,40+,In Progress
S0759,2024,2,40+,At Risk
S0759,2024,2,40+,At Risk
S0759,2024,2,40+,At Risk
S0759,2024,2,40+,At Risk
S0759,2024,2,40+,At Risk
S0760,2023,12,40+,At Risk
S0760,2023,12,40+,At Risk
S0760,2023,12,40+,At Risk
S0760,2023,12,40+,At Risk
S0760,2023,12,40+,In Progress
S0760,2023,12,40+,In Progress
S0760,2023,12,40+,In Progress
S0760,2023,12,40+,In Progress
S0761,2023,2,40+,At Risk
S0761,2023,2,40+,At Risk
S0761,2023,2,40+,At Risk
S0761,2023,2,40+,At Risk
S0761,2023,2,40+,At Risk
S0761,2023,2,40+,At Risk
S0761,2023,2,40+,At Risk
S0761,2023,2,40+,At Risk
S0761,2023,2,40+,At Risk
S0761,2023,2,40+,At Risk
S0761,2023,2,40+,In Progress
S0761,2023,2,40+,In Progress
S0761,2023,2,40+,In Progress
S0761,2023,2,40+,At Risk
S0761,2023,2,40+,At Risk
S0761,2023,2,40+,At Risk
S0761,2023,2,40+,Completed
S0761,2023,2,40+,Completed
S0761,2023,2,40+,Completed
S0761,2023,2,40+,Completed
S0761,2023,2,40+,Completed
S0762,2023,7,31-40,In Progress
S0762,2023,7,31-40,In Progress
S0762,2023,7,31-40,At Risk
S0762,2023,7,31-40,At Risk
S0762,2023,7,31-40,At Risk
S0762,2023,7,31-40,At Risk
S0762,2023,7,31-40,At Risk
S0762,2023,7,31-40,At Risk
S0762,2023,7,31-40,At Risk
S0762,2023,7,31-40,At Risk
S0763,2024,5,31-40,In Progress
S0763,2024,5,31-40,In Progress
S0763,2024,5,31-40,In Progress
S0763,2024,5,31-40,In Progress
S0763,2024,5,31-40,In Progress
S0763,2024,5,31-40,In Progress
S0763,2024,5,31-40,In Progress
S0763,2024,5,31-40,In Progress
S0763,2024,5,31-40,In Progress
S0763,2024,5,31-40,In Progress
S0763,2024,5,31-40,In Progress
S0763,2024,5,31-40,In Progress
S0763,2024,5,31-40,In Progress
S0763,2024,5,31-40,In Progress
S0764,2023,6,Under 20,In Progress
S0764,2023,6,Under 20,In Progress
S0764,2023,6,Under 20,In Progress
S0764,2023,6,Under 20,In Progress
S0764,2023,6,Under 20,In Progress
S0765,2023,9,40+,In Progress
S0765,2023,9,40+,In Progress
S0765,2023,9,40+,In Progress
S0765,2023,9,40+,In Progress
S0765,2023,9,40+,In Progress
S0765,2023,9,40+,In Progress
S0766,2023,4,Under 20,At Risk
S0766,2023,4,Under 20,At Risk
S0766,2023,4,Under 20,At Risk
S0766,2023,4,Under 20,In Progress
S0766,2023,4,Under 20,In Progress
S0767,2024,10,20-30,In Progress
S0767,2024,10,20-30,In Progress
S0767,2024,10,20-30,In Progress
S0767,2024,10,20-30,In Progress
S0767,2024,10,20-30,In Progress
S0767,2024,10,20-30,In Progress
S0767,2024,10,20-30,In Progress
S0767,2024,10,20-30,In Progress
S0767,2024,10,20-30,In Progress
S0767,2024,10,20-30,In Progress
S0767,2024,10,20-30,In Progress
S0767,2024,10,20-30,In Progress
S0767,2024,10,20-30,In Progress
S0767,2024,10,20-30,At Risk
S0767,2024,10,20-30,At Risk
S0767,2024,10,20-30,At Risk
S0768,2025,6,40+,At Risk
S0768,2025,6,40+,At Risk
S0768,2025,6,40+,At Risk
S0768,2025,6,40+,At Risk
S0768,2025,6,40+,At Risk
S0768,2025,6,40+,At Risk
S0768,2025,6,40+,At Risk
S0768,2025,6,40+,At Risk
S0768,2025,6,40+,At Risk
S0768,2025,6,40+,In Progress
S0768,2025,6,40+,In Progress
S0769,2024,7,40+,In Progress
S0769,2024,7,40+,In Progress
S0769,2024,7,40+,In Progress
S0769,2024,7,40+,In Progress
S0769,2024,7,40+,In Progress
S0769,2024,7,40+,In Progress
S0769,2024,7,40+,In Progress
S0769,2024,7,40+,In Progress
S0769,2024,7,40+,In Progress
S0770,2023,11,Under 20,In Progress
S0770,2023,11,Under 20,In Progress
S0770,2023,11,Under 20,In Progress
S0770,2023,11,Under 20,In Progress
S0770,2023,11,Under 20,In Progress
S0770,2023,11,Under 20,At Risk
S0770,2023,11,Under 20,At Risk
S0770,2023,11,Under 20,At Risk
S0770,2023,11,Under 20,At Risk
S0770,2023,11,Under 20,At Risk
S0770,2023,11,Under 20,At Risk
S0770,2023,11,Under 20,At Risk
S0770,2023,11,Under 20,At Risk
S0770,2023,11,Under 20,In Progress
S0770,2023,11,Under 20,In Progress
S0770,2023,11,Under 20,In Progress
S0770,2023,11,Under 20,In Progress
S0770,2023,11,Under 20,In Progress
S0771,2023,2,31-40,In Progress
S0771,2023,2,31-40,In Progress
S0771,2023,2,31-40,In Progress
S0771,2023,2,31-40,In Progress
S0771,2023,2,31-40,In Progress
S0771,2023,2,31-40,In Progress
S0771,2023,2,31-40,In Progress
S0771,2023,2,31-40,In Progress
S0771,2023,2,31-40,In Progress
S0771,2023,2,31-40,In Progress
S0771,2023,2,31-40,At Risk
S0771,2023,2,31-40,At Risk
S0771,2023,2,31-40,At Risk
S0771,2023,2,31-40,At Risk
S0771,2023,2,31-40,At Risk
S0771,2023,2,31-40,At Risk
S0771,2023,2,31-40,At Risk
S0771,2023,2,31-40,In Progress
S0771,2023,2,31-40,In Progress
S0771,2023,2,31-40,In Progress
S0772,2025,3,31-40,At Risk
S0772,2025,3,31-40,At Risk
S0772,2025,3,31-40,At Risk
S0772,2025,3,31-40,At Risk
S0772,2025,3,31-40,At Risk
S0772,2025,3,31-40,In Progress
S0772,2025,3,31-40,In Progress
S0772,2025,3,31-40,In Progress
S0773,2023,5,40+,At Risk
S0773,2023,5,40+,At Risk
S0773,2023,5,40+,At Risk
S0773,2023,5,40+,At Risk
S0773,2023,5,40+,In Progress
S0773,2023,5,40+,In Progress
S0773,2023,5,40+,In Progress
S0773,2023,5,40+,In Progress
S0773,2023,5,40+,At Risk
S0773,2023,5,40+,At Risk
S0773,2023,5,40+,At Risk
S0773,2023,5,40+,In Progress
S0773,2023,5,40+,In Progress
S0773,2023,5,40+,In Progress
S0773,2023,5,40+,In Progress
S0773,2023,5,40+,In Progress
S0773,2023,5,40+,In Progress
S0773,2023,5,40+,In Progress
S0773,2023,5,40+,In Progress
S0774,2023,8,31-40,At Risk
S0774,2023,8,31-40,At Risk
S0774,2023,8,31-40,At Risk
S0774,2023,8,31-40,At Risk
S0774,2023,8,31-40,At Risk
S0774,2023,8,31-40,At Risk
S0774,2023,8,31-40,At Risk
S0774,2023,8,31-40,At Risk
S0774,2023,8,31-40,At Risk
S0775,2024,4,20-30,At Risk
S0775,2024,4,20-30,At Risk
S0775,2024,4,20-30,At Risk
S0775,2024,4,20-30,At Risk
S0775,2024,4,20-30,At Risk
S0775,2024,4,20-30,At Risk
S0775,2024,4,20-30,At Risk
S0775,2024,4,20-30,At Risk
S0775,2024,4,20-30,In Progress
S0775,2024,4,20-30,In Progress
S0775,2024,4,20-30,In Progress
S0775,2024,4,20-30,In Progress
S0775,2024,4,20-30,At Risk
S0775,2024,4,20-30,At Risk
S0775,2024,4,20-30,At Risk
S0775,2024,4,20-30,At Risk
S0775,2024,4,20-30,At Risk
S0776,2023,2,20-30,At Risk
S0776,2023,2,20-30,At Risk
S0776,2023,2,20-30,At Risk
S0776,2023,2,20-30,In Progress
S0776,2023,2,20-30,In Progress
S0776,2023,2,20-30,At Risk
S0776,2023,2,20-30,At Risk
S0776,2023,2,20-30,At Risk
S0776,2023,2,20-30,At Risk
S0776,2023,2,20-30,At Risk
S0777,2024,4,20-30,At Risk
S0777,2024,4,20-30,At Risk
S0777,2024,4,20-30,At Risk
S0777,2024,4,20-30,At Risk
S0777,2024,4,20-30,At Risk
S0777,2024,4,20-30,In Progress
S0777,2024,4,20-30,In Progress
S0777,2024,4,20-30,In Progress
S0777,2024,4,20-30,In Progress
S0778,2024,1,31-40,In Progress
S0778,2024,1,31-40,In Progress
S0778,2024,1,31-40,In Progress
S0778,2024,1,31-40,In Progress
S0778,2024,1,31-40,In Progress
S0778,2024,1,31-40,In Progress
S0778,2024,1,31-40,In Progress
S0778,2024,1,31-40,In Progress
S0778,2024,1,31-40,In Progress
S0778,2024,1,31-40,In Progress
S0778,2024,1,31-40,In Progress
S0778,2024,1,31-40,In Progress
S0779,2024,7,20-30,In Progress
S0779,2024,7,20-30,In Progress
S0779,2024,7,20-30,In Progress
S0779,2024,7,20-30,In Progress
S0779,2024,7,20-30,In Progress
S0780,2023,5,31-40,At Risk
S0780,2023,5,31-40,At Risk
S0780,2023,5,31-40,At Risk
S0780,2023,5,31-40,At Risk
S0780,2023,5,31-40,At Risk
S0780,2023,5,31-40,At Risk
S0780,2023,5,31-40,At Risk
S0780,2023,5,31-40,At Risk
S0780,2023,5,31-40,At Risk
S0780,2023,5,31-40,In Progress
S0780,2023,5,31-40,In Progress
S0780,2023,5,31-40,In Progress
S0780,2023,5,31-40,In Progress
S0780,2023,5,31-40,In Progress
S0780,2023,5,31-40,In Progress
S0780,2023,5,31-40,In Progress
S0780,2023,5,31-40,In Progress
S0780,2023,5,31-40,In Progress
S0781,2023,8,20-30,At Risk
S0781,2023,8,20-30,At Risk
S0781,2023,8,20-30,At Risk
S0781,2023,8,20-30,At Risk
S0781,2023,8,20-30,At Risk
S0781,2023,8,20-30,At Risk
S0781,2023,8,20-30,At Risk
S0781,2023,8,20-30,At Risk
S0781,2023,8,20-30,At Risk
S0781,2023,8,20-30,At Risk
S0781,2023,8,20-30,At Risk
S0781,2023,8,20-30,At Risk
S0781,2023,8,20-30,At Risk
S0781,2023,8,20-30,At Risk
S0781,2023,8,20-30,At Risk
S0781,2023,8,20-30,At Risk
S0781,2023,8,20-30,At Risk
S0781,2023,8,20-30,At Risk
S0782,2024,7,20-30,At Risk
S0782,2024,7,20-30,At Risk
S0782,2024,7,20-30,At Risk
S0782,2024,7,20-30,At Risk
S0782,2024,7,20-30,At Risk
S0782,2024,7,20-30,In Progress
S0782,2024,7,20-30,In Progress
S0782,2024,7,20-30,In Progress
S0782,2024,7,20-30,In Progress
S0782,2024,7,20-30,In Progress
S0782,2024,7,20-30,In Progress
S0782,2024,7,20-30,In Progress
S0782,2024,7,20-30,In Progress
S0783,2023,11,20-30,At Risk
S0783,2023,11,20-30,At Risk
S0783,2023,11,20-30,At Risk
S0783,2023,11,20-30,In Progress
S0783,2023,11,20-30,In Progress
S0783,2023,11,20-30,In Progress
S0783,2023,11,20-30,In Progress
S0783,2023,11,20-30,In Progress
S0783,2023,11,20-30,In Progress
S0783,2023,11,20-30,In Progress
S0784,2024,1,31-40,At Risk
S0784,2024,1,31-40,At Risk
S0784,2024,1,31-40,At Risk
S0784,2024,1,31-40,At Risk
S0784,2024,1,31-40,At Risk
S0784,2024,1,31-40,In Progress
S0784,2024,1,31-40,In Progress
S0784,2024,1,31-40,In Progress
S0784,2024,1,31-40,In Progress
S0784,2024,1,31-40,In Progress
S0784,2024,1,31-40,In Progress
S0784,2024,1,31-40,In Progress
S0784,2024,1,31-40,In Progress
S0784,2024,1,31-40,In Progress
S0784,2024,1,31-40,In Progress
S0784,2024,1,31-40,In Progress
S0785,2024,4,20-30,At Risk
S0785,2024,4,20-30,At Risk
S0785,2024,4,20-30,At Risk
S0785,2024,4,20-30,At Risk
S0785,2024,4,20-30,At Risk
S0785,2024,4,20-30,At Risk
S0785,2024,4,20-30,At Risk
S0785,2024,4,20-30,At Risk
S0785,2024,4,20-30,At Risk
S0785,2024,4,20-30,At Risk
S0785,2024,4,20-30,At Risk
S0785,2024,4,20-30,At Risk
S0785,2024,4,20-30,At Risk
S0785,2024,4,20-30,At Risk
S0785,2024,4,20-30,At Risk
S0785,2024,4,20-30,At Risk
S0785,2024,4,20-30,At Risk
S0785,2024,4,20-30,At Risk
S0785,2024,4,20-30,At Risk
S0786,2025,2,40+,In Progress
S0786,2025,2,40+,In Progress
S0786,2025,2,40+,In Progress
S0786,2025,2,40+,At Risk
S0786,2025,2,40+,At Risk
S0786,2025,2,40+,At Risk
S0786,2025,2,40+,In Progress
S0786,2025,2,40+,In Progress
S0787,2024,3,31-40,In Progress
S0787,2024,3,31-40,In Progress
S0787,2024,3,31-40,In Progress
S0787,2024,3,31-40,In Progress
S0787,2024,3,31-40,In Progress
S0787,2024,3,31-40,At Risk
S0787,2024,3,31-40,At Risk
S0787,2024,3,31-40,At Risk
S0787,2024,3,31-40,At Risk
S0787,2024,3,31-40,At Risk
S0787,2024,3,31-40,At Risk
S0787,2024,3,31-40,At Risk
S0787,2024,3,31-40,At Risk
S0787,2024,3,31-40,At Risk
S0788,2024,6,20-30,At Risk
S0788,2024,6,20-30,At Risk
S0788,2024,6,20-30,At Risk
S0788,2024,6,20-30,At Risk
S0788,2024,6,20-30,At Risk
S0788,2024,6,20-30,At Risk
S0788,2024,6,20-30,At Risk
S0788,2024,6,20-30,At Risk
S0789,2025,3,31-40,At Risk
S0789,2025,3,31-40,At Risk
S0789,2025,3,31-40,At Risk
S0789,2025,3,31-40,At Risk
S0789,2025,3,31-40,At Risk
S0789,2025,3,31-40,In Progress
S0789,2025,3,31-40,In Progress
S0789,2025,3,31-40,In Progress
S0789,2025,3,31-40,In Progress
S0789,2025,3,31-40,In Progress
S0789,2025,3,31-40,In Progress
S0789,2025,3,31-40,In Progress
S0789,2025,3,31-40,In Progress
S0790,2023,10,20-30,At Risk
S0790,2023,10,20-30,At Risk
S0790,2023,10,20-30,At Risk
S0790,2023,10,20-30,At Risk
S0790,2023,10,20-30,At Risk
S0790,2023,10,20-30,At Risk
S0790,2023,10,20-30,At Risk
S0791,2023,7,40+,At Risk
S0791,2023,7,40+,At Risk
S0791,2023,7,40+,At Risk
S0791,2023,7,40+,At Risk
S0791,2023,7,40+,At Risk
S0791,2023,7,40+,In Progress
S0791,2023,7,40+,In Progress
S0791,2023,7,40+,In Progress
S0791,2023,7,40+,In Progress
S0791,2023,7,40+,In Progress
S0791,2023,7,40+,In Progress
S0791,2023,7,40+,In Progress
S0791,2023,7,40+,In Progress
S0791,2023,7,40+,At Risk
S0791,2023,7,40+,At Risk
S0792,2024,11,40+,At Risk
S0792,2024,11,40+,At Risk
S0792,2024,11,40+,In Progress
S0792,2024,11,40+,In Progress
S0792,2024,11,40+,At Risk
S0792,2024,11,40+,At Risk
S0792,2024,11,40+,At Risk
S0792,2024,11,40+,At Risk
S0792,2024,11,40+,In Progress
S0792,2024,11,40+,In Progress
S0792,2024,11,40+,In Progress
S0793,2024,5,20-30,At Risk
S0793,2024,5,20-30,At Risk
S0793,2024,5,20-30,At Risk
S0793,2024,5,20-30,At Risk
S0793,2024,5,20-30,At Risk
S0793,2024,5,20-30,At Risk
S0794,2023,2,20-30,In Progress
S0794,2023,2,20-30,In Progress
S0794,2023,2,20-30,At Risk
S0794,2023,2,20-30,At Risk
S0794,2023,2,20-30,At Risk
S0794,2023,2,20-30,At Risk
S0794,2023,2,20-30,At Risk
S0794,2023,2,20-30,At Risk
S0794,2023,2,20-30,At Risk
S0794,2023,2,20-30,At Risk
S0794,2023,2,20-30,At Risk
S0794,2023,2,20-30,At Risk
S0794,2023,2,20-30,At Risk
S0794,2023,2,20-30,At Risk
S0794,2023,2,20-30,In Progress
S0794,2023,2,20-30,In Progress
S0794,2023,2,20-30,In Progress
S0794,2023,2,20-30,In Progress
S0794,2023,2,20-30,In Progress
S0795,2023,10,20-30,In Progress
S0795,2023,10,20-30,In Progress
S0795,2023,10,20-30,In Progress
S0795,2023,10,20-30,In Progress
S0795,2023,10,20-30,At Risk
S0795,2023,10,20-30,At Risk
S0795,2023,10,20-30,At Risk
S0795,2023,10,20-30,At Risk
S0795,2023,10,20-30,At Risk
S0795,2023,10,20-30,At Risk
S0795,2023,10,20-30,At Risk
S0795,2023,10,20-30,At Risk
S0795,2023,10,20-30,At Risk
S0795,2023,10,20-30,At Risk
S0795,2023,10,20-30,At Risk
S0795,2023,10,20-30,At Risk
S0796,2024,5,31-40,At Risk
S0796,2024,5,31-40,At Risk
S0796,2024,5,31-40,At Risk
S0796,2024,5,31-40,At Risk
S0796,2024,5,31-40,At Risk
S0796,2024,5,31-40,At Risk
S0796,2024,5,31-40,At Risk
S0796,2024,5,31-40,At Risk
S0796,2024,5,31-40,At Risk
S0797,2024,3,40+,At Risk
S0797,2024,3,40+,At Risk
S0797,2024,3,40+,At Risk
S0797,2024,3,40+,At Risk
S0797,2024,3,40+,At Risk
S0797,2024,3,40+,At Risk
S0798,2024,12,20-30,In Progress
S0798,2024,12,20-30,In Progress
S0798,2024,12,20-30,In Progress
S0798,2024,12,20-30,In Progress
S0798,2024,12,20-30,In Progress
S0798,2024,12,20-30,At Risk
S0798,2024,12,20-30,At Risk
S0798,2024,12,20-30,At Risk
S0798,2024,12,20-30,At Risk
S0798,2024,12,20-30,At Risk
S0798,2024,12,20-30,At Risk
S0798,2024,12,20-30,In Progress
S0798,2024,12,20-30,In Progress
S0798,2024,12,20-30,In Progress
S0798,2024,12,20-30,At Risk
S0798,2024,12,20-30,At Risk
S0798,2024,12,20-30,At Risk
S0799,2024,6,40+,At Risk
S0799,2024,6,40+,At Risk
S0799,2024,6,40+,At Risk
S0799,2024,6,40+,In Progress
S0799,2024,6,40+,In Progress
S0799,2024,6,40+,In Progress
S0799,2024,6,40+,At Risk
S0799,2024,6,40+,At Risk
S0799,2024,6,40+,At Risk
S0799,2024,6,40+,At Risk
S0799,2024,6,40+,At Risk
S0799,2024,6,40+,At Risk
S0799,2024,6,40+,At Risk
S0800,2024,11,31-40,In Progress
S0800,2024,11,31-40,In Progress
S0800,2024,11,31-40,In Progress
S0800,2024,11,31-40,In Progress
S0800,2024,11,31-40,In Progress
S0800,2024,11,31-40,In Progress
S0800,2024,11,31-40,In Progress
S0800,2024,11,31-40,In Progress
S0800,2024,11,31-40,In Progress
S0801,2025,5,40+,At Risk
S0801,2025,5,40+,At Risk
S0801,2025,5,40+,At Risk
S0801,2025,5,40+,At Risk
S0801,2025,5,40+,At Risk
S0801,2025,5,40+,At Risk
S0801,2025,5,40+,In Progress
S0801,2025,5,40+,In Progress
S0801,2025,5,40+,In Progress
S0801,2025,5,40+,In Progress
S0801,2025,5,40+,In Progress
S0801,2025,5,40+,In Progress
S0801,2025,5,40+,In Progress
S0802,2025,4,40+,In Progress
S0802,2025,4,40+,In Progress
S0802,2025,4,40+,In Progress
S0802,2025,4,40+,In Progress
S0802,2025,4,40+,In Progress
S0802,2025,4,40+,In Progress
S0802,2025,4,40+,In Progress
S0803,2025,2,40+,At Risk
S0803,2025,2,40+,At Risk
S0803,2025,2,40+,At Risk
S0803,2025,2,40+,At Risk
S0803,2025,2,40+,At Risk
S0803,2025,2,40+,In Progress
S0803,2025,2,40+,In Progress
S0804,2024,7,31-40,In Progress
S0804,2024,7,31-40,In Progress
S0804,2024,7,31-40,In Progress
S0804,2024,7,31-40,In Progress
S0804,2024,7,31-40,In Progress
S0804,2024,7,31-40,In Progress
S0804,2024,7,31-40,In Progress
S0804,2024,7,31-40,In Progress
S0804,2024,7,31-40,In Progress
S0804,2024,7,31-40,At Risk
S0804,2024,7,31-40,At Risk
S0804,2024,7,31-40,In Progress
S0804,2024,7,31-40,In Progress
S0804,2024,7,31-40,In Progress
S0804,2024,7,31-40,In Progress
S0804,2024,7,31-40,In Progress
S0804,2024,7,31-40,In Progress
S0804,2024,7,31-40,In Progress
S0805,2024,12,31-40,In Progress
S0805,2024,12,31-40,In Progress
S0805,2024,12,31-40,In Progress
S0805,2024,12,31-40,In Progress
S0805,2024,12,31-40,At Risk
S0805,2024,12,31-40,At Risk
S0805,2024,12,31-40,At Risk
S0805,2024,12,31-40,At Risk
S0806,2024,4,40+,In Progress
S0806,2024,4,40+,In Progress
S0806,2024,4,40+,In Progress
S0806,2024,4,40+,In Progress
S0806,2024,4,40+,In Progress
S0806,2024,4,40+,In Progress
S0806,2024,4,40+,In Progress
S0806,2024,4,40+,In Progress
S0806,2024,4,40+,In Progress
S0806,2024,4,40+,In Progress
S0807,2023,2,20-30,In Progress
S0807,2023,2,20-30,In Progress
S0807,2023,2,20-30,In Progress
S0807,2023,2,20-30,In Progress
S0807,2023,2,20-30,In Progress
S0807,2023,2,20-30,In Progress
S0807,2023,2,20-30,In Progress
S0807,2023,2,20-30,In Progress
S0807,2023,2,20-30,At Risk
S0807,2023,2,20-30,At Risk
S0808,2023,1,40+,At Risk
S0808,2023,1,40+,At Risk
S0808,2023,1,40+,In Progress
S0808,2023,1,40+,In Progress
S0808,2023,1,40+,In Progress
S0808,2023,1,40+,In Progress
S0808,2023,1,40+,In Progress
S0808,2023,1,40+,At Risk
S0808,2023,1,40+,At Risk
S0808,2023,1,40+,At Risk
S0808,2023,1,40+,At Risk
S0808,2023,1,40+,At Risk
S0808,2023,1,40+,At Risk
S0808,2023,1,40+,At Risk
S0808,2023,1,40+,At Risk
S0808,2023,1,40+,At Risk
S0808,2023,1,40+,At Risk
S0808,2023,1,40+,At Risk
S0809,2023,9,20-30,In Progress
S0809,2023,9,20-30,In Progress
S0809,2023,9,20-30,In Progress
S0809,2023,9,20-30,In Progress
S0809,2023,9,20-30,At Risk
S0809,2023,9,20-30,At Risk
S0810,2023,10,Under 20,At Risk
S0810,2023,10,Under 20,At Risk
S0810,2023,10,Under 20,At Risk
S0810,2023,10,Under 20,At Risk
S0810,2023,10,Under 20,At Risk
S0810,2023,10,Under 20,In Progress
S0810,2023,10,Under 20,In Progress
S0810,2023,10,Under 20,In Progress
S0810,2023,10,Under 20,In Progress
S0810,2023,10,Under 20,In Progress
S0810,2023,10,Under 20,At Risk
S0810,2023,10,Under 20,At Risk
S0810,2023,10,Under 20,At Risk
S0810,2023,10,Under 20,At Risk
S0810,2023,10,Under 20,In Progress
S0810,2023,10,Under 20,In Progress
S0810,2023,10,Under 20,In Progress
S0810,2023,10,Under 20,In Progress
S0810,2023,10,Under 20,In Progress
S0811,2024,3,20-30,At Risk
S0811,2024,3,20-30,At Risk
S0811,2024,3,20-30,At Risk
S0811,2024,3,20-30,At Risk
S0811,2024,3,20-30,At Risk
S0811,2024,3,20-30,At Risk
S0811,2024,3,20-30,At Risk
S0812,2023,4,31-40,In Progress
S0812,2023,4,31-40,In Progress
S0812,2023,4,31-40,At Risk
S0812,2023,4,31-40,At Risk
S0812,2023,4,31-40,At Risk
S0812,2023,4,31-40,At Risk
S0812,2023,4,31-40,At Risk
S0812,2023,4,31-40,At Risk
S0812,2023,4,31-40,At Risk
S0812,2023,4,31-40,At Risk
S0812,2023,4,31-40,At Risk
S0812,2023,4,31-40,At Risk
S0813,2024,10,20-30,At Risk
S0813,2024,10,20-30,At Risk
S0813,2024,10,20-30,At Risk
S0813,2024,10,20-30,At Risk
S0813,2024,10,20-30,At Risk
S0813,2024,10,20-30,In Progress
S0813,2024,10,20-30,In Progress
S0813,2024,10,20-30,In Progress
S0813,2024,10,20-30,In Progress
S0813,2024,10,20-30,In Progress
S0813,2024,10,20-30,At Risk
S0813,2024,10,20-30,At Risk
S0813,2024,10,20-30,At Risk
S0813,2024,10,20-30,In Progress
S0813,2024,10,20-30,In Progress
S0813,2024,10,20-30,In Progress
S0813,2024,10,20-30,In Progress
S0813,2024,10,20-30,In Progress
S0813,2024,10,20-30,In Progress
S0813,2024,10,20-30,In Progress
S0813,2024,10,20-30,In Progress
S0813,2024,10,20-30,In Progress
S0814,2024,3,20-30,In Progress
S0814,2024,3,20-30,In Progress
S0814,2024,3,20-30,In Progress
S0814,2024,3,20-30,In Progress
S0814,2024,3,20-30,In Progress
S0814,2024,3,20-30,At Risk
S0814,2024,3,20-30,At Risk
S0814,2024,3,20-30,In Progress
S0814,2024,3,20-30,In Progress
S0814,2024,3,20-30,In Progress
S0814,2024,3,20-30,In Progress
S0814,2024,3,20-30,In Progress
S0814,2024,3,20-30,In Progress
S0814,2024,3,20-30,In Progress
S0814,2024,3,20-30,At Risk
S0814,2024,3,20-30,At Risk
S0814,2024,3,20-30,At Risk
S0814,2024,3,20-30,At Risk
S0815,2024,11,31-40,In Progress
S0815,2024,11,31-40,In Progress
S0815,2024,11,31-40,In Progress
S0815,2024,11,31-40,In Progress
S0815,2024,11,31-40,In Progress
S0815,2024,11,31-40,In Progress
S0815,2024,11,31-40,In Progress
S0815,2024,11,31-40,In Progress
S0815,2024,11,31-40,In Progress
S0815,2024,11,31-40,In Progress
S0815,2024,11,31-40,In Progress
S0815,2024,11,31-40,At Risk
S0815,2024,11,31-40,At Risk
S0815,2024,11,31-40,At Risk
S0816,2023,9,40+,In Progress
S0816,2023,9,40+,In Progress
S0816,2023,9,40+,At Risk
S0816,2023,9,40+,At Risk
S0816,2023,9,40+,At Risk
S0816,2023,9,40+,At Risk
S0816,2023,9,40+,At Risk
S0816,2023,9,40+,At Risk
S0816,2023,9,40+,At Risk
S0816,2023,9,40+,At Risk
S0816,2023,9,40+,At Risk
S0817,2023,6,20-30,In Progress
S0817,2023,6,20-30,In Progress
S0817,2023,6,20-30,In Progress
S0817,2023,6,20-30,At Risk
S0817,2023,6,20-30,At Risk
S0817,2023,6,20-30,At Risk
S0817,2023,6,20-30,At Risk
S0817,2023,6,20-30,At Risk
S0817,2023,6,20-30,In Progress
S0817,2023,6,20-30,In Progress
S0817,2023,6,20-30,In Progress
S0817,2023,6,20-30,In Progress
S0817,2023,6,20-30,In Progress
S0817,2023,6,20-30,In Progress
S0817,2023,6,20-30,In Progress
S0817,2023,6,20-30,In Progress
S0817,2023,6,20-30,In Progress
S0818,2024,12,20-30,At Risk
S0818,2024,12,20-30,At Risk
S0818,2024,12,20-30,At Risk
S0818,2024,12,20-30,At Risk
S0818,2024,12,20-30,At Risk
S0818,2024,12,20-30,In Progress
S0818,2024,12,20-30,In Progress
S0818,2024,12,20-30,In Progress
S0818,2024,12,20-30,At Risk
S0818,2024,12,20-30,At Risk
S0818,2024,12,20-30,At Risk
S0818,2024,12,20-30,At Risk
S0818,2024,12,20-30,At Risk
S0818,2024,12,20-30,At Risk
S0818,2024,12,20-30,At Risk
S0818,2024,12,20-30,At Risk
S0819,2024,7,Under 20,In Progress
S0819,2024,7,Under 20,In Progress
S0819,2024,7,Under 20,In Progress
S0819,2024,7,Under 20,In Progress
S0819,2024,7,Under 20,In Progress
S0819,2024,7,Under 20,In Progress
S0819,2024,7,Under 20,In Progress
S0819,2024,7,Under 20,At Risk
S0819,2024,7,Under 20,At Risk
S0819,2024,7,Under 20,At Risk
S0819,2024,7,Under 20,At Risk
S0819,2024,7,Under 20,In Progress
S0819,2024,7,Under 20,In Progress
S0819,2024,7,Under 20,In Progress
S0820,2023,11,Under 20,At Risk
S0820,2023,11,Under 20,At Risk
S0820,2023,11,Under 20,At Risk
S0820,2023,11,Under 20,At Risk
S0820,2023,11,Under 20,At Risk
S0820,2023,11,Under 20,At Risk
S0820,2023,11,Under 20,At Risk
S0820,2023,11,Under 20,At Risk
S0821,2024,6,40+,In Progress
S0821,2024,6,40+,In Progress
S0821,2024,6,40+,In Progress
S0821,2024,6,40+,In Progress
S0821,2024,6,40+,In Progress
S0821,2024,6,40+,In Progress
S0821,2024,6,40+,In Progress
S0821,2024,6,40+,In Progress
S0821,2024,6,40+,In Progress
S0822,2024,4,Under 20,Completed
S0822,2024,4,Under 20,Completed
S0822,2024,4,Under 20,At Risk
S0822,2024,4,Under 20,At Risk
S0822,2024,4,Under 20,At Risk
S0822,2024,4,Under 20,At Risk
S0822,2024,4,Under 20,At Risk
S0822,2024,4,Under 20,At Risk
S0822,2024,4,Under 20,At Risk
S0822,2024,4,Under 20,At Risk
S0822,2024,4,Under 20,At Risk
S0822,2024,4,Under 20,At Risk
S0822,2024,4,Under 20,At Risk
S0822,2024,4,Under 20,At Risk
S0822,2024,4,Under 20,In Progress
S0822,2024,4,Under 20,In Progress
S0823,2024,11,Under 20,At Risk
S0823,2024,11,Under 20,At Risk
S0823,2024,11,Under 20,In Progress
S0823,2024,11,Under 20,In Progress
S0823,2024,11,Under 20,In Progress
S0823,2024,11,Under 20,In Progress
S0823,2024,11,Under 20,In Progress
S0823,2024,11,Under 20,In Progress
S0823,2024,11,Under 20,In Progress
S0823,2024,11,Under 20,In Progress
S0823,2024,11,Under 20,In Progress
S0823,2024,11,Under 20,In Progress
S0823,2024,11,Under 20,At Risk
S0823,2024,11,Under 20,At Risk
S0823,2024,11,Under 20,At Risk
S0823,2024,11,Under 20,At Risk
S0823,2024,11,Under 20,At Risk
S0823,2024,11,Under 20,At Risk
S0823,2024,11,Under 20,At Risk
S0823,2024,11,Under 20,At Risk
S0823,2024,11,Under 20,At Risk
S0824,2025,3,40+,In Progress
S0824,2025,3,40+,In Progress
S0824,2025,3,40+,In Progress
S0824,2025,3,40+,In Progress
S0824,2025,3,40+,At Risk
S0824,2025,3,40+,At Risk
S0824,2025,3,40+,At Risk
S0824,2025,3,40+,At Risk
S0824,2025,3,40+,At Risk
S0824,2025,3,40+,At Risk
S0824,2025,3,40+,At Risk
S0824,2025,3,40+,At Risk
S0824,2025,3,40+,At Risk
S0825,2024,1,20-30,At Risk
S0825,2024,1,20-30,At Risk
S0825,2024,1,20-30,At Risk
S0825,2024,1,20-30,At Risk
S0826,2025,4,Under 20,At Risk
S0826,2025,4,Under 20,At Risk
S0826,2025,4,Under 20,At Risk
S0826,2025,4,Under 20,At Risk
S0826,2025,4,Under 20,At Risk
S0826,2025,4,Under 20,At Risk
S0826,2025,4,Under 20,At Risk
S0826,2025,4,Under 20,At Risk
S0826,2025,4,Under 20,At Risk
S0826,2025,4,Under 20,At Risk
S0826,2025,4,Under 20,In Progress
S0826,2025,4,Under 20,In Progress
S0827,2023,3,Under 20,In Progress
S0827,2023,3,Under 20,In Progress
S0827,2023,3,Under 20,In Progress
S0827,2023,3,Under 20,In Progress
S0827,2023,3,Under 20,In Progress
S0827,2023,3,Under 20,In Progress
S0827,2023,3,Under 20,In Progress
S0827,2023,3,Under 20,In Progress
S0827,2023,3,Under 20,In Progress
S0827,2023,3,Under 20,In Progress
S0827,2023,3,Under 20,In Progress
S0827,2023,3,Under 20,In Progress
S0827,2023,3,Under 20,In Progress
S0827,2023,3,Under 20,In Progress
S0827,2023,3,Under 20,In Progress
S0828,2023,1,40+,At Risk
S0828,2023,1,40+,At Risk
S0828,2023,1,40+,At Risk
S0828,2023,1,40+,At Risk
S0828,2023,1,40+,At Risk
S0828,2023,1,40+,In Progress
S0828,2023,1,40+,In Progress
S0828,2023,1,40+,In Progress
S0828,2023,1,40+,In Progress
S0828,2023,1,40+,In Progress
S0828,2023,1,40+,In Progress
S0828,2023,1,40+,In Progress
S0828,2023,1,40+,At Risk
S0828,2023,1,40+,At Risk
S0828,2023,1,40+,At Risk
S0828,2023,1,40+,In Progress
S0828,2023,1,40+,In Progress
S0828,2023,1,40+,In Progress
S0828,2023,1,40+,In Progress
S0829,2025,5,20-30,At Risk
S0829,2025,5,20-30,At Risk
S0829,2025,5,20-30,Completed
S0829,2025,5,20-30,Completed
S0830,2023,12,Under 20,In Progress
S0830,2023,12,Under 20,In Progress
S0830,2023,12,Under 20,In Progress
S0830,2023,12,Under 20,In Progress
S0830,2023,12,Under 20,In Progress
S0830,2023,12,Under 20,In Progress
S0830,2023,12,Under 20,At Risk
S0830,2023,12,Under 20,At Risk
S0830,2023,12,Under 20,At Risk
S0830,2023,12,Under 20,At Risk
S0830,2023,12,Under 20,At Risk
S0830,2023,12,Under 20,At Risk
S0830,2023,12,Under 20,At Risk
S0830,2023,12,Under 20,At Risk
S0831,2024,10,40+,In Progress
S0831,2024,10,40+,In Progress
S0831,2024,10,40+,In Progress
S0831,2024,10,40+,In Progress
S0831,2024,10,40+,In Progress
S0831,2024,10,40+,In Progress
S0831,2024,10,40+,In Progress
S0831,2024,10,40+,At Risk
S0831,2024,10,40+,At Risk
S0831,2024,10,40+,At Risk
S0831,2024,10,40+,At Risk
S0832,2024,2,31-40,In Progress
S0832,2024,2,31-40,In Progress
S0832,2024,2,31-40,At Risk
S0832,2024,2,31-40,At Risk
S0832,2024,2,31-40,In Progress
S0832,2024,2,31-40,In Progress
S0832,2024,2,31-40,In Progress
S0832,2024,2,31-40,In Progress
S0832,2024,2,31-40,In Progress
S0832,2024,2,31-40,In Progress
S0832,2024,2,31-40,At Risk
S0832,2024,2,31-40,At Risk
S0833,2024,6,31-40,In Progress
S0833,2024,6,31-40,In Progress
S0833,2024,6,31-40,In Progress
S0833,2024,6,31-40,At Risk
S0833,2024,6,31-40,At Risk
S0833,2024,6,31-40,At Risk
S0833,2024,6,31-40,At Risk
S0833,2024,6,31-40,At Risk
S0833,2024,6,31-40,In Progress
S0833,2024,6,31-40,In Progress
S0833,2024,6,31-40,In Progress
S0833,2024,6,31-40,In Progress
S0834,2024,9,31-40,In Progress
S0834,2024,9,31-40,In Progress
S0834,2024,9,31-40,In Progress
S0834,2024,9,31-40,In Progress
S0834,2024,9,31-40,In Progress
S0834,2024,9,31-40,In Progress
S0834,2024,9,31-40,In Progress
S0834,2024,9,31-40,In Progress
S0834,2024,9,31-40,In Progress
S0834,2024,9,31-40,In Progress
S0834,2024,9,31-40,In Progress
S0834,2024,9,31-40,At Risk
S0834,2024,9,31-40,At Risk
S0834,2024,9,31-40,At Risk
S0834,2024,9,31-40,At Risk
S0834,2024,9,31-40,At Risk
S0834,2024,9,31-40,At Risk
S0834,2024,9,31-40,At Risk
S0834,2024,9,31-40,At Risk
S0835,2023,10,40+,In Progress
S0835,2023,10,40+,In Progress
S0835,2023,10,40+,At Risk
S0835,2023,10,40+,At Risk
S0836,2023,5,20-30,In Progress
S0836,2023,5,20-30,In Progress
S0836,2023,5,20-30,In Progress
S0836,2023,5,20-30,In Progress
S0836,2023,5,20-30,In Progress
S0836,2023,5,20-30,At Risk
S0836,2023,5,20-30,At Risk
S0836,2023,5,20-30,At Risk
S0836,2023,5,20-30,In Progress
S0836,2023,5,20-30,In Progress
S0837,2025,1,40+,At Risk
S0837,2025,1,40+,At Risk
S0837,2025,1,40+,At Risk
S0837,2025,1,40+,In Progress
S0837,2025,1,40+,In Progress
S0837,2025,1,40+,In Progress
S0837,2025,1,40+,In Progress
S0837,2025,1,40+,In Progress
S0837,2025,1,40+,At Risk
S0837,2025,1,40+,At Risk
S0838,2023,1,20-30,In Progress
S0838,2023,1,20-30,In Progress
S0838,2023,1,20-30,At Risk
S0838,2023,1,20-30,At Risk
S0838,2023,1,20-30,At Risk
S0838,2023,1,20-30,At Risk
S0838,2023,1,20-30,At Risk
S0838,2023,1,20-30,At Risk
S0838,2023,1,20-30,At Risk
S0838,2023,1,20-30,At Risk
S0838,2023,1,20-30,At Risk
S0838,2023,1,20-30,At Risk
S0839,2023,3,31-40,In Progress
S0839,2023,3,31-40,In Progress
S0839,2023,3,31-40,In Progress
S0839,2023,3,31-40,In Progress
S0839,2023,3,31-40,In Progress
S0839,2023,3,31-40,In Progress
S0839,2023,3,31-40,In Progress
S0839,2023,3,31-40,In Progress
S0839,2023,3,31-40,In Progress
S0839,2023,3,31-40,In Progress
S0839,2023,3,31-40,In Progress
S0839,2023,3,31-40,In Progress
S0839,2023,3,31-40,In Progress
S0839,2023,3,31-40,In Progress
S0840,2023,10,40+,In Progress
S0840,2023,10,40+,In Progress
S0840,2023,10,40+,In Progress
S0840,2023,10,40+,In Progress
S0840,2023,10,40+,At Risk
S0840,2023,10,40+,At Risk
S0840,2023,10,40+,At Risk
S0840,2023,10,40+,In Progress
S0840,2023,10,40+,In Progress
S0840,2023,10,40+,In Progress
S0840,2023,10,40+,At Risk
S0840,2023,10,40+,At Risk
S0840,2023,10,40+,At Risk
S0840,2023,10,40+,At Risk
S0841,2023,10,31-40,At Risk
S0841,2023,10,31-40,At Risk
S0841,2023,10,31-40,At Risk
S0841,2023,10,31-40,At Risk
S0841,2023,10,31-40,At Risk
S0841,2023,10,31-40,In Progress
S0841,2023,10,31-40,In Progress
S0841,2023,10,31-40,In Progress
S0842,2024,7,40+,In Progress
S0842,2024,7,40+,In Progress
S0842,2024,7,40+,In Progress
S0842,2024,7,40+,In Progress
S0842,2024,7,40+,In Progress
S0842,2024,7,40+,In Progress
S0842,2024,7,40+,In Progress
S0843,2023,12,Under 20,At Risk
S0843,2023,12,Under 20,At Risk
S0843,2023,12,Under 20,At Risk
S0843,2023,12,Under 20,At Risk
S0843,2023,12,Under 20,At Risk
S0843,2023,12,Under 20,At Risk
S0843,2023,12,Under 20,At Risk
S0843,2023,12,Under 20,At Risk
S0843,2023,12,Under 20,At Risk
S0843,2023,12,Under 20,At Risk
S0843,2023,12,Under 20,At Risk
S0843,2023,12,Under 20,At Risk
S0843,2023,12,Under 20,In Progress
S0843,2023,12,Under 20,In Progress
S0843,2023,12,Under 20,In Progress
S0843,2023,12,Under 20,In Progress
S0844,2025,2,31-40,At Risk
S0844,2025,2,31-40,At Risk
S0844,2025,2,31-40,At Risk
S0844,2025,2,31-40,At Risk
S0844,2025,2,31-40,At Risk
S0844,2025,2,31-40,At Risk
S0844,2025,2,31-40,At Risk
S0844,2025,2,31-40,At Risk
S0844,2025,2,31-40,At Risk
S0844,2025,2,31-40,At Risk
S0844,2025,2,31-40,At Risk
S0844,2025,2,31-40,At Risk
S0844,2025,2,31-40,At Risk
S0844,2025,2,31-40,At Risk
S0844,2025,2,31-40,At Risk
S0844,2025,2,31-40,At Risk
S0844,2025,2,31-40,At Risk
S0844,2025,2,31-40,At Risk
S0844,2025,2,31-40,At Risk
S0845,2023,11,40+,In Progress
S0845,2023,11,40+,In Progress
S0845,2023,11,40+,In Progress
S0845,2023,11,40+,In Progress
S0845,2023,11,40+,In Progress
S0845,2023,11,40+,At Risk
S0845,2023,11,40+,At Risk
S0845,2023,11,40+,In Progress
S0845,2023,11,40+,In Progress
S0845,2023,11,40+,In Progress
S0846,2024,12,31-40,In Progress
S0846,2024,12,31-40,In Progress
S0846,2024,12,31-40,In Progress
S0846,2024,12,31-40,In Progress
S0846,2024,12,31-40,In Progress
S0846,2024,12,31-40,In Progress
S0846,2024,12,31-40,In Progress
S0846,2024,12,31-40,In Progress
S0846,2024,12,31-40,At Risk
S0846,2024,12,31-40,At Risk
S0846,2024,12,31-40,At Risk
S0846,2024,12,31-40,At Risk
S0846,2024,12,31-40,In Progress
S0846,2024,12,31-40,In Progress
S0846,2024,12,31-40,In Progress
S0846,2024,12,31-40,In Progress
S0846,2024,12,31-40,In Progress
S0847,2023,12,Under 20,At Risk
S0847,2023,12,Under 20,At Risk
S0847,2023,12,Under 20,At Risk
S0847,2023,12,Under 20,In Progress
S0847,2023,12,Under 20,In Progress
S0847,2023,12,Under 20,In Progress
S0847,2023,12,Under 20,In Progress
S0847,2023,12,Under 20,In Progress
S0847,2023,12,Under 20,In Progress
S0847,2023,12,Under 20,In Progress
S0847,2023,12,Under 20,In Progress
S0847,2023,12,Under 20,In Progress
S0847,2023,12,Under 20,In Progress
S0847,2023,12,Under 20,In Progress
S0848,2024,2,40+,At Risk
S0848,2024,2,40+,At Risk
S0848,2024,2,40+,At Risk
S0848,2024,2,40+,In Progress
S0848,2024,2,40+,In Progress
S0848,2024,2,40+,In Progress
S0848,2024,2,40+,In Progress
S0848,2024,2,40+,In Progress
S0848,2024,2,40+,In Progress
S0848,2024,2,40+,At Risk
S0848,2024,2,40+,At Risk
S0848,2024,2,40+,At Risk
S0848,2024,2,40+,At Risk
S0848,2024,2,40+,At Risk
S0848,2024,2,40+,In Progress
S0848,2024,2,40+,In Progress
S0848,2024,2,40+,In Progress
S0848,2024,2,40+,In Progress
S0848,2024,2,40+,In Progress
S0849,2024,10,Under 20,In Progress
S0849,2024,10,Under 20,In Progress
S0849,2024,10,Under 20,In Progress
S0849,2024,10,Under 20,In Progress
S0849,2024,10,Under 20,In Progress
S0849,2024,10,Under 20,In Progress
S0849,2024,10,Under 20,In Progress
S0849,2024,10,Under 20,In Progress
S0849,2024,10,Under 20,In Progress
S0849,2024,10,Under 20,In Progress
S0849,2024,10,Under 20,At Risk
S0849,2024,10,Under 20,At Risk
S0849,2024,10,Under 20,At Risk
S0849,2024,10,Under 20,At Risk
S0849,2024,10,Under 20,At Risk
S0850,2023,12,31-40,At Risk
S0850,2023,12,31-40,At Risk
S0850,2023,12,31-40,At Risk
S0850,2023,12,31-40,At Risk
S0850,2023,12,31-40,At Risk
S0850,2023,12,31-40,At Risk
S0850,2023,12,31-40,At Risk
S0850,2023,12,31-40,In Progress
S0850,2023,12,31-40,In Progress
S0850,2023,12,31-40,In Progress
S0850,2023,12,31-40,In Progress
S0850,2023,12,31-40,In Progress
S0850,2023,12,31-40,In Progress
S0850,2023,12,31-40,In Progress
S0850,2023,12,31-40,In Progress
S0850,2023,12,31-40,In Progress
S0850,2023,12,31-40,At Risk
S0850,2023,12,31-40,At Risk
S0851,2023,10,40+,In Progress
S0851,2023,10,40+,In Progress
S0851,2023,10,40+,In Progress
S0851,2023,10,40+,In Progress
S0851,2023,10,40+,In Progress
S0851,2023,10,40+,In Progress
S0851,2023,10,40+,In Progress
S0851,2023,10,40+,In Progress
S0851,2023,10,40+,In Progress
S0851,2023,10,40+,In Progress
S0851,2023,10,40+,In Progress
S0851,2023,10,40+,In Progress
S0851,2023,10,40+,At Risk
S0851,2023,10,40+,At Risk
S0852,2024,1,40+,At Risk
S0852,2024,1,40+,At Risk
S0852,2024,1,40+,At Risk
S0852,2024,1,40+,At Risk
S0852,2024,1,40+,In Progress
S0852,2024,1,40+,In Progress
S0852,2024,1,40+,In Progress
S0852,2024,1,40+,In Progress
S0852,2024,1,40+,In Progress
S0852,2024,1,40+,In Progress
S0852,2024,1,40+,In Progress
S0852,2024,1,40+,At Risk
S0852,2024,1,40+,At Risk
S0853,2023,3,40+,At Risk
S0853,2023,3,40+,At Risk
S0853,2023,3,40+,In Progress
S0853,2023,3,40+,In Progress
S0853,2023,3,40+,In Progress
S0853,2023,3,40+,In Progress
S0853,2023,3,40+,In Progress
S0853,2023,3,40+,In Progress
S0853,2023,3,40+,In Progress
S0853,2023,3,40+,In Progress
S0853,2023,3,40+,In Progress
S0853,2023,3,40+,In Progress
S0853,2023,3,40+,In Progress
S0853,2023,3,40+,In Progress
S0853,2023,3,40+,In Progress
S0853,2023,3,40+,In Progress
S0853,2023,3,40+,In Progress
S0854,2025,5,31-40,In Progress
S0854,2025,5,31-40,In Progress
S0854,2025,5,31-40,In Progress
S0854,2025,5,31-40,In Progress
S0854,2025,5,31-40,At Risk
S0854,2025,5,31-40,At Risk
S0854,2025,5,31-40,At Risk
S0854,2025,5,31-40,At Risk
S0855,2023,3,20-30,At Risk
S0855,2023,3,20-30,At Risk
S0855,2023,3,20-30,At Risk
S0855,2023,3,20-30,At Risk
S0855,2023,3,20-30,At Risk
S0855,2023,3,20-30,At Risk
S0855,2023,3,20-30,At Risk
S0855,2023,3,20-30,At Risk
S0855,2023,3,20-30,In Progress
S0855,2023,3,20-30,In Progress
S0855,2023,3,20-30,In Progress
S0855,2023,3,20-30,In Progress
S0856,2025,1,40+,At Risk
S0856,2025,1,40+,At Risk
S0856,2025,1,40+,In Progress
S0856,2025,1,40+,In Progress
S0856,2025,1,40+,In Progress
S0856,2025,1,40+,In Progress
S0856,2025,1,40+,In Progress
S0856,2025,1,40+,In Progress
S0856,2025,1,40+,In Progress
S0856,2025,1,40+,At Risk
S0856,2025,1,40+,At Risk
S0856,2025,1,40+,At Risk
S0857,2024,6,31-40,In Progress
S0857,2024,6,31-40,In Progress
S0857,2024,6,31-40,In Progress
S0857,2024,6,31-40,In Progress
S0857,2024,6,31-40,In Progress
S0857,2024,6,31-40,At Risk
S0857,2024,6,31-40,At Risk
S0857,2024,6,31-40,At Risk
S0857,2024,6,31-40,At Risk
S0857,2024,6,31-40,At Risk
S0857,2024,6,31-40,At Risk
S0858,2024,3,20-30,In Progress
S0858,2024,3,20-30,In Progress
S0858,2024,3,20-30,In Progress
S0858,2024,3,20-30,At Risk
S0858,2024,3,20-30,At Risk
S0858,2024,3,20-30,At Risk
S0858,2024,3,20-30,At Risk
S0858,2024,3,20-30,At Risk
S0858,2024,3,20-30,In Progress
S0858,2024,3,20-30,In Progress
S0858,2024,3,20-30,In Progress
S0858,2024,3,20-30,In Progress
S0858,2024,3,20-30,At Risk
S0858,2024,3,20-30,At Risk
S0858,2024,3,20-30,At Risk
S0858,2024,3,20-30,At Risk
S0858,2024,3,20-30,At Risk
S0859,2024,8,40+,At Risk
S0859,2024,8,40+,At Risk
S0859,2024,8,40+,In Progress
S0859,2024,8,40+,In Progress
S0859,2024,8,40+,In Progress
S0859,2024,8,40+,In Progress
S0859,2024,8,40+,In Progress
S0859,2024,8,40+,At Risk
S0859,2024,8,40+,At Risk
S0859,2024,8,40+,At Risk
S0859,2024,8,40+,In Progress
S0859,2024,8,40+,In Progress
S0859,2024,8,40+,In Progress
S0859,2024,8,40+,In Progress
S0859,2024,8,40+,In Progress
S0859,2024,8,40+,In Progress
S0859,2024,8,40+,In Progress
S0860,2023,9,Under 20,In Progress
S0860,2023,9,Under 20,In Progress
S0860,2023,9,Under 20,At Risk
S0860,2023,9,Under 20,At Risk
S0860,2023,9,Under 20,At Risk
S0860,2023,9,Under 20,At Risk
S0860,2023,9,Under 20,At Risk
S0860,2023,9,Under 20,At Risk
S0860,2023,9,Under 20,At Risk
S0860,2023,9,Under 20,In Progress
S0860,2023,9,Under 20,In Progress
S0860,2023,9,Under 20,In Progress
S0860,2023,9,Under 20,In Progress
S0860,2023,9,Under 20,In Progress
S0860,2023,9,Under 20,In Progress
S0860,2023,9,Under 20,In Progress
S0861,2023,2,40+,In Progress
S0861,2023,2,40+,In Progress
S0861,2023,2,40+,In Progress
S0861,2023,2,40+,In Progress
S0861,2023,2,40+,At Risk
S0861,2023,2,40+,At Risk
S0861,2023,2,40+,At Risk
S0861,2023,2,40+,At Risk
S0861,2023,2,40+,At Risk
S0861,2023,2,40+,At Risk
S0861,2023,2,40+,At Risk
S0861,2023,2,40+,At Risk
S0861,2023,2,40+,At Risk
S0861,2023,2,40+,At Risk
S0861,2023,2,40+,At Risk
S0861,2023,2,40+,At Risk
S0861,2023,2,40+,At Risk
S0861,2023,2,40+,In Progress
S0861,2023,2,40+,In Progress
S0861,2023,2,40+,In Progress
S0861,2023,2,40+,In Progress
S0862,2023,1,20-30,In Progress
S0862,2023,1,20-30,In Progress
S0862,2023,1,20-30,In Progress
S0862,2023,1,20-30,In Progress
S0862,2023,1,20-30,In Progress
S0862,2023,1,20-30,In Progress
S0862,2023,1,20-30,In Progress
S0862,2023,1,20-30,In Progress
S0862,2023,1,20-30,In Progress
S0863,2024,3,40+,At Risk
S0863,2024,3,40+,At Risk
S0863,2024,3,40+,At Risk
S0863,2024,3,40+,In Progress
S0863,2024,3,40+,In Progress
S0863,2024,3,40+,At Risk
S0863,2024,3,40+,At Risk
S0863,2024,3,40+,At Risk
S0863,2024,3,40+,At Risk
S0863,2024,3,40+,At Risk
S0863,2024,3,40+,At Risk
S0863,2024,3,40+,At Risk
S0863,2024,3,40+,At Risk
S0863,2024,3,40+,At Risk
S0864,2025,4,20-30,At Risk
S0864,2025,4,20-30,At Risk
S0864,2025,4,20-30,At Risk
S0864,2025,4,20-30,At Risk
S0864,2025,4,20-30,At Risk
S0864,2025,4,20-30,At Risk
S0864,2025,4,20-30,At Risk
S0864,2025,4,20-30,At Risk
S0864,2025,4,20-30,In Progress
S0864,2025,4,20-30,In Progress
S0864,2025,4,20-30,In Progress
S0864,2025,4,20-30,In Progress
S0864,2025,4,20-30,In Progress
S0865,2023,8,31-40,At Risk
S0865,2023,8,31-40,At Risk
S0865,2023,8,31-40,At Risk
S0865,2023,8,31-40,At Risk
S0865,2023,8,31-40,In Progress
S0865,2023,8,31-40,In Progress
S0865,2023,8,31-40,At Risk
S0865,2023,8,31-40,At Risk
S0865,2023,8,31-40,At Risk
S0865,2023,8,31-40,At Risk
S0865,2023,8,31-40,At Risk
S0865,2023,8,31-40,At Risk
S0865,2023,8,31-40,At Risk
S0866,2023,11,20-30,In Progress
S0866,2023,11,20-30,In Progress
S0866,2023,11,20-30,In Progress
S0866,2023,11,20-30,In Progress
S0866,2023,11,20-30,In Progress
S0866,2023,11,20-30,In Progress
S0866,2023,11,20-30,In Progress
S0867,2025,5,20-30,In Progress
S0867,2025,5,20-30,In Progress
S0867,2025,5,20-30,At Risk
S0867,2025,5,20-30,At Risk
S0867,2025,5,20-30,At Risk
S0867,2025,5,20-30,At Risk
S0867,2025,5,20-30,In Progress
S0867,2025,5,20-30,In Progress
S0867,2025,5,20-30,In Progress
S0867,2025,5,20-30,In Progress
S0868,2024,1,40+,In Progress
S0868,2024,1,40+,In Progress
S0868,2024,1,40+,In Progress
S0868,2024,1,40+,In Progress
S0868,2024,1,40+,In Progress
S0868,2024,1,40+,In Progress
S0868,2024,1,40+,In Progress
S0868,2024,1,40+,In Progress
S0868,2024,1,40+,In Progress
S0868,2024,1,40+,In Progress
S0868,2024,1,40+,In Progress
S0868,2024,1,40+,In Progress
S0868,2024,1,40+,In Progress
S0869,2025,4,40+,In Progress
S0869,2025,4,40+,In Progress
S0869,2025,4,40+,In Progress
S0869,2025,4,40+,At Risk
S0869,2025,4,40+,At Risk
S0869,2025,4,40+,At Risk
S0869,2025,4,40+,At Risk
S0869,2025,4,40+,At Risk
S0869,2025,4,40+,In Progress
S0869,2025,4,40+,In Progress
S0869,2025,4,40+,In Progress
S0869,2025,4,40+,In Progress
S0869,2025,4,40+,In Progress
S0870,2024,5,40+,In Progress
S0870,2024,5,40+,In Progress
S0870,2024,5,40+,In Progress
S0870,2024,5,40+,In Progress
S0870,2024,5,40+,In Progress
S0870,2024,5,40+,In Progress
S0870,2024,5,40+,In Progress
S0870,2024,5,40+,At Risk
S0870,2024,5,40+,At Risk
S0870,2024,5,40+,At Risk
S0870,2024,5,40+,At Risk
S0870,2024,5,40+,At Risk
S0870,2024,5,40+,In Progress
S0870,2024,5,40+,In Progress
S0870,2024,5,40+,At Risk
S0870,2024,5,40+,At Risk
S0870,2024,5,40+,At Risk
S0870,2024,5,40+,At Risk
S0871,2023,3,20-30,In Progress
S0871,2023,3,20-30,In Progress
S0871,2023,3,20-30,In Progress
S0871,2023,3,20-30,In Progress
S0871,2023,3,20-30,In Progress
S0871,2023,3,20-30,In Progress
S0871,2023,3,20-30,In Progress
S0872,2025,3,31-40,At Risk
S0872,2025,3,31-40,At Risk
S0872,2025,3,31-40,At Risk
S0872,2025,3,31-40,In Progress
S0872,2025,3,31-40,In Progress
S0873,2023,10,20-30,At Risk
S0873,2023,10,20-30,At Risk
S0873,2023,10,20-30,At Risk
S0873,2023,10,20-30,In Progress
S0873,2023,10,20-30,In Progress
S0874,2024,11,40+,In Progress
S0874,2024,11,40+,In Progress
S0874,2024,11,40+,At Risk
S0874,2024,11,40+,At Risk
S0874,2024,11,40+,In Progress
S0874,2024,11,40+,In Progress
S0874,2024,11,40+,In Progress
S0875,2024,3,31-40,In Progress
S0875,2024,3,31-40,In Progress
S0875,2024,3,31-40,In Progress
S0875,2024,3,31-40,In Progress
S0875,2024,3,31-40,In Progress
S0875,2024,3,31-40,At Risk
S0875,2024,3,31-40,At Risk
S0875,2024,3,31-40,At Risk
S0875,2024,3,31-40,At Risk
S0875,2024,3,31-40,In Progress
S0875,2024,3,31-40,In Progress
S0875,2024,3,31-40,At Risk
S0875,2024,3,31-40,At Risk
S0875,2024,3,31-40,At Risk
S0876,2024,1,40+,At Risk
S0876,2024,1,40+,At Risk
S0876,2024,1,40+,At Risk
S0876,2024,1,40+,At Risk
S0876,2024,1,40+,At Risk
S0876,2024,1,40+,At Risk
S0876,2024,1,40+,At Risk
S0876,2024,1,40+,At Risk
S0876,2024,1,40+,At Risk
S0876,2024,1,40+,At Risk
S0877,2024,12,40+,In Progress
S0877,2024,12,40+,In Progress
S0877,2024,12,40+,In Progress
S0877,2024,12,40+,In Progress
S0877,2024,12,40+,In Progress
S0877,2024,12,40+,At Risk
S0877,2024,12,40+,At Risk
S0877,2024,12,40+,At Risk
S0877,2024,12,40+,At Risk
S0877,2024,12,40+,At Risk
S0877,2024,12,40+,In Progress
S0877,2024,12,40+,In Progress
S0877,2024,12,40+,In Progress
S0877,2024,12,40+,In Progress
S0877,2024,12,40+,In Progress
S0877,2024,12,40+,In Progress
S0877,2024,12,40+,In Progress
S0877,2024,12,40+,In Progress
S0878,2024,1,20-30,At Risk
S0878,2024,1,20-30,At Risk
S0878,2024,1,20-30,At Risk
S0878,2024,1,20-30,At Risk
S0878,2024,1,20-30,At Risk
S0878,2024,1,20-30,At Risk
S0878,2024,1,20-30,At Risk
S0879,2024,12,31-40,In Progress
S0879,2024,12,31-40,In Progress
S0879,2024,12,31-40,In Progress
S0879,2024,12,31-40,In Progress
S0879,2024,12,31-40,In Progress
S0879,2024,12,31-40,In Progress
S0879,2024,12,31-40,In Progress
S0879,2024,12,31-40,In Progress
S0879,2024,12,31-40,In Progress
S0879,2024,12,31-40,In Progress
S0880,2025,4,40+,At Risk
S0880,2025,4,40+,At Risk
S0880,2025,4,40+,At Risk
S0880,2025,4,40+,At Risk
S0880,2025,4,40+,At Risk
S0880,2025,4,40+,At Risk
S0880,2025,4,40+,At Risk
S0880,2025,4,40+,At Risk
S0880,2025,4,40+,At Risk
S0880,2025,4,40+,At Risk
S0880,2025,4,40+,At Risk
S0880,2025,4,40+,At Risk
S0880,2025,4,40+,At Risk
S0880,2025,4,40+,At Risk
S0880,2025,4,40+,At Risk
S0880,2025,4,40+,At Risk
S0880,2025,4,40+,In Progress
S0880,2025,4,40+,In Progress
S0880,2025,4,40+,In Progress
S0880,2025,4,40+,In Progress
S0880,2025,4,40+,In Progress
S0881,2025,1,20-30,At Risk
S0881,2025,1,20-30,At Risk
S0881,2025,1,20-30,In Progress
S0881,2025,1,20-30,In Progress
S0881,2025,1,20-30,At Risk
S0881,2025,1,20-30,At Risk
S0881,2025,1,20-30,In Progress
S0881,2025,1,20-30,In Progress
S0881,2025,1,20-30,In Progress
S0881,2025,1,20-30,In Progress
S0882,2025,4,20-30,At Risk
S0882,2025,4,20-30,At Risk
S0882,2025,4,20-30,At Risk
S0882,2025,4,20-30,At Risk
S0882,2025,4,20-30,At Risk
S0882,2025,4,20-30,At Risk
S0883,2024,11,31-40,At Risk
S0883,2024,11,31-40,At Risk
S0883,2024,11,31-40,At Risk
S0883,2024,11,31-40,At Risk
S0883,2024,11,31-40,At Risk
S0883,2024,11,31-40,At Risk
S0883,2024,11,31-40,At Risk
S0883,2024,11,31-40,At Risk
S0883,2024,11,31-40,In Progress
S0883,2024,11,31-40,In Progress
S0883,2024,11,31-40,In Progress
S0883,2024,11,31-40,In Progress
S0883,2024,11,31-40,At Risk
S0883,2024,11,31-40,At Risk
S0884,2023,3,31-40,At Risk
S0884,2023,3,31-40,At Risk
S0884,2023,3,31-40,At Risk
S0884,2023,3,31-40,At Risk
S0884,2023,3,31-40,In Progress
S0884,2023,3,31-40,In Progress
S0884,2023,3,31-40,In Progress
S0884,2023,3,31-40,In Progress
S0884,2023,3,31-40,In Progress
S0884,2023,3,31-40,In Progress
S0885,2023,2,31-40,In Progress
S0885,2023,2,31-40,In Progress
S0885,2023,2,31-40,In Progress
S0885,2023,2,31-40,In Progress
S0885,2023,2,31-40,In Progress
S0885,2023,2,31-40,In Progress
S0885,2023,2,31-40,In Progress
S0885,2023,2,31-40,In Progress
S0885,2023,2,31-40,In Progress
S0885,2023,2,31-40,In Progress
S0885,2023,2,31-40,In Progress
S0885,2023,2,31-40,In Progress
S0885,2023,2,31-40,In Progress
S0885,2023,2,31-40,In Progress
S0885,2023,2,31-40,In Progress
S0886,2023,12,31-40,In Progress
S0886,2023,12,31-40,In Progress
S0886,2023,12,31-40,At Risk
S0886,2023,12,31-40,At Risk
S0886,2023,12,31-40,At Risk
S0886,2023,12,31-40,At Risk
S0886,2023,12,31-40,At Risk
S0886,2023,12,31-40,At Risk
S0886,2023,12,31-40,At Risk
S0886,2023,12,31-40,At Risk
S0886,2023,12,31-40,At Risk
S0886,2023,12,31-40,At Risk
S0886,2023,12,31-40,At Risk
S0886,2023,12,31-40,At Risk
S0886,2023,12,31-40,At Risk
S0886,2023,12,31-40,At Risk
S0887,2023,2,40+,In Progress
S0887,2023,2,40+,In Progress
S0887,2023,2,40+,At Risk
S0887,2023,2,40+,At Risk
S0887,2023,2,40+,At Risk
S0887,2023,2,40+,At Risk
S0887,2023,2,40+,At Risk
S0887,2023,2,40+,At Risk
S0887,2023,2,40+,At Risk
S0887,2023,2,40+,At Risk
S0888,2023,5,20-30,In Progress
S0888,2023,5,20-30,In Progress
S0888,2023,5,20-30,In Progress
S0888,2023,5,20-30,At Risk
S0888,2023,5,20-30,At Risk
S0888,2023,5,20-30,At Risk
S0888,2023,5,20-30,At Risk
S0888,2023,5,20-30,At Risk
S0889,2024,5,20-30,In Progress
S0889,2024,5,20-30,In Progress
S0889,2024,5,20-30,In Progress
S0889,2024,5,20-30,In Progress
S0889,2024,5,20-30,In Progress
S0889,2024,5,20-30,In Progress
S0890,2024,2,Under 20,In Progress
S0890,2024,2,Under 20,In Progress
S0890,2024,2,Under 20,In Progress
S0890,2024,2,Under 20,In Progress
S0890,2024,2,Under 20,At Risk
S0890,2024,2,Under 20,At Risk
S0890,2024,2,Under 20,At Risk
S0890,2024,2,Under 20,In Progress
S0890,2024,2,Under 20,In Progress
S0890,2024,2,Under 20,In Progress
S0890,2024,2,Under 20,In Progress
S0890,2024,2,Under 20,At Risk
S0890,2024,2,Under 20,At Risk
S0890,2024,2,Under 20,At Risk
S0890,2024,2,Under 20,At Risk
S0890,2024,2,Under 20,In Progress
S0890,2024,2,Under 20,In Progress
S0891,2025,4,31-40,At Risk
S0891,2025,4,31-40,At Risk
S0891,2025,4,31-40,At Risk
S0891,2025,4,31-40,At Risk
S0891,2025,4,31-40,At Risk
S0891,2025,4,31-40,At Risk
S0891,2025,4,31-40,In Progress
S0891,2025,4,31-40,In Progress
S0891,2025,4,31-40,In Progress
S0891,2025,4,31-40,In Progress
S0892,2023,2,40+,At Risk
S0892,2023,2,40+,At Risk
S0892,2023,2,40+,At Risk
S0892,2023,2,40+,At Risk
S0892,2023,2,40+,At Risk
S0892,2023,2,40+,At Risk
S0892,2023,2,40+,At Risk
S0892,2023,2,40+,At Risk
S0892,2023,2,40+,At Risk
S0892,2023,2,40+,At Risk
S0892,2023,2,40+,At Risk
S0892,2023,2,40+,At Risk
S0892,2023,2,40+,At Risk
S0892,2023,2,40+,At Risk
S0892,2023,2,40+,At Risk
S0892,2023,2,40+,At Risk
S0893,2025,3,40+,At Risk
S0893,2025,3,40+,At Risk
S0893,2025,3,40+,At Risk
S0893,2025,3,40+,At Risk
S0893,2025,3,40+,At Risk
S0893,2025,3,40+,At Risk
S0893,2025,3,40+,At Risk
S0893,2025,3,40+,At Risk
S0893,2025,3,40+,At Risk
S0893,2025,3,40+,At Risk
S0893,2025,3,40+,At Risk
S0893,2025,3,40+,At Risk
S0893,2025,3,40+,At Risk
S0894,2024,6,20-30,At Risk
S0894,2024,6,20-30,At Risk
S0894,2024,6,20-30,At Risk
S0894,2024,6,20-30,At Risk
S0894,2024,6,20-30,At Risk
S0894,2024,6,20-30,At Risk
S0894,2024,6,20-30,At Risk
S0894,2024,6,20-30,At Risk
S0894,2024,6,20-30,At Risk
S0894,2024,6,20-30,At Risk
S0895,2025,3,40+,At Risk
S0895,2025,3,40+,At Risk
S0895,2025,3,40+,At Risk
S0895,2025,3,40+,At Risk
S0895,2025,3,40+,In Progress
S0895,2025,3,40+,In Progress
S0895,2025,3,40+,In Progress
S0895,2025,3,40+,In Progress
S0895,2025,3,40+,In Progress
S0895,2025,3,40+,In Progress
S0895,2025,3,40+,In Progress
S0895,2025,3,40+,In Progress
S0895,2025,3,40+,In Progress
S0895,2025,3,40+,In Progress
S0895,2025,3,40+,In Progress
S0895,2025,3,40+,In Progress
S0895,2025,3,40+,In Progress
S0896,2023,10,40+,In Progress
S0896,2023,10,40+,In Progress
S0896,2023,10,40+,In Progress
S0896,2023,10,40+,In Progress
S0896,2023,10,40+,In Progress
S0896,2023,10,40+,In Progress
S0896,2023,10,40+,In Progress
S0896,2023,10,40+,In Progress
S0896,2023,10,40+,In Progress
S0897,2025,5,20-30,In Progress
S0897,2025,5,20-30,In Progress
S0897,2025,5,20-30,In Progress
S0897,2025,5,20-30,In Progress
S0897,2025,5,20-30,In Progress
S0897,2025,5,20-30,In Progress
S0897,2025,5,20-30,In Progress
S0897,2025,5,20-30,Completed
S0897,2025,5,20-30,Completed
S0897,2025,5,20-30,Completed
S0897,2025,5,20-30,Completed
S0897,2025,5,20-30,Completed
S0897,2025,5,20-30,In Progress
S0897,2025,5,20-30,In Progress
S0897,2025,5,20-30,In Progress
S0898,2023,10,31-40,At Risk
S0898,2023,10,31-40,At Risk
S0898,2023,10,31-40,At Risk
S0898,2023,10,31-40,At Risk
S0898,2023,10,31-40,In Progress
S0898,2023,10,31-40,In Progress
S0898,2023,10,31-40,In Progress
S0898,2023,10,31-40,In Progress
S0898,2023,10,31-40,In Progress
S0899,2024,3,20-30,In Progress
S0899,2024,3,20-30,In Progress
S0899,2024,3,20-30,In Progress
S0899,2024,3,20-30,In Progress
S0899,2024,3,20-30,In Progress
S0899,2024,3,20-30,At Risk
S0899,2024,3,20-30,At Risk
S0899,2024,3,20-30,At Risk
S0900,2023,11,20-30,At Risk
S0900,2023,11,20-30,At Risk
S0900,2023,11,20-30,At Risk
S0900,2023,11,20-30,At Risk
S0900,2023,11,20-30,At Risk
S0900,2023,11,20-30,At Risk
S0900,2023,11,20-30,At Risk
S0900,2023,11,20-30,At Risk
S0900,2023,11,20-30,At Risk
S0900,2023,11,20-30,At Risk
S0900,2023,11,20-30,In Progress
S0900,2023,11,20-30,In Progress
S0900,2023,11,20-30,In Progress
S0900,2023,11,20-30,At Risk
S0900,2023,11,20-30,At Risk
S0900,2023,11,20-30,At Risk
S0900,2023,11,20-30,At Risk
S0900,2023,11,20-30,At Risk
S0900,2023,11,20-30,In Progress
S0900,2023,11,20-30,In Progress
S0901,2023,4,31-40,In Progress
S0901,2023,4,31-40,In Progress
S0901,2023,4,31-40,In Progress
S0901,2023,4,31-40,In Progress
S0901,2023,4,31-40,In Progress
S0901,2023,4,31-40,At Risk
S0901,2023,4,31-40,At Risk
S0901,2023,4,31-40,At Risk
S0901,2023,4,31-40,At Risk
S0901,2023,4,31-40,At Risk
S0901,2023,4,31-40,In Progress
S0901,2023,4,31-40,In Progress
S0901,2023,4,31-40,Completed
S0901,2023,4,31-40,Completed
S0901,2023,4,31-40,Completed
S0901,2023,4,31-40,In Progress
S0901,2023,4,31-40,In Progress
S0901,2023,4,31-40,In Progress
S0901,2023,4,31-40,In Progress
S0901,2023,4,31-40,In Progress
S0902,2023,4,20-30,At Risk
S0902,2023,4,20-30,At Risk
S0902,2023,4,20-30,At Risk
S0902,2023,4,20-30,At Risk
S0902,2023,4,20-30,At Risk
S0903,2023,9,20-30,In Progress
S0903,2023,9,20-30,In Progress
S0903,2023,9,20-30,At Risk
S0903,2023,9,20-30,At Risk
S0903,2023,9,20-30,In Progress
S0903,2023,9,20-30,In Progress
S0903,2023,9,20-30,In Progress
S0903,2023,9,20-30,In Progress
S0903,2023,9,20-30,In Progress
S0903,2023,9,20-30,At Risk
S0903,2023,9,20-30,At Risk
S0903,2023,9,20-30,At Risk
S0903,2023,9,20-30,At Risk
S0903,2023,9,20-30,At Risk
S0904,2023,10,20-30,At Risk
S0904,2023,10,20-30,At Risk
S0904,2023,10,20-30,At Risk
S0904,2023,10,20-30,At Risk
S0904,2023,10,20-30,At Risk
S0904,2023,10,20-30,At Risk
S0904,2023,10,20-30,At Risk
S0904,2023,10,20-30,At Risk
S0904,2023,10,20-30,At Risk
S0904,2023,10,20-30,In Progress
S0904,2023,10,20-30,In Progress
S0904,2023,10,20-30,At Risk
S0904,2023,10,20-30,At Risk
S0904,2023,10,20-30,At Risk
S0904,2023,10,20-30,At Risk
S0905,2023,10,Under 20,At Risk
S0905,2023,10,Under 20,At Risk
S0905,2023,10,Under 20,In Progress
S0905,2023,10,Under 20,In Progress
S0905,2023,10,Under 20,In Progress
S0905,2023,10,Under 20,In Progress
S0905,2023,10,Under 20,In Progress
S0906,2025,6,40+,At Risk
S0906,2025,6,40+,At Risk
S0906,2025,6,40+,At Risk
S0906,2025,6,40+,At Risk
S0906,2025,6,40+,At Risk
S0906,2025,6,40+,At Risk
S0906,2025,6,40+,At Risk
S0906,2025,6,40+,At Risk
S0906,2025,6,40+,In Progress
S0906,2025,6,40+,In Progress
S0906,2025,6,40+,In Progress
S0906,2025,6,40+,In Progress
S0906,2025,6,40+,In Progress
S0906,2025,6,40+,In Progress
S0907,2023,7,40+,At Risk
S0907,2023,7,40+,At Risk
S0907,2023,7,40+,At Risk
S0907,2023,7,40+,At Risk
S0907,2023,7,40+,At Risk
S0907,2023,7,40+,At Risk
S0907,2023,7,40+,At Risk
S0907,2023,7,40+,At Risk
S0907,2023,7,40+,At Risk
S0907,2023,7,40+,At Risk
S0907,2023,7,40+,At Risk
S0907,2023,7,40+,At Risk
S0907,2023,7,40+,At Risk
S0907,2023,7,40+,At Risk
S0908,2025,1,31-40,At Risk
S0908,2025,1,31-40,At Risk
S0908,2025,1,31-40,At Risk
S0908,2025,1,31-40,At Risk
S0908,2025,1,31-40,At Risk
S0908,2025,1,31-40,At Risk
S0908,2025,1,31-40,At Risk
S0908,2025,1,31-40,At Risk
S0908,2025,1,31-40,At Risk
S0908,2025,1,31-40,At Risk
S0908,2025,1,31-40,At Risk
S0908,2025,1,31-40,At Risk
S0909,2023,4,31-40,In Progress
S0909,2023,4,31-40,In Progress
S0909,2023,4,31-40,In Progress
S0909,2023,4,31-40,In Progress
S0909,2023,4,31-40,In Progress
S0909,2023,4,31-40,In Progress
S0910,2024,7,40+,In Progress
S0910,2024,7,40+,In Progress
S0910,2024,7,40+,In Progress
S0910,2024,7,40+,In Progress
S0910,2024,7,40+,In Progress
S0910,2024,7,40+,In Progress
S0911,2023,8,Under 20,At Risk
S0911,2023,8,Under 20,At Risk
S0911,2023,8,Under 20,At Risk
S0911,2023,8,Under 20,At Risk
S0911,2023,8,Under 20,At Risk
S0911,2023,8,Under 20,At Risk
S0911,2023,8,Under 20,At Risk
S0911,2023,8,Under 20,At Risk
S0911,2023,8,Under 20,At Risk
S0911,2023,8,Under 20,At Risk
S0911,2023,8,Under 20,At Risk
S0911,2023,8,Under 20,At Risk
S0911,2023,8,Under 20,At Risk
S0911,2023,8,Under 20,At Risk
S0911,2023,8,Under 20,In Progress
S0911,2023,8,Under 20,In Progress
S0911,2023,8,Under 20,In Progress
S0912,2024,8,31-40,In Progress
S0912,2024,8,31-40,In Progress
S0912,2024,8,31-40,In Progress
S0912,2024,8,31-40,In Progress
S0912,2024,8,31-40,In Progress
S0912,2024,8,31-40,At Risk
S0912,2024,8,31-40,At Risk
S0913,2023,11,20-30,In Progress
S0913,2023,11,20-30,In Progress
S0913,2023,11,20-30,In Progress
S0913,2023,11,20-30,In Progress
S0913,2023,11,20-30,In Progress
S0913,2023,11,20-30,At Risk
S0913,2023,11,20-30,At Risk
S0913,2023,11,20-30,At Risk
S0913,2023,11,20-30,At Risk
S0914,2025,4,20-30,At Risk
S0914,2025,4,20-30,At Risk
S0914,2025,4,20-30,At Risk
S0914,2025,4,20-30,At Risk
S0914,2025,4,20-30,At Risk
S0914,2025,4,20-30,In Progress
S0914,2025,4,20-30,In Progress
S0914,2025,4,20-30,In Progress
S0914,2025,4,20-30,In Progress
S0915,2024,2,40+,At Risk
S0915,2024,2,40+,At Risk
S0915,2024,2,40+,At Risk
S0915,2024,2,40+,At Risk
S0915,2024,2,40+,In Progress
S0915,2024,2,40+,In Progress
S0915,2024,2,40+,In Progress
S0915,2024,2,40+,In Progress
S0915,2024,2,40+,In Progress
S0915,2024,2,40+,In Progress
S0915,2024,2,40+,In Progress
S0916,2023,9,40+,At Risk
S0916,2023,9,40+,At Risk
S0916,2023,9,40+,At Risk
S0916,2023,9,40+,At Risk
S0916,2023,9,40+,At Risk
S0916,2023,9,40+,At Risk
S0916,2023,9,40+,At Risk
S0916,2023,9,40+,At Risk
S0916,2023,9,40+,At Risk
S0916,2023,9,40+,At Risk
S0916,2023,9,40+,At Risk
S0917,2024,7,20-30,At Risk
S0917,2024,7,20-30,At Risk
S0917,2024,7,20-30,At Risk
S0917,2024,7,20-30,At Risk
S0917,2024,7,20-30,At Risk
S0917,2024,7,20-30,At Risk
S0917,2024,7,20-30,At Risk
S0917,2024,7,20-30,In Progress
S0917,2024,7,20-30,In Progress
S0917,2024,7,20-30,In Progress
S0917,2024,7,20-30,In Progress
S0917,2024,7,20-30,In Progress
S0917,2024,7,20-30,At Risk
S0917,2024,7,20-30,At Risk
S0918,2024,11,20-30,In Progress
S0918,2024,11,20-30,In Progress
S0918,2024,11,20-30,In Progress
S0918,2024,11,20-30,In Progress
S0918,2024,11,20-30,In Progress
S0918,2024,11,20-30,In Progress
S0918,2024,11,20-30,At Risk
S0918,2024,11,20-30,At Risk
S0918,2024,11,20-30,At Risk
S0918,2024,11,20-30,At Risk
S0918,2024,11,20-30,At Risk
S0918,2024,11,20-30,At Risk
S0918,2024,11,20-30,In Progress
S0918,2024,11,20-30,In Progress
S0919,2024,12,31-40,In Progress
S0919,2024,12,31-40,In Progress
S0919,2024,12,31-40,In Progress
S0919,2024,12,31-40,In Progress
S0919,2024,12,31-40,In Progress
S0919,2024,12,31-40,In Progress
S0920,2024,10,40+,In Progress
S0920,2024,10,40+,In Progress
S0920,2024,10,40+,In Progress
S0920,2024,10,40+,In Progress
S0920,2024,10,40+,In Progress
S0920,2024,10,40+,In Progress
S0920,2024,10,40+,In Progress
S0920,2024,10,40+,At Risk
S0920,2024,10,40+,At Risk
S0920,2024,10,40+,At Risk
S0920,2024,10,40+,At Risk
S0920,2024,10,40+,At Risk
S0920,2024,10,40+,At Risk
S0920,2024,10,40+,At Risk
S0921,2023,3,20-30,At Risk
S0921,2023,3,20-30,At Risk
S0921,2023,3,20-30,In Progress
S0921,2023,3,20-30,In Progress
S0921,2023,3,20-30,In Progress
S0921,2023,3,20-30,At Risk
S0921,2023,3,20-30,At Risk
S0922,2024,1,40+,At Risk
S0922,2024,1,40+,At Risk
S0922,2024,1,40+,At Risk
S0922,2024,1,40+,At Risk
S0923,2024,12,Under 20,In Progress
S0923,2024,12,Under 20,In Progress
S0923,2024,12,Under 20,In Progress
S0923,2024,12,Under 20,In Progress
S0923,2024,12,Under 20,In Progress
S0923,2024,12,Under 20,In Progress
S0923,2024,12,Under 20,In Progress
S0923,2024,12,Under 20,In Progress
S0923,2024,12,Under 20,In Progress
S0924,2025,2,40+,At Risk
S0924,2025,2,40+,At Risk
S0924,2025,2,40+,At Risk
S0924,2025,2,40+,At Risk
S0924,2025,2,40+,At Risk
S0924,2025,2,40+,At Risk
S0924,2025,2,40+,At Risk
S0924,2025,2,40+,At Risk
S0924,2025,2,40+,At Risk
S0924,2025,2,40+,At Risk
S0924,2025,2,40+,At Risk
S0924,2025,2,40+,At Risk
S0925,2025,5,20-30,In Progress
S0925,2025,5,20-30,In Progress
S0925,2025,5,20-30,In Progress
S0925,2025,5,20-30,In Progress
S0925,2025,5,20-30,In Progress
S0925,2025,5,20-30,In Progress
S0925,2025,5,20-30,In Progress
S0925,2025,5,20-30,At Risk
S0925,2025,5,20-30,At Risk
S0925,2025,5,20-30,At Risk
S0925,2025,5,20-30,At Risk
S0925,2025,5,20-30,At Risk
S0925,2025,5,20-30,At Risk
S0926,2023,3,Under 20,At Risk
S0926,2023,3,Under 20,At Risk
S0926,2023,3,Under 20,At Risk
S0926,2023,3,Under 20,At Risk
S0926,2023,3,Under 20,At Risk
S0926,2023,3,Under 20,At Risk
S0926,2023,3,Under 20,At Risk
S0926,2023,3,Under 20,At Risk
S0926,2023,3,Under 20,At Risk
S0926,2023,3,Under 20,In Progress
S0926,2023,3,Under 20,In Progress
S0926,2023,3,Under 20,In Progress
S0926,2023,3,Under 20,In Progress
S0927,2024,2,20-30,In Progress
S0927,2024,2,20-30,In Progress
S0927,2024,2,20-30,At Risk
S0927,2024,2,20-30,At Risk
S0927,2024,2,20-30,At Risk
S0927,2024,2,20-30,At Risk
S0927,2024,2,20-30,At Risk
S0927,2024,2,20-30,At Risk
S0927,2024,2,20-30,At Risk
S0927,2024,2,20-30,In Progress
S0927,2024,2,20-30,In Progress
S0927,2024,2,20-30,In Progress
S0927,2024,2,20-30,At Risk
S0927,2024,2,20-30,At Risk
S0927,2024,2,20-30,At Risk
S0927,2024,2,20-30,At Risk
S0927,2024,2,20-30,At Risk
S0928,2024,7,20-30,In Progress
S0928,2024,7,20-30,In Progress
S0928,2024,7,20-30,In Progress
S0928,2024,7,20-30,In Progress
S0928,2024,7,20-30,At Risk
S0928,2024,7,20-30,At Risk
S0929,2025,5,40+,In Progress
S0929,2025,5,40+,In Progress
S0929,2025,5,40+,In Progress
S0929,2025,5,40+,In Progress
S0929,2025,5,40+,In Progress
S0929,2025,5,40+,In Progress
S0929,2025,5,40+,In Progress
S0929,2025,5,40+,In Progress
S0929,2025,5,40+,In Progress
S0929,2025,5,40+,In Progress
S0929,2025,5,40+,At Risk
S0929,2025,5,40+,At Risk
S0929,2025,5,40+,At Risk
S0929,2025,5,40+,At Risk
S0929,2025,5,40+,At Risk
S0930,2023,6,31-40,At Risk
S0930,2023,6,31-40,At Risk
S0930,2023,6,31-40,At Risk
S0930,2023,6,31-40,In Progress
S0930,2023,6,31-40,In Progress
S0930,2023,6,31-40,In Progress
S0930,2023,6,31-40,In Progress
S0930,2023,6,31-40,In Progress
S0930,2023,6,31-40,In Progress
S0930,2023,6,31-40,At Risk
S0930,2023,6,31-40,At Risk
S0930,2023,6,31-40,At Risk
S0930,2023,6,31-40,At Risk
S0930,2023,6,31-40,At Risk
S0930,2023,6,31-40,At Risk
S0930,2023,6,31-40,At Risk
S0930,2023,6,31-40,At Risk
S0931,2023,12,31-40,In Progress
S0931,2023,12,31-40,In Progress
S0931,2023,12,31-40,In Progress
S0931,2023,12,31-40,At Risk
S0931,2023,12,31-40,At Risk
S0931,2023,12,31-40,At Risk
S0931,2023,12,31-40,At Risk
S0931,2023,12,31-40,At Risk
S0931,2023,12,31-40,At Risk
S0931,2023,12,31-40,At Risk
S0931,2023,12,31-40,At Risk
S0931,2023,12,31-40,At Risk
S0931,2023,12,31-40,In Progress
S0931,2023,12,31-40,In Progress
S0931,2023,12,31-40,In Progress
S0932,2025,2,20-30,In Progress
S0932,2025,2,20-30,In Progress
S0932,2025,2,20-30,Completed
S0932,2025,2,20-30,Completed
S0932,2025,2,20-30,Completed
S0932,2025,2,20-30,Completed
S0932,2025,2,20-30,Completed
S0932,2025,2,20-30,In Progress
S0932,2025,2,20-30,In Progress
S0932,2025,2,20-30,In Progress
S0932,2025,2,20-30,In Progress
S0932,2025,2,20-30,In Progress
S0932,2025,2,20-30,At Risk
S0932,2025,2,20-30,At Risk
S0932,2025,2,20-30,At Risk
S0932,2025,2,20-30,At Risk
S0932,2025,2,20-30,At Risk
S0933,2024,6,40+,At Risk
S0933,2024,6,40+,At Risk
S0933,2024,6,40+,At Risk
S0933,2024,6,40+,At Risk
S0933,2024,6,40+,At Risk
S0933,2024,6,40+,At Risk
S0933,2024,6,40+,At Risk
S0933,2024,6,40+,At Risk
S0933,2024,6,40+,At Risk
S0933,2024,6,40+,At Risk
S0933,2024,6,40+,At Risk
S0933,2024,6,40+,At Risk
S0933,2024,6,40+,At Risk
S0933,2024,6,40+,At Risk
S0933,2024,6,40+,At Risk
S0933,2024,6,40+,At Risk
S0933,2024,6,40+,At Risk
S0933,2024,6,40+,At Risk
S0933,2024,6,40+,At Risk
S0934,2024,6,40+,In Progress
S0934,2024,6,40+,In Progress
S0934,2024,6,40+,In Progress
S0934,2024,6,40+,In Progress
S0934,2024,6,40+,At Risk
S0934,2024,6,40+,At Risk
S0934,2024,6,40+,At Risk
S0934,2024,6,40+,In Progress
S0934,2024,6,40+,In Progress
S0934,2024,6,40+,In Progress
S0934,2024,6,40+,In Progress
S0934,2024,6,40+,In Progress
S0934,2024,6,40+,In Progress
S0934,2024,6,40+,In Progress
S0934,2024,6,40+,In Progress
S0934,2024,6,40+,In Progress
S0934,2024,6,40+,In Progress
S0935,2024,12,31-40,At Risk
S0935,2024,12,31-40,At Risk
S0935,2024,12,31-40,At Risk
S0935,2024,12,31-40,At Risk
S0935,2024,12,31-40,At Risk
S0935,2024,12,31-40,At Risk
S0935,2024,12,31-40,At Risk
S0935,2024,12,31-40,At Risk
S0935,2024,12,31-40,At Risk
S0935,2024,12,31-40,In Progress
S0935,2024,12,31-40,In Progress
S0935,2024,12,31-40,In Progress
S0935,2024,12,31-40,In Progress
S0935,2024,12,31-40,In Progress
S0935,2024,12,31-40,At Risk
S0935,2024,12,31-40,At Risk
S0935,2024,12,31-40,At Risk
S0936,2025,3,40+,At Risk
S0936,2025,3,40+,At Risk
S0936,2025,3,40+,At Risk
S0936,2025,3,40+,At Risk
S0936,2025,3,40+,At Risk
S0936,2025,3,40+,In Progress
S0936,2025,3,40+,In Progress
S0936,2025,3,40+,In Progress
S0936,2025,3,40+,In Progress
S0936,2025,3,40+,In Progress
S0937,2023,1,40+,In Progress
S0937,2023,1,40+,In Progress
S0937,2023,1,40+,In Progress
S0937,2023,1,40+,In Progress
S0937,2023,1,40+,At Risk
S0937,2023,1,40+,At Risk
S0937,2023,1,40+,At Risk
S0937,2023,1,40+,At Risk
S0937,2023,1,40+,At Risk
S0938,2024,11,31-40,In Progress
S0938,2024,11,31-40,In Progress
S0938,2024,11,31-40,In Progress
S0938,2024,11,31-40,In Progress
S0938,2024,11,31-40,In Progress
S0938,2024,11,31-40,In Progress
S0939,2024,12,20-30,In Progress
S0939,2024,12,20-30,In Progress
S0939,2024,12,20-30,In Progress
S0939,2024,12,20-30,In Progress
S0939,2024,12,20-30,At Risk
S0939,2024,12,20-30,At Risk
S0939,2024,12,20-30,At Risk
S0940,2023,8,31-40,At Risk
S0940,2023,8,31-40,At Risk
S0940,2023,8,31-40,At Risk
S0940,2023,8,31-40,At Risk
S0940,2023,8,31-40,At Risk
S0940,2023,8,31-40,At Risk
S0940,2023,8,31-40,At Risk
S0940,2023,8,31-40,At Risk
S0940,2023,8,31-40,At Risk
S0940,2023,8,31-40,At Risk
S0941,2025,2,20-30,At Risk
S0941,2025,2,20-30,At Risk
S0941,2025,2,20-30,At Risk
S0941,2025,2,20-30,At Risk
S0941,2025,2,20-30,At Risk
S0941,2025,2,20-30,At Risk
S0941,2025,2,20-30,At Risk
S0941,2025,2,20-30,At Risk
S0941,2025,2,20-30,At Risk
S0941,2025,2,20-30,At Risk
S0941,2025,2,20-30,In Progress
S0941,2025,2,20-30,In Progress
S0941,2025,2,20-30,In Progress
S0941,2025,2,20-30,In Progress
S0941,2025,2,20-30,At Risk
S0941,2025,2,20-30,At Risk
S0941,2025,2,20-30,At Risk
S0941,2025,2,20-30,At Risk
S0941,2025,2,20-30,At Risk
S0941,2025,2,20-30,At Risk
S0942,2023,12,20-30,In Progress
S0942,2023,12,20-30,In Progress
S0942,2023,12,20-30,In Progress
S0942,2023,12,20-30,In Progress
S0942,2023,12,20-30,In Progress
S0942,2023,12,20-30,In Progress
S0942,2023,12,20-30,In Progress
S0942,2023,12,20-30,In Progress
S0942,2023,12,20-30,In Progress
S0942,2023,12,20-30,At Risk
S0942,2023,12,20-30,At Risk
S0942,2023,12,20-30,At Risk
S0943,2024,11,20-30,In Progress
S0943,2024,11,20-30,In Progress
S0943,2024,11,20-30,In Progress
S0943,2024,11,20-30,In Progress
S0943,2024,11,20-30,In Progress
S0943,2024,11,20-30,At Risk
S0943,2024,11,20-30,At Risk
S0943,2024,11,20-30,At Risk
S0943,2024,11,20-30,At Risk
S0943,2024,11,20-30,At Risk
S0943,2024,11,20-30,In Progress
S0943,2024,11,20-30,In Progress
S0943,2024,11,20-30,In Progress
S0943,2024,11,20-30,In Progress
S0943,2024,11,20-30,In Progress
S0943,2024,11,20-30,At Risk
S0943,2024,11,20-30,At Risk
S0943,2024,11,20-30,In Progress
S0943,2024,11,20-30,In Progress
S0944,2023,3,40+,In Progress
S0944,2023,3,40+,In Progress
S0944,2023,3,40+,In Progress
S0944,2023,3,40+,At Risk
S0944,2023,3,40+,At Risk
S0944,2023,3,40+,At Risk
S0944,2023,3,40+,At Risk
S0945,2025,6,31-40,At Risk
S0945,2025,6,31-40,At Risk
S0945,2025,6,31-40,At Risk
S0945,2025,6,31-40,At Risk
S0945,2025,6,31-40,In Progress
S0945,2025,6,31-40,In Progress
S0945,2025,6,31-40,In Progress
S0945,2025,6,31-40,In Progress
S0945,2025,6,31-40,In Progress
S0945,2025,6,31-40,In Progress
S0946,2025,1,40+,In Progress
S0946,2025,1,40+,In Progress
S0946,2025,1,40+,At Risk
S0946,2025,1,40+,At Risk
S0946,2025,1,40+,At Risk
S0946,2025,1,40+,At Risk
S0946,2025,1,40+,In Progress
S0946,2025,1,40+,In Progress
S0946,2025,1,40+,In Progress
S0946,2025,1,40+,In Progress
S0946,2025,1,40+,In Progress
S0946,2025,1,40+,At Risk
S0946,2025,1,40+,At Risk
S0946,2025,1,40+,At Risk
S0946,2025,1,40+,At Risk
S0946,2025,1,40+,At Risk
S0946,2025,1,40+,At Risk
S0946,2025,1,40+,At Risk
S0946,2025,1,40+,At Risk
S0946,2025,1,40+,At Risk
S0947,2023,7,40+,In Progress
S0947,2023,7,40+,In Progress
S0947,2023,7,40+,At Risk
S0947,2023,7,40+,At Risk
S0947,2023,7,40+,At Risk
S0947,2023,7,40+,In Progress
S0947,2023,7,40+,In Progress
S0948,2024,2,20-30,At Risk
S0948,2024,2,20-30,At Risk
S0948,2024,2,20-30,At Risk
S0948,2024,2,20-30,In Progress
S0948,2024,2,20-30,In Progress
S0948,2024,2,20-30,In Progress
S0948,2024,2,20-30,In Progress
S0948,2024,2,20-30,In Progress
S0948,2024,2,20-30,In Progress
S0948,2024,2,20-30,At Risk
S0948,2024,2,20-30,At Risk
S0949,2023,4,Under 20,In Progress
S0949,2023,4,Under 20,In Progress
S0949,2023,4,Under 20,In Progress
S0949,2023,4,Under 20,In Progress
S0949,2023,4,Under 20,In Progress
S0949,2023,4,Under 20,In Progress
S0949,2023,4,Under 20,At Risk
S0949,2023,4,Under 20,At Risk
S0949,2023,4,Under 20,At Risk
S0949,2023,4,Under 20,At Risk
S0949,2023,4,Under 20,At Risk
S0949,2023,4,Under 20,At Risk
S0949,2023,4,Under 20,At Risk
S0949,2023,4,Under 20,At Risk
S0950,2024,1,40+,In Progress
S0950,2024,1,40+,In Progress
S0950,2024,1,40+,In Progress
S0950,2024,1,40+,In Progress
S0950,2024,1,40+,In Progress
S0950,2024,1,40+,In Progress
